--
-- PostgreSQL database dump
--

-- Dumped from database version 13.16 (Debian 13.16-0+deb11u1)
-- Dumped by pg_dump version 13.16 (Debian 13.16-0+deb11u1)

SET statement_timeout = 0;
SET lock_timeout = 0;
SET idle_in_transaction_session_timeout = 0;
SET client_encoding = 'UTF8';
SET standard_conforming_strings = on;
SELECT pg_catalog.set_config('search_path', '', false);
SET check_function_bodies = false;
SET xmloption = content;
SET client_min_messages = warning;
SET row_security = off;

SET default_tablespace = '';

SET default_table_access_method = heap;

--
-- Name: Compras_compra; Type: TABLE; Schema: public; Owner: unicatech
--

CREATE TABLE public."Compras_compra" (
    id bigint NOT NULL,
    criados date NOT NULL,
    modificado date NOT NULL,
    ativo boolean NOT NULL,
    "identificadorCompra" integer NOT NULL,
    "quantidadeProduto" integer NOT NULL,
    "precoProduto" double precision NOT NULL,
    frete double precision NOT NULL,
    descricao character varying(200) NOT NULL,
    conta_id bigint NOT NULL,
    fornecedor_id bigint NOT NULL,
    "idLocalizacao_id" integer NOT NULL,
    produto_id bigint NOT NULL,
    "valorDolarMedio" double precision NOT NULL
);


ALTER TABLE public."Compras_compra" OWNER TO unicatech;

--
-- Name: Compras_compra_id_seq; Type: SEQUENCE; Schema: public; Owner: unicatech
--

ALTER TABLE public."Compras_compra" ALTER COLUMN id ADD GENERATED BY DEFAULT AS IDENTITY (
    SEQUENCE NAME public."Compras_compra_id_seq"
    START WITH 1
    INCREMENT BY 1
    NO MINVALUE
    NO MAXVALUE
    CACHE 1
);


--
-- Name: Compras_deslocamento; Type: TABLE; Schema: public; Owner: unicatech
--

CREATE TABLE public."Compras_deslocamento" (
    id bigint NOT NULL,
    criados date NOT NULL,
    modificado date NOT NULL,
    ativo boolean NOT NULL,
    origem integer,
    destino integer,
    frete double precision NOT NULL,
    "identificadorCompra" integer NOT NULL,
    "idMovimentacaoConta" integer
);


ALTER TABLE public."Compras_deslocamento" OWNER TO unicatech;

--
-- Name: Compras_deslocamento_id_seq; Type: SEQUENCE; Schema: public; Owner: unicatech
--

ALTER TABLE public."Compras_deslocamento" ALTER COLUMN id ADD GENERATED BY DEFAULT AS IDENTITY (
    SEQUENCE NAME public."Compras_deslocamento_id_seq"
    START WITH 1
    INCREMENT BY 1
    NO MINVALUE
    NO MAXVALUE
    CACHE 1
);


--
-- Name: Compras_fornecedor; Type: TABLE; Schema: public; Owner: unicatech
--

CREATE TABLE public."Compras_fornecedor" (
    id bigint NOT NULL,
    criados date NOT NULL,
    modificado date NOT NULL,
    ativo boolean NOT NULL,
    "nomeFornecedor" character varying(200) NOT NULL,
    "localizacaoCompra_id" integer NOT NULL
);


ALTER TABLE public."Compras_fornecedor" OWNER TO unicatech;

--
-- Name: Compras_fornecedor_id_seq; Type: SEQUENCE; Schema: public; Owner: unicatech
--

ALTER TABLE public."Compras_fornecedor" ALTER COLUMN id ADD GENERATED BY DEFAULT AS IDENTITY (
    SEQUENCE NAME public."Compras_fornecedor_id_seq"
    START WITH 1
    INCREMENT BY 1
    NO MINVALUE
    NO MAXVALUE
    CACHE 1
);


--
-- Name: Compras_localizacaocompra; Type: TABLE; Schema: public; Owner: unicatech
--

CREATE TABLE public."Compras_localizacaocompra" (
    id integer NOT NULL,
    criados date NOT NULL,
    modificado date NOT NULL,
    ativo boolean NOT NULL,
    "localizacaoCompra" character varying(200) NOT NULL
);


ALTER TABLE public."Compras_localizacaocompra" OWNER TO unicatech;

--
-- Name: Compras_localizacaocompra_id_seq; Type: SEQUENCE; Schema: public; Owner: unicatech
--

ALTER TABLE public."Compras_localizacaocompra" ALTER COLUMN id ADD GENERATED BY DEFAULT AS IDENTITY (
    SEQUENCE NAME public."Compras_localizacaocompra_id_seq"
    START WITH 1
    INCREMENT BY 1
    NO MINVALUE
    NO MAXVALUE
    CACHE 1
);


--
-- Name: Contas_cartao; Type: TABLE; Schema: public; Owner: unicatech
--

CREATE TABLE public."Contas_cartao" (
    id bigint NOT NULL,
    criados date NOT NULL,
    modificado date NOT NULL,
    ativo boolean NOT NULL,
    cartao integer,
    taxa_cartao1 double precision NOT NULL,
    taxa_cartao2 double precision NOT NULL,
    taxa_cartao3 double precision NOT NULL,
    taxa_cartao4 double precision NOT NULL,
    taxa_cartao5 double precision NOT NULL,
    taxa_cartao6 double precision NOT NULL,
    taxa_cartao7 double precision NOT NULL,
    taxa_cartao8 double precision NOT NULL,
    taxa_cartao9 double precision NOT NULL,
    taxa_cartao10 double precision NOT NULL,
    taxa_cartao11 double precision NOT NULL,
    taxa_cartao12 double precision NOT NULL,
    taxa_cartao13 double precision NOT NULL,
    taxa_cartao14 double precision NOT NULL,
    taxa_cartao15 double precision NOT NULL,
    taxa_cartao16 double precision NOT NULL,
    taxa_cartao17 double precision NOT NULL,
    taxa_cartao18 double precision NOT NULL,
    taxa_debito double precision NOT NULL
);


ALTER TABLE public."Contas_cartao" OWNER TO unicatech;

--
-- Name: Contas_cartao_id_seq; Type: SEQUENCE; Schema: public; Owner: unicatech
--

ALTER TABLE public."Contas_cartao" ALTER COLUMN id ADD GENERATED BY DEFAULT AS IDENTITY (
    SEQUENCE NAME public."Contas_cartao_id_seq"
    START WITH 1
    INCREMENT BY 1
    NO MINVALUE
    NO MAXVALUE
    CACHE 1
);


--
-- Name: Contas_categoriaconta; Type: TABLE; Schema: public; Owner: unicatech
--

CREATE TABLE public."Contas_categoriaconta" (
    id bigint NOT NULL,
    criados date NOT NULL,
    modificado date NOT NULL,
    ativo boolean NOT NULL,
    categoria character varying(200) NOT NULL
);


ALTER TABLE public."Contas_categoriaconta" OWNER TO unicatech;

--
-- Name: Contas_categoriaconta_id_seq; Type: SEQUENCE; Schema: public; Owner: unicatech
--

ALTER TABLE public."Contas_categoriaconta" ALTER COLUMN id ADD GENERATED BY DEFAULT AS IDENTITY (
    SEQUENCE NAME public."Contas_categoriaconta_id_seq"
    START WITH 1
    INCREMENT BY 1
    NO MINVALUE
    NO MAXVALUE
    CACHE 1
);


--
-- Name: Contas_conta; Type: TABLE; Schema: public; Owner: unicatech
--

CREATE TABLE public."Contas_conta" (
    id bigint NOT NULL,
    criados date NOT NULL,
    modificado date NOT NULL,
    ativo boolean NOT NULL,
    "nomeConta" character varying(100) NOT NULL,
    categoria_id bigint NOT NULL,
    taxas double precision NOT NULL,
    descricao character varying(200) NOT NULL,
    cartao integer,
    valor_dolar_medio double precision NOT NULL,
    taxa_wire double precision NOT NULL
);


ALTER TABLE public."Contas_conta" OWNER TO unicatech;

--
-- Name: Contas_conta_id_seq; Type: SEQUENCE; Schema: public; Owner: unicatech
--

ALTER TABLE public."Contas_conta" ALTER COLUMN id ADD GENERATED BY DEFAULT AS IDENTITY (
    SEQUENCE NAME public."Contas_conta_id_seq"
    START WITH 1
    INCREMENT BY 1
    NO MINVALUE
    NO MAXVALUE
    CACHE 1
);


--
-- Name: Contas_movimentacaoconta; Type: TABLE; Schema: public; Owner: unicatech
--

CREATE TABLE public."Contas_movimentacaoconta" (
    id bigint NOT NULL,
    criados date NOT NULL,
    modificado date NOT NULL,
    ativo boolean NOT NULL,
    "contaCredito_id" bigint,
    "contaDebito" integer NOT NULL,
    "valorCredito" double precision NOT NULL,
    "valorDebito" double precision NOT NULL,
    "identificadorCompra" integer NOT NULL,
    "identificadorVenda" integer NOT NULL,
    descricao character varying(200) NOT NULL,
    "cotacaoDolar" double precision NOT NULL,
    "identificadorDolar" boolean NOT NULL
);


ALTER TABLE public."Contas_movimentacaoconta" OWNER TO unicatech;

--
-- Name: Contas_movimentacaoconta_id_seq; Type: SEQUENCE; Schema: public; Owner: unicatech
--

ALTER TABLE public."Contas_movimentacaoconta" ALTER COLUMN id ADD GENERATED BY DEFAULT AS IDENTITY (
    SEQUENCE NAME public."Contas_movimentacaoconta_id_seq"
    START WITH 1
    INCREMENT BY 1
    NO MINVALUE
    NO MAXVALUE
    CACHE 1
);


--
-- Name: Contas_recebimentocartao; Type: TABLE; Schema: public; Owner: unicatech
--

CREATE TABLE public."Contas_recebimentocartao" (
    id bigint NOT NULL,
    criados date NOT NULL,
    modificado date NOT NULL,
    ativo boolean NOT NULL,
    valor double precision NOT NULL,
    parcelas integer NOT NULL,
    bandeira character varying(200) NOT NULL,
    identificador_venda integer NOT NULL,
    conta_cartao_id bigint,
    valor_liquido double precision NOT NULL
);


ALTER TABLE public."Contas_recebimentocartao" OWNER TO unicatech;

--
-- Name: Contas_recebimentocartao_id_seq; Type: SEQUENCE; Schema: public; Owner: unicatech
--

ALTER TABLE public."Contas_recebimentocartao" ALTER COLUMN id ADD GENERATED BY DEFAULT AS IDENTITY (
    SEQUENCE NAME public."Contas_recebimentocartao_id_seq"
    START WITH 1
    INCREMENT BY 1
    NO MINVALUE
    NO MAXVALUE
    CACHE 1
);


--
-- Name: Despesas_cadastrodespesa; Type: TABLE; Schema: public; Owner: unicatech
--

CREATE TABLE public."Despesas_cadastrodespesa" (
    id bigint NOT NULL,
    criados date NOT NULL,
    modificado date NOT NULL,
    ativo boolean NOT NULL,
    nome_despesa character varying(200) NOT NULL,
    periodicidade integer NOT NULL,
    valor double precision NOT NULL,
    conta_debito_id bigint NOT NULL
);


ALTER TABLE public."Despesas_cadastrodespesa" OWNER TO unicatech;

--
-- Name: Despesas_despesa; Type: TABLE; Schema: public; Owner: unicatech
--

CREATE TABLE public."Despesas_despesa" (
    id bigint NOT NULL,
    criados date NOT NULL,
    modificado date NOT NULL,
    ativo boolean NOT NULL,
    despesa_id bigint NOT NULL,
    movimentacao_id bigint NOT NULL
);


ALTER TABLE public."Despesas_despesa" OWNER TO unicatech;

--
-- Name: Despesas_despesa_id_seq; Type: SEQUENCE; Schema: public; Owner: unicatech
--

ALTER TABLE public."Despesas_cadastrodespesa" ALTER COLUMN id ADD GENERATED BY DEFAULT AS IDENTITY (
    SEQUENCE NAME public."Despesas_despesa_id_seq"
    START WITH 1
    INCREMENT BY 1
    NO MINVALUE
    NO MAXVALUE
    CACHE 1
);


--
-- Name: Despesas_despesas_id_seq; Type: SEQUENCE; Schema: public; Owner: unicatech
--

ALTER TABLE public."Despesas_despesa" ALTER COLUMN id ADD GENERATED BY DEFAULT AS IDENTITY (
    SEQUENCE NAME public."Despesas_despesas_id_seq"
    START WITH 1
    INCREMENT BY 1
    NO MINVALUE
    NO MAXVALUE
    CACHE 1
);


--
-- Name: Produtos_categoriaproduto; Type: TABLE; Schema: public; Owner: unicatech
--

CREATE TABLE public."Produtos_categoriaproduto" (
    id bigint NOT NULL,
    criados date NOT NULL,
    modificado date NOT NULL,
    ativo boolean NOT NULL,
    categoria character varying(20) NOT NULL
);


ALTER TABLE public."Produtos_categoriaproduto" OWNER TO unicatech;

--
-- Name: Produtos_categoriaproduto_id_seq; Type: SEQUENCE; Schema: public; Owner: unicatech
--

ALTER TABLE public."Produtos_categoriaproduto" ALTER COLUMN id ADD GENERATED BY DEFAULT AS IDENTITY (
    SEQUENCE NAME public."Produtos_categoriaproduto_id_seq"
    START WITH 1
    INCREMENT BY 1
    NO MINVALUE
    NO MAXVALUE
    CACHE 1
);


--
-- Name: Produtos_produto; Type: TABLE; Schema: public; Owner: unicatech
--

CREATE TABLE public."Produtos_produto" (
    id bigint NOT NULL,
    criados date NOT NULL,
    modificado date NOT NULL,
    ativo boolean NOT NULL,
    "SKU" character varying(10) NOT NULL,
    "NomeProduto" character varying(100) NOT NULL,
    estoque integer NOT NULL,
    categoria_id bigint NOT NULL
);


ALTER TABLE public."Produtos_produto" OWNER TO unicatech;

--
-- Name: Produtos_produto_id_seq; Type: SEQUENCE; Schema: public; Owner: unicatech
--

ALTER TABLE public."Produtos_produto" ALTER COLUMN id ADD GENERATED BY DEFAULT AS IDENTITY (
    SEQUENCE NAME public."Produtos_produto_id_seq"
    START WITH 1
    INCREMENT BY 1
    NO MINVALUE
    NO MAXVALUE
    CACHE 1
);


--
-- Name: Vendas_cliente; Type: TABLE; Schema: public; Owner: unicatech
--

CREATE TABLE public."Vendas_cliente" (
    id bigint NOT NULL,
    criados date NOT NULL,
    modificado date NOT NULL,
    ativo boolean NOT NULL,
    "nomeCliente" character varying(200) NOT NULL
);


ALTER TABLE public."Vendas_cliente" OWNER TO unicatech;

--
-- Name: Vendas_cliente_id_seq; Type: SEQUENCE; Schema: public; Owner: unicatech
--

ALTER TABLE public."Vendas_cliente" ALTER COLUMN id ADD GENERATED BY DEFAULT AS IDENTITY (
    SEQUENCE NAME public."Vendas_cliente_id_seq"
    START WITH 1
    INCREMENT BY 1
    NO MINVALUE
    NO MAXVALUE
    CACHE 1
);


--
-- Name: Vendas_venda; Type: TABLE; Schema: public; Owner: unicatech
--

CREATE TABLE public."Vendas_venda" (
    id bigint NOT NULL,
    criados date NOT NULL,
    modificado date NOT NULL,
    ativo boolean NOT NULL,
    "identificadorVenda" integer NOT NULL,
    "quantidadeProduto" double precision NOT NULL,
    "precoProduto" double precision NOT NULL,
    descricao character varying(200) NOT NULL,
    produto_id bigint NOT NULL,
    cliente_id bigint NOT NULL,
    lucro double precision NOT NULL
);


ALTER TABLE public."Vendas_venda" OWNER TO unicatech;

--
-- Name: Vendas_venda_id_seq; Type: SEQUENCE; Schema: public; Owner: unicatech
--

ALTER TABLE public."Vendas_venda" ALTER COLUMN id ADD GENERATED BY DEFAULT AS IDENTITY (
    SEQUENCE NAME public."Vendas_venda_id_seq"
    START WITH 1
    INCREMENT BY 1
    NO MINVALUE
    NO MAXVALUE
    CACHE 1
);


--
-- Name: auth_group; Type: TABLE; Schema: public; Owner: unicatech
--

CREATE TABLE public.auth_group (
    id integer NOT NULL,
    name character varying(150) NOT NULL
);


ALTER TABLE public.auth_group OWNER TO unicatech;

--
-- Name: auth_group_id_seq; Type: SEQUENCE; Schema: public; Owner: unicatech
--

ALTER TABLE public.auth_group ALTER COLUMN id ADD GENERATED BY DEFAULT AS IDENTITY (
    SEQUENCE NAME public.auth_group_id_seq
    START WITH 1
    INCREMENT BY 1
    NO MINVALUE
    NO MAXVALUE
    CACHE 1
);


--
-- Name: auth_group_permissions; Type: TABLE; Schema: public; Owner: unicatech
--

CREATE TABLE public.auth_group_permissions (
    id bigint NOT NULL,
    group_id integer NOT NULL,
    permission_id integer NOT NULL
);


ALTER TABLE public.auth_group_permissions OWNER TO unicatech;

--
-- Name: auth_group_permissions_id_seq; Type: SEQUENCE; Schema: public; Owner: unicatech
--

ALTER TABLE public.auth_group_permissions ALTER COLUMN id ADD GENERATED BY DEFAULT AS IDENTITY (
    SEQUENCE NAME public.auth_group_permissions_id_seq
    START WITH 1
    INCREMENT BY 1
    NO MINVALUE
    NO MAXVALUE
    CACHE 1
);


--
-- Name: auth_permission; Type: TABLE; Schema: public; Owner: unicatech
--

CREATE TABLE public.auth_permission (
    id integer NOT NULL,
    name character varying(255) NOT NULL,
    content_type_id integer NOT NULL,
    codename character varying(100) NOT NULL
);


ALTER TABLE public.auth_permission OWNER TO unicatech;

--
-- Name: auth_permission_id_seq; Type: SEQUENCE; Schema: public; Owner: unicatech
--

ALTER TABLE public.auth_permission ALTER COLUMN id ADD GENERATED BY DEFAULT AS IDENTITY (
    SEQUENCE NAME public.auth_permission_id_seq
    START WITH 1
    INCREMENT BY 1
    NO MINVALUE
    NO MAXVALUE
    CACHE 1
);


--
-- Name: auth_user; Type: TABLE; Schema: public; Owner: unicatech
--

CREATE TABLE public.auth_user (
    id integer NOT NULL,
    password character varying(128) NOT NULL,
    last_login timestamp with time zone,
    is_superuser boolean NOT NULL,
    username character varying(150) NOT NULL,
    first_name character varying(150) NOT NULL,
    last_name character varying(150) NOT NULL,
    email character varying(254) NOT NULL,
    is_staff boolean NOT NULL,
    is_active boolean NOT NULL,
    date_joined timestamp with time zone NOT NULL
);


ALTER TABLE public.auth_user OWNER TO unicatech;

--
-- Name: auth_user_groups; Type: TABLE; Schema: public; Owner: unicatech
--

CREATE TABLE public.auth_user_groups (
    id bigint NOT NULL,
    user_id integer NOT NULL,
    group_id integer NOT NULL
);


ALTER TABLE public.auth_user_groups OWNER TO unicatech;

--
-- Name: auth_user_groups_id_seq; Type: SEQUENCE; Schema: public; Owner: unicatech
--

ALTER TABLE public.auth_user_groups ALTER COLUMN id ADD GENERATED BY DEFAULT AS IDENTITY (
    SEQUENCE NAME public.auth_user_groups_id_seq
    START WITH 1
    INCREMENT BY 1
    NO MINVALUE
    NO MAXVALUE
    CACHE 1
);


--
-- Name: auth_user_id_seq; Type: SEQUENCE; Schema: public; Owner: unicatech
--

ALTER TABLE public.auth_user ALTER COLUMN id ADD GENERATED BY DEFAULT AS IDENTITY (
    SEQUENCE NAME public.auth_user_id_seq
    START WITH 1
    INCREMENT BY 1
    NO MINVALUE
    NO MAXVALUE
    CACHE 1
);


--
-- Name: auth_user_user_permissions; Type: TABLE; Schema: public; Owner: unicatech
--

CREATE TABLE public.auth_user_user_permissions (
    id bigint NOT NULL,
    user_id integer NOT NULL,
    permission_id integer NOT NULL
);


ALTER TABLE public.auth_user_user_permissions OWNER TO unicatech;

--
-- Name: auth_user_user_permissions_id_seq; Type: SEQUENCE; Schema: public; Owner: unicatech
--

ALTER TABLE public.auth_user_user_permissions ALTER COLUMN id ADD GENERATED BY DEFAULT AS IDENTITY (
    SEQUENCE NAME public.auth_user_user_permissions_id_seq
    START WITH 1
    INCREMENT BY 1
    NO MINVALUE
    NO MAXVALUE
    CACHE 1
);


--
-- Name: django_admin_log; Type: TABLE; Schema: public; Owner: unicatech
--

CREATE TABLE public.django_admin_log (
    id integer NOT NULL,
    action_time timestamp with time zone NOT NULL,
    object_id text,
    object_repr character varying(200) NOT NULL,
    action_flag smallint NOT NULL,
    change_message text NOT NULL,
    content_type_id integer,
    user_id integer NOT NULL,
    CONSTRAINT django_admin_log_action_flag_check CHECK ((action_flag >= 0))
);


ALTER TABLE public.django_admin_log OWNER TO unicatech;

--
-- Name: django_admin_log_id_seq; Type: SEQUENCE; Schema: public; Owner: unicatech
--

ALTER TABLE public.django_admin_log ALTER COLUMN id ADD GENERATED BY DEFAULT AS IDENTITY (
    SEQUENCE NAME public.django_admin_log_id_seq
    START WITH 1
    INCREMENT BY 1
    NO MINVALUE
    NO MAXVALUE
    CACHE 1
);


--
-- Name: django_content_type; Type: TABLE; Schema: public; Owner: unicatech
--

CREATE TABLE public.django_content_type (
    id integer NOT NULL,
    app_label character varying(100) NOT NULL,
    model character varying(100) NOT NULL
);


ALTER TABLE public.django_content_type OWNER TO unicatech;

--
-- Name: django_content_type_id_seq; Type: SEQUENCE; Schema: public; Owner: unicatech
--

ALTER TABLE public.django_content_type ALTER COLUMN id ADD GENERATED BY DEFAULT AS IDENTITY (
    SEQUENCE NAME public.django_content_type_id_seq
    START WITH 1
    INCREMENT BY 1
    NO MINVALUE
    NO MAXVALUE
    CACHE 1
);


--
-- Name: django_migrations; Type: TABLE; Schema: public; Owner: unicatech
--

CREATE TABLE public.django_migrations (
    id bigint NOT NULL,
    app character varying(255) NOT NULL,
    name character varying(255) NOT NULL,
    applied timestamp with time zone NOT NULL
);


ALTER TABLE public.django_migrations OWNER TO unicatech;

--
-- Name: django_migrations_id_seq; Type: SEQUENCE; Schema: public; Owner: unicatech
--

ALTER TABLE public.django_migrations ALTER COLUMN id ADD GENERATED BY DEFAULT AS IDENTITY (
    SEQUENCE NAME public.django_migrations_id_seq
    START WITH 1
    INCREMENT BY 1
    NO MINVALUE
    NO MAXVALUE
    CACHE 1
);


--
-- Name: django_session; Type: TABLE; Schema: public; Owner: unicatech
--

CREATE TABLE public.django_session (
    session_key character varying(40) NOT NULL,
    session_data text NOT NULL,
    expire_date timestamp with time zone NOT NULL
);


ALTER TABLE public.django_session OWNER TO unicatech;

--
-- Data for Name: Compras_compra; Type: TABLE DATA; Schema: public; Owner: unicatech
--

COPY public."Compras_compra" (id, criados, modificado, ativo, "identificadorCompra", "quantidadeProduto", "precoProduto", frete, descricao, conta_id, fornecedor_id, "idLocalizacao_id", produto_id, "valorDolarMedio") FROM stdin;
100	2023-10-30	2023-10-30	f	1	6	348	135	[]	16	1	4	5	4.908
101	2023-10-30	2023-10-30	f	1	4	342	135	[]	16	1	4	6	4.908
103	2023-10-30	2023-10-30	f	1	4	418	135	[]	16	1	4	8	4.908
104	2023-10-30	2023-10-30	f	1	3	379	135	[]	16	1	4	9	4.908
105	2023-10-30	2023-10-30	f	1	5	605	135	[]	16	1	4	10	4.908
106	2023-10-30	2023-10-30	f	1	2	645	135	[]	16	1	4	11	4.908
107	2023-10-30	2023-10-30	f	1	4	499	135	[]	16	1	4	12	4.908
108	2023-10-30	2023-10-30	f	1	2	499	135	[]	16	1	4	13	4.908
109	2023-10-30	2023-10-30	f	1	1	760	135	[]	16	1	4	14	4.908
110	2023-10-30	2023-10-30	f	1	1	760	135	[]	16	1	4	17	4.908
111	2023-10-30	2023-10-30	f	1	5	172	135	[]	16	1	4	15	4.908
112	2023-10-30	2023-10-30	f	1	5	218	135	[]	16	1	4	16	4.908
113	2023-10-30	2023-10-30	f	1	6	343	135	[]	16	1	4	5	4.908
114	2023-10-30	2023-10-30	f	1	4	338	135	[]	16	1	4	6	4.908
116	2023-10-30	2023-10-30	f	1	4	413	135	[]	16	1	4	8	4.908
117	2023-10-30	2023-10-30	f	1	3	374	135	[]	16	1	4	9	4.908
139	2023-10-30	2023-11-04	f	1	6	343	135	[]	16	1	4	5	4.908
140	2023-10-30	2023-11-04	f	1	4	338	135	[]	16	1	4	6	4.908
142	2023-10-30	2023-11-04	f	1	4	413	135	[]	16	1	4	8	4.908
143	2023-10-30	2023-11-04	f	1	3	374	135	[]	16	1	4	9	4.908
144	2023-10-30	2023-11-04	f	1	5	600	135	[]	16	1	4	10	4.908
145	2023-10-30	2023-11-04	f	1	2	640	135	[]	16	1	4	11	4.908
146	2023-10-30	2023-11-04	f	1	4	495	135	[]	16	1	4	12	4.908
147	2023-10-30	2023-11-04	f	1	2	495	135	[]	16	1	4	13	4.908
148	2023-10-30	2023-11-04	f	1	1	755	135	[]	16	1	4	14	4.908
149	2023-10-30	2023-11-04	f	1	1	755	135	[]	16	1	4	17	4.908
150	2023-10-30	2023-11-04	f	1	5	167	135	[]	16	1	4	15	4.908
151	2023-10-30	2023-11-04	f	1	5	213	135	[]	16	1	4	16	4.908
152	2023-10-30	2023-11-04	f	1	6	343	135	[]	16	1	4	5	4.908
153	2023-10-30	2023-11-04	f	1	4	338	135	[]	16	1	4	6	4.908
155	2023-10-30	2023-11-04	f	1	4	413	135	[]	16	1	4	8	4.908
156	2023-10-30	2023-11-04	f	1	3	374	135	[]	16	1	4	9	4.908
157	2023-10-30	2023-11-04	f	1	5	600	135	[]	16	1	4	10	4.908
158	2023-10-30	2023-11-04	f	1	2	640	135	[]	16	1	4	11	4.908
159	2023-10-30	2023-11-04	f	1	4	495	135	[]	16	1	4	12	4.908
160	2023-10-30	2023-11-04	f	1	2	495	135	[]	16	1	4	13	4.908
161	2023-10-30	2023-11-04	f	1	1	755	135	[]	16	1	4	14	4.908
162	2023-10-30	2023-11-04	f	1	1	755	135	[]	16	1	4	17	4.908
163	2023-10-30	2023-11-04	f	1	5	167	135	[]	16	1	4	15	4.908
164	2023-10-30	2023-11-04	f	1	5	213	135	[]	16	1	4	16	4.908
165	2023-10-30	2023-11-04	f	1	7	343	135	[]	16	1	4	5	4.908
166	2023-10-30	2023-11-04	f	1	4	338	135	[]	16	1	4	6	4.908
118	2023-10-30	2023-10-30	f	1	5	600	135	[]	16	1	4	10	4.908
119	2023-10-30	2023-10-30	f	1	2	640	135	[]	16	1	4	11	4.908
120	2023-10-30	2023-10-30	f	1	4	495	135	[]	16	1	4	12	4.908
121	2023-10-30	2023-10-30	f	1	2	495	135	[]	16	1	4	13	4.908
122	2023-10-30	2023-10-30	f	1	1	755	135	[]	16	1	4	14	4.908
123	2023-10-30	2023-10-30	f	1	1	755	135	[]	16	1	4	17	4.908
124	2023-10-30	2023-10-30	f	1	5	167	135	[]	16	1	4	15	4.908
125	2023-10-30	2023-10-30	f	1	5	213	135	[]	16	1	4	16	4.908
126	2023-10-30	2023-10-31	f	1	6	343	135	[]	16	1	4	5	4.908
127	2023-10-30	2023-10-31	f	1	4	338	135	[]	16	1	4	6	4.908
129	2023-10-30	2023-10-31	f	1	4	413	135	[]	16	1	4	8	4.908
130	2023-10-30	2023-10-31	f	1	3	374	135	[]	16	1	4	9	4.908
131	2023-10-30	2023-10-31	f	1	5	600	135	[]	16	1	4	10	4.908
132	2023-10-30	2023-10-31	f	1	2	640	135	[]	16	1	4	11	4.908
133	2023-10-30	2023-10-31	f	1	4	495	135	[]	16	1	4	12	4.908
134	2023-10-30	2023-10-31	f	1	2	495	135	[]	16	1	4	13	4.908
135	2023-10-30	2023-10-31	f	1	1	755	135	[]	16	1	4	14	4.908
136	2023-10-30	2023-10-31	f	1	1	755	135	[]	16	1	4	17	4.908
137	2023-10-30	2023-10-31	f	1	5	167	135	[]	16	1	4	15	4.908
138	2023-10-30	2023-10-31	f	1	5	213	135	[]	16	1	4	16	4.908
168	2023-10-30	2023-11-04	f	1	4	413	135	[]	16	1	4	8	4.908
169	2023-10-30	2023-11-04	f	1	3	374	135	[]	16	1	4	9	4.908
170	2023-10-30	2023-11-04	f	1	5	600	135	[]	16	1	4	10	4.908
171	2023-10-30	2023-11-04	f	1	2	640	135	[]	16	1	4	11	4.908
172	2023-10-30	2023-11-04	f	1	4	495	135	[]	16	1	4	12	4.908
173	2023-10-30	2023-11-04	f	1	2	495	135	[]	16	1	4	13	4.908
174	2023-10-30	2023-11-04	f	1	1	755	135	[]	16	1	4	14	4.908
175	2023-10-30	2023-11-04	f	1	1	755	135	[]	16	1	4	17	4.908
176	2023-10-30	2023-11-04	f	1	5	167	135	[]	16	1	4	15	4.908
177	2023-10-30	2023-11-04	f	1	5	213	135	[]	16	1	4	16	4.908
178	2023-10-30	2023-11-04	t	1	6	343	135	[]	16	1	4	5	4.908
179	2023-10-30	2023-11-04	t	1	4	338	135	[]	16	1	4	6	4.908
181	2023-10-30	2023-11-04	t	1	4	413	135	[]	16	1	4	8	4.908
182	2023-10-30	2023-11-04	t	1	3	374	135	[]	16	1	4	9	4.908
183	2023-10-30	2023-11-04	t	1	5	600	135	[]	16	1	4	10	4.908
184	2023-10-30	2023-11-04	t	1	2	640	135	[]	16	1	4	11	4.908
185	2023-10-30	2023-11-04	t	1	4	495	135	[]	16	1	4	12	4.908
186	2023-10-30	2023-11-04	t	1	2	495	135	[]	16	1	4	13	4.908
187	2023-10-30	2023-11-04	t	1	1	755	135	[]	16	1	4	14	4.908
188	2023-10-30	2023-11-04	t	1	1	755	135	[]	16	1	4	17	4.908
189	2023-10-30	2023-11-04	t	1	5	167	135	[]	16	1	4	15	4.908
190	2023-10-30	2023-11-04	t	1	5	213	135	[]	16	1	4	16	4.908
201	2023-12-26	2023-12-26	t	2	35	25	0	[]	17	5	5	38	4.9277
202	2023-12-26	2023-12-26	t	2	4	30	0	[]	17	5	5	39	4.9277
231	2023-12-01	2023-12-31	t	3	1	189.8	220	[]	16	1	4	41	5.0445
232	2023-12-01	2023-12-31	t	3	2	189.8	220	[]	16	1	4	40	5.0445
233	2023-12-01	2023-12-31	t	3	36	189.8	220	[]	16	1	4	22	5.0445
234	2023-12-01	2023-12-31	t	3	17	189	220	[]	16	1	4	24	5.0445
235	2023-12-01	2023-12-31	t	3	2	189	220	[]	16	1	4	25	5.0445
236	2023-12-01	2023-12-31	t	3	17	189	220	[]	16	1	4	23	5.0445
242	2024-01-10	2024-01-10	t	4	35	12.1	0	[]	17	5	1	39	1
241	2024-01-10	2024-01-10	t	4	35	20	0	[]	17	5	1	38	1
246	2024-01-11	2024-01-11	t	5	2	1135	0	[]	22	6	3	43	4.9465
251	2024-01-14	2024-01-14	t	6	35	10.2	0	[]	17	5	7	39	1
252	2024-01-16	2024-01-16	t	7	16	12.1	0	[]	17	5	7	39	1
253	2024-01-16	2024-01-16	t	7	16	20	0	[]	17	5	7	38	1
254	2024-01-18	2024-01-18	t	8	16	10.2	0	[]	17	5	7	39	1
255	2024-01-18	2024-01-18	t	8	16	20	0	[]	17	5	7	38	1
258	2024-01-19	2024-01-19	t	9	16	20	0	[]	17	5	7	38	1
259	2024-01-19	2024-01-19	t	9	16	10.2	0	[]	17	5	7	39	1
261	2024-02-23	2024-02-23	t	10	8	339	0	[]	16	1	4	35	4.9294
262	2024-02-23	2024-02-23	t	10	7	339	0	[]	16	1	4	34	4.9294
263	2024-02-23	2024-02-23	t	10	7	339	0	[]	16	1	4	47	4.9294
264	2024-02-23	2024-02-23	t	10	3	339	0	[]	16	1	4	46	4.9294
265	2024-02-23	2024-02-23	t	10	3	339	0	[]	16	1	4	32	4.9294
272	2024-03-10	2024-03-10	f	11	1	800	0	Recebimento de Aparelho	-1	0	7	15	1
273	2024-03-10	2024-03-10	f	12	1	800	0	Recebimento de Aparelho	-1	0	7	15	1
274	2024-03-10	2024-03-10	f	13	1	800	0	Recebimento de Aparelho	-1	0	7	15	1
277	2024-03-12	2024-03-12	t	15	50	15	0	[]	17	5	7	39	1
278	2024-03-12	2024-03-12	t	15	50	5	0	[]	17	5	7	38	1
279	2024-03-13	2024-03-13	t	16	7	3137	0	[]	17	6	7	49	1
280	2024-03-13	2024-03-13	t	16	7	3137	0	[]	17	6	7	48	1
281	2024-03-15	2024-03-15	t	17	30	5	0	[]	17	5	1	39	1
282	2024-03-15	2024-03-15	t	17	30	15	0	[]	17	5	1	38	1
283	2024-03-16	2024-03-16	t	18	1	900	0	Recebimento de Aparelho	-1	0	7	50	1
284	2024-03-23	2024-03-23	t	19	3	197	0	[]	22	1	4	51	4.9754
285	2024-03-23	2024-03-23	t	19	10	197	0	[]	22	1	4	28	4.9754
286	2024-03-23	2024-03-23	t	19	45	197	0	[]	22	1	4	52	4.9754
287	2024-03-23	2024-03-23	t	19	19	197	0	[]	22	1	4	29	4.9754
288	2024-03-23	2024-03-23	t	19	11	197	0	[]	22	1	4	53	4.9754
289	2024-03-23	2024-03-23	t	19	12	197	0	[]	22	1	4	54	4.9754
317	2024-04-14	2024-04-14	t	20	50	1.4	0	[]	16	5	1	38	5.06
318	2024-04-14	2024-04-14	t	20	50	2.5	0	[]	16	5	1	39	5.06
319	2024-04-17	2024-04-17	t	21	7	1067	0	[]	16	6	3	55	5.06
324	2024-04-30	2024-05-01	t	22	1	3400	0	Recebimento de Aparelho	-1	0	7	58	1
325	2024-05-04	2024-05-04	t	23	100	20	0	[]	17	5	1	38	1
326	2024-05-04	2024-05-04	t	23	100	12	0	[]	17	5	1	39	1
327	2024-05-15	2024-05-15	t	24	1	1800	0	Recebimento de Aparelho	-1	0	7	59	1
328	2024-05-16	2024-05-16	t	25	1	1480	0	Recebimento de Aparelho	-1	0	7	5	1
329	2024-05-17	2024-05-17	t	26	1	1500	0	Recebimento de Aparelho	-1	0	7	24	1
330	2024-05-22	2024-05-22	t	27	1	2000	0	Recebimento de Aparelho	-1	0	7	60	1
337	2024-05-22	2024-05-22	t	28	22	323	0	[]	16	1	4	27	5.1009
339	2024-05-22	2024-05-22	t	28	7	323	0	[]	16	1	4	34	5.1009
340	2024-05-22	2024-05-22	t	28	4	323	0	[]	16	1	4	32	5.1009
341	2024-05-22	2024-05-22	t	28	6	323	0	[]	16	1	4	47	5.1009
342	2024-05-22	2024-05-22	t	28	3	323	0	[]	16	1	4	46	5.1009
343	2024-05-23	2024-05-23	t	29	1	1332	0	[]	17	0	1	24	1
344	2024-05-23	2024-05-23	t	29	1	1332	0	[]	17	0	1	40	1
345	2024-05-31	2024-05-31	t	30	1	2000	0	Recebimento de Aparelho	-1	0	7	54	1
346	2024-06-05	2024-06-05	t	31	1	760	0	[]	16	3	3	65	5.13
347	2024-06-05	2024-06-05	t	31	2	760	0	[]	16	3	3	66	5.13
348	2024-06-05	2024-06-05	t	31	6	760	0	[]	16	3	3	64	5.13
349	2024-06-05	2024-06-05	t	31	1	760	0	[]	16	3	3	63	5.13
350	2024-06-05	2024-06-05	t	31	4	560	0	[]	16	3	3	20	5.13
351	2024-06-05	2024-06-05	t	31	2	560	0	[]	16	3	3	21	5.13
352	2024-06-05	2024-06-05	t	31	1	560	0	[]	16	3	3	62	5.13
353	2024-06-05	2024-06-05	t	31	2	560	0	[]	16	3	3	17	5.13
354	2024-06-06	2024-06-06	t	32	1	2000	0	Recebimento de Aparelho	-1	0	7	9	1
357	2024-06-09	2024-06-09	t	33	100	1.4	0	[]	22	9	9	39	5.1313
358	2024-06-09	2024-06-09	t	33	100	2.8	0	[]	22	9	9	38	5.1313
362	2024-06-14	2024-06-14	t	34	1	1150	0	Recebimento de Aparelho	-1	0	7	22	1
363	2024-06-17	2024-06-17	t	35	1	2500	0	Recebimento de Aparelho	-1	0	7	32	1
364	2024-06-18	2024-06-18	t	36	1	800	0	Recebimento de Aparelho	-1	0	7	52	1
365	2024-06-21	2024-06-21	t	37	1	1400	0	Recebimento de Aparelho	-1	0	7	40	1
366	2024-06-23	2024-06-23	t	38	1	3038	0	[]	17	4	3	19	1
367	2024-07-02	2024-07-02	t	39	1	1100	0	Recebimento de Aparelho	-1	0	7	22	1
396	2024-07-05	2024-07-05	t	40	3	427	0	[]	16	4	3	67	5.4974
397	2024-07-05	2024-07-05	t	40	3	427	0	[]	16	4	3	68	5.4974
398	2024-07-05	2024-07-05	t	40	2	427	0	[]	16	4	3	36	5.4974
399	2024-07-05	2024-07-05	t	40	1	427	0	[]	16	4	3	10	5.4974
400	2024-07-05	2024-07-05	t	40	4	562	0	[]	16	4	3	20	5.4974
401	2024-07-05	2024-07-05	t	40	3	562	0	[]	16	4	3	19	5.4974
402	2024-07-05	2024-07-05	t	40	2	562	0	[]	16	4	3	62	5.4974
403	2024-07-05	2024-07-05	t	40	1	562	0	[]	16	4	3	21	5.4974
408	2024-07-17	2024-07-17	t	44	1	200	0	Recebimento de Aparelho	-1	0	7	32	1
409	2024-07-24	2024-07-24	t	45	1	2800	0	Recebimento de Aparelho	-1	0	7	68	1
410	2024-07-24	2024-07-24	t	46	1	2100	0	Recebimento de Aparelho	-1	0	7	8	1
412	2024-07-24	2024-07-24	t	47	18	327	0	[]	22	1	4	27	5.6114
413	2024-07-24	2024-07-24	t	47	17	327	0	[]	22	1	4	34	5.6114
414	2024-07-24	2024-07-24	t	47	7	327	0	[]	22	1	4	47	5.6114
415	2024-07-24	2024-07-24	t	47	5	327	0	[]	22	1	4	46	5.6114
416	2024-07-24	2024-07-24	t	47	4	327	0	[]	22	1	4	32	5.6114
417	2024-07-27	2024-07-27	t	48	1	1000	0	Recebimento de Aparelho	-1	0	7	16	1
418	2024-08-01	2024-08-01	t	49	9	192	0	[]	16	1	4	52	5.7139
419	2024-08-01	2024-08-01	t	49	7	192	0	[]	16	1	4	29	5.7139
420	2024-08-01	2024-08-01	t	49	5	192	0	[]	16	1	4	28	5.7139
421	2024-08-01	2024-08-01	t	49	2	192	0	[]	16	1	4	53	5.7139
422	2024-08-01	2024-08-01	t	49	2	192	0	[]	16	1	4	54	5.7139
429	2024-08-12	2024-08-12	t	50	5	568	0	[]	16	3	5	20	5.6171
430	2024-08-12	2024-08-12	t	50	3	568	0	[]	16	3	5	19	5.6171
431	2024-08-12	2024-08-12	t	50	1	568	0	[]	16	3	5	62	5.6171
432	2024-08-12	2024-08-12	t	50	1	568	0	[]	16	3	5	14	5.6171
433	2024-08-12	2024-08-12	t	50	1	468	0	[]	16	3	5	74	5.6171
435	2024-08-21	2024-08-21	t	51	1	1100	0	Recebimento de Aparelho	-1	0	7	22	1
436	2024-08-22	2024-08-22	t	52	1	1300	0	Recebimento de Aparelho	-1	0	7	52	1
437	2024-08-22	2024-08-22	t	53	1	1300	0	Recebimento de Aparelho	-1	0	7	52	1
438	2024-08-22	2024-08-22	t	54	1	850	0	Recebimento de Aparelho	-1	0	7	16	1
439	2024-08-26	2024-08-26	t	55	1	1300	0	Recebimento de Aparelho	-1	0	7	6	1
440	2024-08-26	2024-08-26	t	56	1	1450	0	Recebimento de Aparelho	-1	0	7	6	1
441	2024-08-27	2024-08-27	t	57	2	490	0	[]	16	3	5	76	5.6969
442	2024-08-27	2024-08-27	t	57	1	490	0	[]	16	3	5	77	5.6969
443	2024-08-27	2024-08-27	t	57	1	490	0	[]	16	3	5	79	5.6969
444	2024-08-27	2024-08-27	t	57	2	580	0	[]	16	3	5	21	5.6969
445	2024-08-27	2024-08-27	t	57	2	580	0	[]	16	3	5	19	5.6969
446	2024-08-27	2024-08-27	t	57	1	580	0	[]	16	3	5	62	5.6969
447	2024-08-27	2024-08-27	t	57	3	580	0	[]	16	3	5	20	5.6969
448	2024-08-27	2024-08-27	t	58	1	2600	0	Recebimento de Aparelho	-1	0	7	32	1
449	2024-08-28	2024-08-28	t	59	1	800	0	Recebimento de Aparelho	-1	0	7	16	1
450	2024-09-03	2024-09-03	t	60	100	2.8	0	[]	16	9	9	38	5.6169
451	2024-09-03	2024-09-03	t	60	200	1.25	0	[]	16	9	9	39	5.6169
452	2024-09-05	2024-09-05	t	61	1	1300	0	Recebimento de Aparelho	-1	0	7	22	1
453	2024-09-11	2024-09-11	t	62	1	2300	0	Recebimento de Aparelho	-1	0	7	32	1
454	2024-09-11	2024-09-11	t	63	1	1000	0	Recebimento de Aparelho	-1	0	7	22	1
455	2024-09-14	2024-09-14	t	64	1	1900	0	Recebimento de Aparelho	-1	0	7	9	1
456	2024-09-16	2024-09-16	t	65	50	29.31	0	[]	17	5	2	80	1
457	2024-09-19	2024-09-19	t	66	1	1000	0	Recebimento de Aparelho	-1	0	7	16	1
458	2024-09-19	2024-09-19	t	67	1	1200	0	Recebimento de Aparelho	-1	0	7	29	1
459	2024-09-20	2024-09-20	t	68	1	900	0	Recebimento de Aparelho	-1	0	7	24	1
460	2024-10-28	2024-10-28	t	69	70	29	0	[]	17	5	2	81	1
461	2024-10-28	2024-10-28	t	69	30	60	0	[]	17	5	2	82	1
462	2024-10-29	2024-10-29	t	70	5	565	0	[]	16	3	5	20	5.6119
463	2024-10-29	2024-10-29	t	70	5	565	0	[]	16	3	5	19	5.6119
464	2024-10-29	2024-10-29	t	70	3	565	0	[]	16	3	5	21	5.6119
465	2024-10-29	2024-10-29	t	70	2	565	0	[]	16	3	5	69	5.6119
466	2024-10-29	2024-10-29	t	70	2	470	0	[]	16	3	5	76	5.6119
467	2024-10-29	2024-10-29	t	70	2	470	0	[]	16	3	5	79	5.6119
468	2024-10-29	2024-10-29	t	70	1	470	0	[]	16	3	5	87	5.6119
469	2024-10-29	2024-10-29	t	70	2	720	0	[]	16	3	5	60	5.6119
470	2024-10-29	2024-10-29	t	70	1	720	0	[]	16	3	5	85	5.6119
471	2024-10-29	2024-10-29	t	70	1	720	0	[]	16	3	5	83	5.6119
472	2024-11-06	2024-11-06	t	71	1	800	0	[]	17	4	3	28	1
473	2024-11-08	2024-11-08	t	72	1	1200	0	Recebimento de Aparelho	-1	0	7	22	1
474	2024-11-09	2024-11-09	t	73	9	1255	0	[]	22	6	3	88	5.6279
475	2024-11-09	2024-11-09	t	73	1	1255	0	[]	22	6	3	89	5.6279
476	2024-12-04	2024-12-04	t	74	16	329	0	[]	16	1	4	34	5.6429
477	2024-12-04	2024-12-04	t	74	10	329	0	[]	16	1	4	46	5.6429
478	2024-12-04	2024-12-04	t	74	2	329	0	[]	16	1	4	47	5.6429
480	2024-12-04	2024-12-04	t	74	7	329	0	[]	16	1	4	32	5.6429
481	2024-12-04	2024-12-04	t	74	17	329	0	[]	16	1	4	27	5.6429
482	2024-12-07	2024-12-07	t	75	1	2150	0	Recebimento de Aparelho	-1	0	7	9	1
483	2024-12-10	2024-12-10	t	76	1	900	0	Recebimento de Aparelho	-1	0	7	16	1
484	2024-12-12	2024-12-12	t	77	10	6682	0	[]	17	10	2	88	1
485	2024-12-14	2024-12-14	t	78	1	700	0	Recebimento de Aparelho	-1	0	7	50	1
486	2024-12-18	2024-12-18	t	79	10	7397	0	[]	17	10	2	88	1
487	2024-12-18	2024-12-18	t	79	5	7397	0	[]	17	10	2	89	1
488	2024-12-21	2024-12-21	t	80	1	1100	0	Recebimento de Aparelho	-1	0	7	22	1
494	2024-12-22	2024-12-22	t	82	7	65	0	[]	17	5	2	90	1
495	2024-12-22	2024-12-22	t	83	10	65	0	[]	17	4	3	82	1
496	2025-01-05	2025-01-05	t	84	100	12.5	0	[]	17	5	2	92	1
497	2025-01-05	2025-01-05	t	84	5	12.2	0	[]	17	5	2	93	1
498	2025-01-06	2025-01-06	t	85	1	900	0	Recebimento de Aparelho	-1	0	7	23	1
499	2025-01-09	2025-01-09	t	86	1	800	0	Recebimento de Aparelho	-1	0	7	16	1
500	2025-01-09	2025-01-09	t	87	1	700	0	Recebimento de Aparelho	-1	0	7	16	1
501	2025-01-09	2025-01-09	t	88	1	2400	0	[]	17	4	3	32	1
502	2025-01-21	2025-01-21	t	89	5	14	0	[]	17	5	2	93	1
503	2025-01-29	2025-01-29	t	90	10	345	0	[]	17	8	1	94	1
504	2025-02-05	2025-02-05	t	91	1	1250	0	Recebimento de Aparelho	-1	0	7	22	1
505	2025-02-13	2025-02-13	t	92	13	3574	0	[]	17	1	4	95	1
506	2025-02-13	2025-02-13	t	92	5	3574	0	[]	17	1	4	96	1
507	2025-02-13	2025-02-13	t	92	1	3574	0	[]	17	1	4	97	1
508	2025-02-13	2025-02-13	t	92	3	3574	0	[]	17	1	4	98	1
509	2025-02-13	2025-02-13	t	92	1	3574	0	[]	17	1	4	99	1
510	2025-02-14	2025-02-14	t	93	1	2400	0	Recebimento de Aparelho	-1	0	7	27	1
511	2025-02-15	2025-02-15	t	94	1	800	0	Recebimento de Aparelho	-1	0	7	16	1
512	2025-02-19	2025-02-19	t	95	100	18	0	[]	17	9	9	38	1
513	2025-02-19	2025-02-19	t	95	100	12	0	[]	17	9	9	39	1
515	2025-02-22	2025-02-22	t	97	1	3100	0	Recebimento de Aparelho	-1	0	7	79	1
516	2025-02-26	2025-02-26	t	98	7	1813	0	[]	17	1	4	27	1
517	2025-02-26	2025-02-26	t	98	1	1813	0	[]	17	1	4	101	1
518	2025-02-26	2025-02-26	t	98	9	1813	0	[]	17	1	4	34	1
519	2025-02-26	2025-02-26	t	98	11	1813	0	[]	17	1	4	32	1
520	2025-02-26	2025-02-26	t	98	1	1813	0	[]	17	1	4	103	1
521	2025-02-26	2025-02-26	t	98	3	1813	0	[]	17	1	4	46	1
522	2025-02-26	2025-02-26	t	98	1	1813	0	[]	17	1	4	104	1
523	2025-02-26	2025-02-26	t	98	3	1813	0	[]	17	1	4	105	1
524	2025-02-26	2025-02-26	t	98	20	1813	0	[]	17	1	4	78	1
525	2025-02-26	2025-02-26	t	98	4	1813	0	[]	17	1	4	102	1
526	2025-02-26	2025-02-26	t	99	1	2250	0	Recebimento de Aparelho	-1	0	7	32	1
527	2025-03-01	2025-03-01	t	100	1	2700	0	[]	17	11	7	32	1
528	2025-03-01	2025-03-01	t	101	1	1400	0	Recebimento de Aparelho	-1	0	7	9	1
529	2025-03-05	2025-03-05	t	102	1	1000	0	Recebimento de Aparelho	-1	0	7	30	1
530	2025-03-06	2025-03-06	t	103	50	32	0	[]	17	5	2	81	1
531	2025-03-11	2025-03-11	t	104	4	2827	0	[]	17	3	5	20	1
532	2025-03-11	2025-03-11	t	104	5	2827	0	[]	17	3	5	69	1
533	2025-03-11	2025-03-11	t	104	1	2827	0	[]	17	3	5	21	1
534	2025-03-11	2025-03-11	t	104	10	3652	0	[]	17	3	5	60	1
535	2025-03-11	2025-03-11	t	104	6	3652	0	[]	17	3	5	66	1
536	2025-03-11	2025-03-11	t	104	2	3652	0	[]	17	3	5	65	1
537	2025-03-11	2025-03-11	t	104	2	3652	0	[]	17	3	5	64	1
538	2025-03-14	2025-03-14	t	105	1	3500	0	Recebimento de Aparelho	-1	0	7	20	1
539	2025-03-15	2025-03-15	t	106	1	2200	0	Recebimento de Aparelho	-1	0	7	27	1
540	2025-03-17	2025-03-17	t	107	1	2800	0	Recebimento de Aparelho	-1	0	7	32	1
541	2025-03-19	2025-03-19	t	108	1	1500	0	Recebimento de Aparelho	-1	0	7	52	1
542	2025-03-24	2025-03-24	t	109	20	15.3	0	[]	17	12	9	107	1
543	2025-03-24	2025-03-24	t	109	100	14.2	0	[]	17	12	9	39	1
544	2025-03-24	2025-03-24	t	109	100	27.6	0	[]	17	12	9	38	1
545	2025-03-24	2025-03-24	t	110	30	60	0	[]	17	5	2	82	1
546	2025-03-24	2025-03-24	t	110	10	60	0	[]	17	5	2	90	1
547	2025-03-24	2025-03-24	t	110	10	28.8	0	[]	17	5	2	80	1
548	2025-03-28	2025-03-28	t	111	24	1599	0	[]	17	1	4	34	1
549	2025-03-28	2025-03-28	t	111	19	1599	0	[]	17	1	4	78	1
550	2025-03-28	2025-03-28	t	111	15	1599	0	[]	17	1	4	27	1
551	2025-03-28	2025-03-28	t	111	9	1599	0	[]	17	1	4	32	1
552	2025-03-28	2025-03-28	t	111	5	1599	0	[]	17	1	4	46	1
553	2025-03-28	2025-03-28	t	111	3	1599	0	[]	17	1	4	47	1
554	2025-03-31	2025-03-31	t	112	1	800	0	Recebimento de Aparelho	-1	0	7	16	1
555	2025-04-03	2025-04-03	t	113	7	2093	0	[]	17	1	4	34	1
556	2025-04-03	2025-04-03	t	113	6	2093	0	[]	17	1	4	32	1
557	2025-04-03	2025-04-03	t	113	12	2093	0	[]	17	1	4	27	1
558	2025-04-03	2025-04-03	t	113	4	2093	0	[]	17	1	4	47	1
559	2025-04-03	2025-04-03	t	113	20	2093	0	[]	17	1	4	78	1
560	2025-04-03	2025-04-03	t	113	1	2093	0	[]	17	1	4	46	1
561	2025-04-03	2025-04-03	t	113	7	2280	0	[]	17	1	4	103	1
562	2025-04-03	2025-04-03	t	113	4	2280	0	[]	17	1	4	102	1
563	2025-04-03	2025-04-03	t	113	4	2280	0	[]	17	1	4	104	1
564	2025-04-03	2025-04-03	t	114	1	3800	0	Recebimento de Aparelho	-1	0	7	96	1
565	2025-04-04	2025-04-04	t	115	1	1350	0	Recebimento de Aparelho	-1	0	7	22	1
566	2025-04-08	2025-04-08	t	116	1	2700	0	Recebimento de Aparelho	-1	0	7	32	1
567	2025-04-08	2025-04-08	t	117	1	1950	0	Recebimento de Aparelho	-1	0	7	108	1
568	2025-04-14	2025-04-14	t	118	20	33	0	[]	17	5	9	81	1
569	2025-04-22	2025-04-22	t	119	1	1700	0	Recebimento de Aparelho	-1	0	7	109	1
570	2025-04-24	2025-04-24	t	120	1	1100	0	Recebimento de Aparelho	-1	0	7	22	1
571	2025-04-25	2025-04-25	t	121	1	4926	0	[]	17	3	5	114	1
572	2025-04-25	2025-04-25	t	121	3	4926	0	[]	17	3	5	113	1
573	2025-04-25	2025-04-25	t	121	5	4926	0	[]	17	3	5	111	1
574	2025-04-25	2025-04-25	t	121	1	4926	0	[]	17	3	5	115	1
575	2025-05-02	2025-05-02	t	122	1	3000	0	Recebimento de Aparelho	-1	0	7	76	1
576	2025-05-02	2025-05-02	t	123	20	31	0	[]	17	5	9	81	1
577	2025-05-07	2025-05-07	t	124	1	900	0	Recebimento de Aparelho	-1	0	7	28	1
578	2025-05-08	2025-05-08	t	125	30	31	0	[]	17	5	9	80	1
579	2025-05-08	2025-05-08	t	125	20	66	0	[]	17	5	9	116	1
580	2025-05-09	2025-05-09	t	126	1	3900	0	Recebimento de Aparelho	-1	0	7	86	1
582	2025-05-14	2025-05-14	t	127	1	1000	0	Recebimento de Aparelho	-1	0	7	40	1
583	2025-05-14	2025-05-14	t	128	1	700	0	Recebimento de Aparelho	-1	0	7	24	1
584	2025-05-14	2025-05-14	t	129	1	1100	0	Recebimento de Aparelho	-1	0	7	29	1
585	2025-05-19	2025-05-19	t	130	20	6	0	[]	17	5	9	39	1
586	2025-05-19	2025-05-19	t	130	20	14	0	[]	17	5	9	38	1
587	2025-05-26	2025-05-26	t	131	30	100	0	[]	17	8	1	117	1
588	2025-05-26	2025-05-26	t	132	1	1500	0	Recebimento de Aparelho	-1	0	7	118	1
589	2025-05-26	2025-05-26	t	133	5	3062	0	[]	17	3	5	119	1
590	2025-05-26	2025-05-26	t	133	3	2419	0	[]	17	3	5	76	1
591	2025-05-26	2025-05-26	t	133	1	2419	0	[]	17	3	5	79	1
592	2025-05-26	2025-05-26	t	133	1	2419	0	[]	17	3	5	77	1
593	2025-05-26	2025-05-26	t	133	7	2817	0	[]	17	3	5	19	1
594	2025-05-26	2025-05-26	t	133	2	2817	0	[]	17	3	5	62	1
595	2025-05-26	2025-05-26	t	133	1	2817	0	[]	17	3	5	21	1
596	2025-05-26	2025-05-26	t	134	3	20	0	[]	17	5	9	122	1
597	2025-05-26	2025-05-26	t	134	1	213	0	[]	17	5	9	123	1
598	2025-05-26	2025-05-26	t	134	20	29	0	[]	17	5	9	80	1
599	2025-05-26	2025-05-26	t	134	5	38	0	[]	17	5	9	124	1
600	2025-05-26	2025-05-26	t	134	10	45	0	[]	17	5	9	126	1
601	2025-05-26	2025-05-26	t	134	5	40	0	[]	17	5	9	125	1
602	2025-05-26	2025-05-26	t	134	5	30	0	[]	17	5	9	127	1
603	2025-05-29	2025-05-29	t	135	1	900	0	Recebimento de Aparelho	-1	0	7	16	1
604	2025-05-31	2025-05-31	t	136	1	800	0	Recebimento de Aparelho	-1	0	7	16	1
605	2025-05-31	2025-05-31	t	137	1	1100	0	Recebimento de Aparelho	-1	0	7	24	1
607	2025-06-03	2025-06-03	t	139	1	1400	0	Recebimento de Aparelho	-1	0	7	28	1
608	2025-06-07	2025-06-07	t	140	1	750	0	Recebimento de Aparelho	-1	0	7	16	1
609	2025-06-07	2025-06-07	t	141	1	2250	0	Recebimento de Aparelho	-1	0	7	27	1
610	2025-06-08	2025-06-08	t	142	1	1400	0	Recebimento de Aparelho	-1	0	7	24	1
621	2025-06-15	2025-06-15	t	143	30	27.55	0	[]	17	5	9	80	1
622	2025-06-15	2025-06-15	t	143	20	14.52	0	[]	17	5	9	129	1
623	2025-06-15	2025-06-15	t	143	5	19.55	0	[]	17	5	9	128	1
624	2025-06-15	2025-06-15	t	143	5	30.8	0	[]	17	5	9	130	1
625	2025-06-17	2025-06-17	t	144	13	1243	0	[]	17	1	4	54	1
626	2025-06-17	2025-06-17	t	144	4	1243	0	[]	17	1	4	51	1
627	2025-06-17	2025-06-17	t	144	33	1243	0	[]	17	1	4	29	1
628	2025-06-17	2025-06-17	t	144	19	1243	0	[]	17	1	4	28	1
629	2025-06-17	2025-06-17	t	144	49	1243	0	[]	17	1	4	52	1
630	2025-06-17	2025-06-17	t	144	7	1243	0	[]	17	1	4	53	1
631	2025-06-17	2025-06-17	t	145	1	700	0	Recebimento de Aparelho	-1	0	7	23	1
632	2025-06-22	2025-06-22	t	146	3	2604	0	[]	17	3	5	97	1
633	2025-06-22	2025-06-22	t	146	2	2604	0	[]	17	3	5	95	1
634	2025-06-22	2025-06-22	t	146	5	2604	0	[]	17	3	5	96	1
635	2025-06-22	2025-06-22	t	146	5	3425	0	[]	17	3	5	64	1
636	2025-06-23	2025-06-23	t	147	20	18	0	[]	17	5	9	38	1
637	2025-06-23	2025-06-23	t	148	1	1100	0	Recebimento de Aparelho	-1	0	7	40	1
638	2025-06-26	2025-06-26	t	149	1	1150	0	Recebimento de Aparelho	-1	0	7	40	1
639	2025-06-29	2025-06-29	t	150	30	31	0	[]	17	5	9	80	1
640	2025-06-29	2025-06-29	t	150	20	66	0	[]	17	5	9	90	1
641	2025-06-29	2025-06-29	t	151	20	12	0	[]	17	5	9	39	1
642	2025-06-29	2025-06-29	t	151	20	20	0	[]	17	5	9	38	1
643	2025-07-05	2025-07-05	t	152	1	1000	0	Recebimento de Aparelho	-1	0	7	32	1
644	2025-07-07	2025-07-07	t	153	30	31	0	[]	17	5	9	80	1
645	2025-07-07	2025-07-07	t	153	3	9	0	[]	17	5	9	131	1
646	2025-07-08	2025-07-08	t	154	17	9.5	0	[]	17	17	7	39	1
647	2025-07-09	2025-07-09	t	155	10	46.2	0	[]	17	5	9	132	1
648	2025-07-09	2025-07-09	t	155	30	32	0	[]	17	5	9	127	1
649	2025-07-14	2025-07-14	t	156	1	2000	0	Recebimento de Aparelho	-1	0	7	12	1
650	2025-07-15	2025-07-15	t	157	20	9.5	0	[]	17	17	7	107	1
651	2025-07-16	2025-07-16	t	158	30	33	0	[]	17	5	9	81	1
652	2025-07-16	2025-07-16	t	159	30	8	0	[]	17	5	9	39	1
653	2025-07-16	2025-07-16	t	159	30	21	0	[]	17	5	9	38	1
657	2025-07-21	2025-07-21	t	162	9	2418	0	[]	17	3	5	76	1
658	2025-07-21	2025-07-21	t	162	1	2418	0	[]	17	3	5	77	1
659	2025-07-21	2025-07-21	t	162	8	3034	0	[]	17	3	5	121	1
660	2025-07-21	2025-07-21	t	162	5	2770	0	[]	17	3	5	20	1
661	2025-07-21	2025-07-21	t	162	2	2770	0	[]	17	3	5	69	1
662	2025-07-21	2025-07-21	t	162	2	2770	0	[]	17	3	5	21	1
663	2025-07-21	2025-07-21	t	162	1	2770	0	[]	17	3	5	19	1
664	2025-07-21	2025-07-21	t	163	2	3034	0	[]	17	3	5	133	1
665	2025-07-23	2025-07-23	t	164	1	800	0	Recebimento de Aparelho	-1	0	7	16	1
666	2025-08-04	2025-08-04	t	165	30	32	0	[]	17	5	9	81	1
667	2025-08-04	2025-08-04	t	165	10	38	0	[]	17	5	9	124	1
668	2025-08-04	2025-08-04	t	165	15	45	0	[]	17	5	9	126	1
669	2025-08-04	2025-08-04	t	165	10	38	0	[]	17	5	9	125	1
670	2025-08-05	2025-08-05	t	166	1	2200	0	Recebimento de Aparelho	-1	0	7	34	1
671	2025-08-10	2025-08-10	t	167	3	2150	0	Recebimento de Aparelho	-1	0	7	32	1
672	2025-08-12	2025-08-12	t	168	1	1400	0	Recebimento de Aparelho	-1	0	7	9	1
\.


--
-- Data for Name: Compras_deslocamento; Type: TABLE DATA; Schema: public; Owner: unicatech
--

COPY public."Compras_deslocamento" (id, criados, modificado, ativo, origem, destino, frete, "identificadorCompra", "idMovimentacaoConta") FROM stdin;
21	2024-01-06	2024-01-06	t	4	3	236.69	3	363
22	2024-01-10	2024-01-10	t	1	6	0	4	374
24	2024-01-10	2024-01-10	t	6	7	0	4	378
27	2024-01-14	2024-01-14	t	\N	7	0	6	\N
28	2024-01-15	2024-01-15	t	3	1	7243.2	3	406
29	2024-01-16	2024-01-16	t	\N	7	0	7	\N
30	2024-01-16	2024-01-16	t	1	1	300	3	415
31	2024-01-18	2024-01-18	t	\N	7	0	8	\N
34	2024-01-19	2024-01-19	t	\N	7	0	9	\N
35	2024-01-24	2024-01-24	t	1	6	330	3	444
36	2024-01-24	2024-01-24	t	6	7	600	3	445
37	2024-02-11	2024-02-11	t	3	7	0	5	492
38	2024-02-23	2024-02-23	t	\N	4	0	10	\N
39	2024-02-23	2024-02-23	t	4	3	137.1	10	571
40	2024-02-23	2024-02-23	t	3	1	4291	10	575
41	2024-02-23	2024-02-23	t	1	6	600	10	576
42	2024-02-23	2024-02-23	t	6	7	50	10	577
43	2024-03-12	2024-03-12	t	\N	7	0	15	\N
44	2024-03-13	2024-03-13	t	\N	7	0	16	\N
45	2024-03-15	2024-03-15	t	\N	1	0	17	\N
46	2024-03-23	2024-03-23	t	\N	4	0	19	\N
79	2024-03-23	2024-03-23	t	4	3	286.97	19	743
80	2024-03-23	2024-03-23	t	3	1	9639	19	744
81	2024-03-23	2024-03-23	t	1	6	0	19	745
82	2024-03-23	2024-03-23	t	6	7	0	19	746
83	2024-04-14	2024-04-14	t	\N	1	0	20	\N
84	2024-04-14	2024-04-14	t	1	7	127	20	853
85	2024-04-17	2024-04-17	t	\N	3	0	21	\N
86	2024-04-17	2024-04-17	t	3	6	1492	21	859
87	2024-04-17	2024-04-17	t	6	7	50	21	860
90	2024-05-04	2024-05-04	t	\N	1	0	23	\N
94	2024-05-22	2024-05-22	t	\N	4	0	28	\N
95	2024-05-22	2024-05-22	t	4	3	348.22	28	1038
96	2024-05-22	2024-05-22	t	3	1	5394	28	1039
97	2024-05-22	2024-05-22	t	1	7	50	28	1040
98	2024-05-23	2024-05-23	t	\N	1	0	29	\N
99	2024-06-05	2024-06-05	t	\N	3	0	31	\N
100	2024-06-05	2024-06-05	t	3	6	2496.88	31	1110
101	2024-06-05	2024-06-05	t	6	7	50	31	1111
103	2024-06-09	2024-06-09	t	\N	9	0	33	\N
104	2024-06-09	2024-06-09	t	9	7	207.69	33	1135
107	2024-06-23	2024-06-23	t	\N	3	0	38	\N
117	2024-07-05	2024-07-05	t	\N	3	0	40	\N
118	2024-07-05	2024-07-05	t	3	6	2657	40	1276
119	2024-07-05	2024-07-05	t	6	7	50	40	1277
120	2024-07-11	2024-07-11	t	\N	3	0	41	\N
121	2024-07-11	2024-07-11	t	3	7	207	41	1313
122	2024-07-12	2024-07-12	t	\N	3	0	42	\N
123	2024-07-12	2024-07-12	t	\N	3	0	43	\N
124	2024-07-24	2024-07-24	t	\N	4	0	47	\N
125	2024-07-24	2024-07-24	t	4	3	187.67	47	1385
126	2024-07-24	2024-07-24	t	3	6	7700	47	1386
127	2024-07-24	2024-07-24	t	6	7	50	47	1387
128	2024-08-01	2024-08-01	t	\N	4	0	49	\N
129	2024-08-03	2024-08-03	t	4	7	2050	49	1435
130	2024-08-03	2024-08-03	t	7	7	700	49	1436
132	2024-08-12	2024-08-12	t	\N	5	0	50	\N
133	2024-08-12	2024-08-12	t	5	6	1635	50	1464
134	2024-08-12	2024-08-12	t	6	7	50	50	1465
135	2024-08-27	2024-08-27	t	\N	5	0	57	\N
136	2024-08-27	2024-08-27	t	5	3	26	57	1556
137	2024-08-27	2024-08-27	t	3	1	1459.36	57	1557
138	2024-08-27	2024-08-27	t	1	7	50	57	1558
139	2024-09-03	2024-09-03	t	\N	9	0	60	\N
140	2024-09-16	2024-09-16	t	\N	2	0	65	\N
141	2024-10-28	2024-10-28	t	\N	2	0	69	\N
142	2024-10-28	2024-10-28	t	2	7	50	69	1767
143	2024-10-29	2024-10-29	t	\N	5	0	70	\N
144	2024-10-29	2024-10-29	t	5	1	2905.84	70	1770
145	2024-10-29	2024-10-29	t	1	7	100	70	1771
146	2024-11-06	2024-11-06	t	\N	3	0	71	\N
147	2024-11-06	2024-11-06	t	3	7	0	71	1803
148	2024-11-09	2024-11-09	t	\N	3	0	73	\N
149	2024-11-09	2024-11-09	t	3	1	2232	73	1809
150	2024-11-09	2024-11-09	t	1	6	260	73	1810
151	2024-11-09	2024-11-09	t	6	7	50	73	1811
152	2024-12-04	2024-12-04	t	\N	4	0	74	\N
153	2024-12-05	2024-12-05	t	4	3	3329	74	1851
154	2024-12-05	2024-12-05	t	3	1	7053	74	1852
155	2024-12-05	2024-12-05	t	1	6	5110	74	1853
156	2024-12-12	2024-12-12	t	\N	2	0	77	\N
157	2024-12-12	2024-12-12	t	2	1	3736	77	1892
158	2024-12-12	2024-12-12	t	1	7	50	77	1893
159	2024-12-15	2024-12-15	t	7	7	8000	77	1912
160	2024-12-18	2024-12-18	t	\N	2	0	79	\N
161	2024-12-18	2024-12-18	t	2	1	5545	79	1919
162	2024-12-18	2024-12-18	t	1	7	50	79	1920
167	2024-12-22	2024-12-22	t	\N	3	0	81	\N
168	2024-12-22	2024-12-22	t	\N	2	0	82	\N
169	2024-12-22	2024-12-22	t	\N	3	0	83	\N
170	2025-01-05	2025-01-05	t	\N	2	0	84	\N
171	2025-01-09	2025-01-09	t	\N	3	0	88	\N
172	2025-01-21	2025-01-21	t	\N	2	0	89	\N
173	2025-01-29	2025-01-29	t	\N	1	0	90	\N
174	2025-02-13	2025-02-13	t	\N	4	0	92	\N
175	2025-02-18	2025-02-18	t	4	7	0.01	92	2151
176	2025-02-19	2025-02-19	t	\N	9	0	95	\N
177	2025-02-19	2025-02-19	t	9	7	70	95	2153
178	2025-02-19	2025-02-19	t	7	7	1000	95	2154
180	2025-02-26	2025-02-26	t	\N	4	0	98	\N
182	2025-02-26	2025-02-26	t	4	3	1274	98	2179
183	2025-02-26	2025-02-26	t	3	2	11007.5	98	2180
184	2025-02-26	2025-02-26	t	2	10	5725.95	98	2181
185	2025-02-26	2025-02-26	t	10	7	1350	98	2182
186	2025-03-01	2025-03-01	t	\N	7	0	100	\N
187	2025-03-06	2025-03-06	t	\N	2	0	103	\N
188	2025-03-11	2025-03-11	t	\N	5	0	104	\N
189	2025-03-11	2025-03-11	t	5	3	530	104	2265
190	2025-03-11	2025-03-11	t	3	1	6382.5	104	2266
191	2025-03-11	2025-03-11	t	1	7	50	104	2267
192	2025-03-24	2025-03-24	t	\N	9	0	109	\N
193	2025-03-24	2025-03-24	t	\N	2	0	110	\N
194	2025-03-28	2025-03-28	t	\N	4	0	111	\N
195	2025-03-28	2025-03-28	t	4	3	1541	111	2344
196	2025-03-28	2025-03-28	t	3	2	10000	111	2345
197	2025-03-28	2025-03-28	t	2	1	6858	111	2346
198	2025-03-28	2025-03-28	t	1	6	530	111	2347
199	2025-03-28	2025-03-28	t	6	7	60	111	2348
200	2025-04-03	2025-04-03	t	\N	4	0	113	\N
201	2025-04-03	2025-04-03	t	4	7	50	113	2399
202	2025-04-14	2025-04-14	t	\N	9	0	118	\N
203	2025-04-25	2025-04-25	t	\N	5	0	121	\N
204	2025-05-02	2025-05-02	t	\N	9	0	123	\N
205	2025-05-08	2025-05-08	t	\N	9	0	125	\N
207	2025-05-17	2025-05-17	t	5	7	0	121	2600
208	2025-05-17	2025-05-17	t	9	7	0	118	2601
209	2025-05-17	2025-05-17	t	2	7	0	110	2602
210	2025-05-17	2025-05-17	t	2	7	0	103	2603
211	2025-05-19	2025-05-19	t	\N	9	0	130	\N
212	2025-05-26	2025-05-26	t	\N	1	0	131	\N
213	2025-05-26	2025-05-26	t	\N	5	0	133	\N
214	2025-05-26	2025-05-26	t	\N	9	0	134	\N
216	2025-06-02	2025-06-02	t	9	7	0	123	2680
217	2025-06-08	2025-06-08	t	5	7	50	133	2726
218	2025-06-08	2025-06-08	t	3	7	0	88	2729
219	2025-06-08	2025-06-08	t	3	7	0	83	2730
220	2025-06-08	2025-06-08	t	9	7	0	109	2731
221	2025-06-08	2025-06-08	t	1	7	0	17	2732
235	2021-01-01	2021-01-01	t	1	1	0	134	0
236	2021-01-01	2021-01-01	t	1	1	0	131	0
237	2021-01-01	2021-01-01	t	1	1	0	130	0
238	2021-01-01	2021-01-01	t	1	1	0	125	0
239	2021-01-01	2021-01-01	t	1	7	0	134	0
240	2021-01-01	2021-01-01	t	1	7	0	131	0
241	2021-01-01	2021-01-01	t	1	7	0	130	0
242	2021-01-01	2021-01-01	t	1	7	0	125	0
243	2025-06-15	2025-06-15	t	\N	9	0	143	\N
244	2025-06-17	2025-06-17	t	\N	4	0	144	\N
245	2025-06-17	2025-06-17	t	4	7	0	144	2776
246	2025-06-22	2025-06-22	t	\N	5	0	146	\N
247	2025-06-22	2025-06-22	t	5	2	2553.6	146	2802
248	2025-06-23	2025-06-23	t	2	1	2157.28	146	2805
249	2025-06-23	2025-06-23	t	\N	9	0	147	\N
250	2025-06-23	2025-06-23	t	9	7	0	147	2807
251	2025-06-29	2025-06-29	t	\N	9	0	150	\N
252	2025-06-29	2025-06-29	t	\N	9	0	151	\N
253	2025-06-30	2025-06-30	t	1	6	140	146	2846
254	2025-06-30	2025-06-30	t	6	7	60	146	2847
255	2025-07-01	2025-07-01	t	9	7	0	143	2855
256	2025-07-07	2025-07-07	t	\N	9	0	153	\N
257	2025-07-08	2025-07-08	t	\N	7	0	154	\N
258	2025-07-09	2025-07-09	t	\N	9	0	155	\N
259	2025-07-09	2025-07-09	t	7	7	0	154	2899
260	2025-07-14	2025-07-14	t	9	7	0	151	2924
261	2025-07-15	2025-07-15	t	9	7	0	150	2934
262	2025-07-15	2025-07-15	t	\N	7	0	157	\N
263	2025-07-15	2025-07-15	t	7	7	0	157	2940
264	2025-07-16	2025-07-16	t	\N	9	0	158	\N
265	2025-07-16	2025-07-16	t	\N	9	0	159	\N
268	2025-07-21	2025-07-21	t	\N	5	0	162	\N
269	2025-07-21	2025-07-21	t	\N	5	0	163	\N
270	2025-07-21	2025-07-21	t	5	7	0	162	2955
271	2025-07-21	2025-07-21	t	5	7	0	163	2956
272	2025-07-23	2025-07-23	t	9	7	0	155	2972
273	2025-07-23	2025-07-23	t	9	7	0	153	2973
274	2025-08-04	2025-08-04	t	9	7	0	159	3012
275	2025-08-04	2025-08-04	t	\N	9	0	165	\N
276	2025-08-04	2025-08-04	t	9	7	0	158	3015
\.


--
-- Data for Name: Compras_fornecedor; Type: TABLE DATA; Schema: public; Owner: unicatech
--

COPY public."Compras_fornecedor" (id, criados, modificado, ativo, "nomeFornecedor", "localizacaoCompra_id") FROM stdin;
4	2023-11-17	2023-11-17	t	Unicatech Celulares	3
6	2024-01-11	2024-01-11	t	EzApple	3
0	2024-03-10	2024-03-10	t	Compra Local	7
8	2024-04-26	2024-04-26	t	Hassam	1
9	2024-06-09	2024-06-09	t	TTing	9
1	2023-05-15	2023-05-15	t	Superior Wireless	4
2	2023-05-15	2023-05-15	t	Trillion	4
3	2023-05-15	2023-05-15	t	Smartphone-Depot	5
10	2024-12-12	2024-12-12	t	Marlene	2
11	2025-03-01	2025-03-01	t	Estorno	7
12	2025-03-24	2025-03-24	t	Interacox	9
5	2023-12-26	2023-12-26	t	Hua	9
16	2025-05-11	2025-05-11	t	teste	1
17	2025-07-08	2025-07-08	t	Fabricio Capas	7
\.


--
-- Data for Name: Compras_localizacaocompra; Type: TABLE DATA; Schema: public; Owner: unicatech
--

COPY public."Compras_localizacaocompra" (id, criados, modificado, ativo, "localizacaoCompra") FROM stdin;
1	2023-05-09	2023-05-09	t	So Paulo
2	2023-05-09	2023-05-09	t	Paraguai
3	2023-05-09	2023-05-09	t	Miami
4	2023-05-09	2023-05-09	t	Dallas
5	2023-05-09	2023-05-09	t	EUA
6	2024-01-01	2024-01-01	t	Fortaleza
7	2024-01-01	2024-01-01	t	Sobral
9	2024-06-09	2024-06-09	t	Shenzhen
10	2025-02-26	2025-02-26	t	Braslia
\.


--
-- Data for Name: Contas_cartao; Type: TABLE DATA; Schema: public; Owner: unicatech
--

COPY public."Contas_cartao" (id, criados, modificado, ativo, cartao, taxa_cartao1, taxa_cartao2, taxa_cartao3, taxa_cartao4, taxa_cartao5, taxa_cartao6, taxa_cartao7, taxa_cartao8, taxa_cartao9, taxa_cartao10, taxa_cartao11, taxa_cartao12, taxa_cartao13, taxa_cartao14, taxa_cartao15, taxa_cartao16, taxa_cartao17, taxa_cartao18, taxa_debito) FROM stdin;
10	2025-02-19	2025-02-19	t	2	4.05	4.99	5.99	6.99	7.99	8.49	8.99	9.39	9.49	9.99	10.69	11.39	13.71	14.4	15.08	15.76	16.45	17.13	1.89
9	2023-11-05	2023-11-05	t	1	3.89	4.79	5.47	5.99	6.67	7.37	7.99	8.69	9.29	9.99	10.69	11.39	11.99	12.69	13.49	13.89	14.59	15.19	1.49
\.


--
-- Data for Name: Contas_categoriaconta; Type: TABLE DATA; Schema: public; Owner: unicatech
--

COPY public."Contas_categoriaconta" (id, criados, modificado, ativo, categoria) FROM stdin;
1	2023-05-15	2023-05-15	t	Carto de Crdito
2	2023-05-15	2023-05-15	t	Depsito em Real
3	2023-05-15	2023-05-15	t	Espcie
4	2023-05-15	2023-05-15	t	Depsito em Dlar
5	2023-05-15	2023-05-15	t	Depsito em Dlar no Paraguai
0	2023-05-15	2023-05-15	t	Conta nula
\.


--
-- Data for Name: Contas_conta; Type: TABLE DATA; Schema: public; Owner: unicatech
--

COPY public."Contas_conta" (id, criados, modificado, ativo, "nomeConta", categoria_id, taxas, descricao, cartao, valor_dolar_medio, taxa_wire) FROM stdin;
17	2023-10-30	2023-10-30	t	Cofre	3	0	\t\t\t\t\t\t\t\t\t\t	\N	0	0
0	2023-10-30	2023-10-30	t	Conta Retirada	3	0		0	0	0
16	2023-10-30	2023-10-30	t	Bank of America	4	0.25	\t\t\t\t\t\t\t\t\t\t	\N	4.908	30
22	2024-01-06	2024-01-06	t	Chase	4	0.25	\t\t\t\t\t\t\t\t\t\t	\N	0	30
23	2024-02-12	2024-02-12	t	Pix Nubank	2	0	\t\t\t\t\t\t\t\t\t\t\t\t\t\t\t\t\t\t\t\t\t\r\n\t\t\t\t\t\t\t\t\t\t	\N	0	0
-1	2024-03-10	2024-03-10	t	Recebimento de Aparelho	2	0	\t\t\t\t\t\t\t\t\t\t	\N	0	0
18	2023-11-05	2023-11-05	t	Carto de Crdito	1	0	\t\t\t\t\t\t\t\t\t\t\t\t\t\t\t\t\t\t\t\t\t\t\t\t\t\t\t\t\t\t\t\t\t\t\t\t\t\t\t\t\t\t\t\t\t\t\t\t\t\t\t\t\t\t\t\t\t\t\t\t\t\t\t\t\t\t\t\t\t\t\t\t\t\t\t\t\t\t\t\t\t\t\t\t\t\t\t\r\n\t\t\t\t\t\t\t\t\t\t\r\n\t\t\t\t\t\t\t\t\t\t\r\n\t\t\t\t\t\t\t\t\t\t\r\n\t\t\t\t\t\t\t\t\t\t\r\n\t\t\t\t\t\t\t\t\t\t\r\n\t\t\t\t\t\t\t\t\t\t\r\n\t\t\t\t\t\t\t\t\t\t	1	0	0
26	2024-04-18	2024-04-18	t	Conta do Amrico	2	0	\t\t\t\t\t\t\t\t\t\t\t\t\t\t\t\t\t\t\t\t\tConta Destinada aos cartes do Amrico\r\n\t\t\t\t\t\t\t\t\t\t	\N	0	0
\.


--
-- Data for Name: Contas_movimentacaoconta; Type: TABLE DATA; Schema: public; Owner: unicatech
--

COPY public."Contas_movimentacaoconta" (id, criados, modificado, ativo, "contaCredito_id", "contaDebito", "valorCredito", "valorDebito", "identificadorCompra", "identificadorVenda", descricao, "cotacaoDolar", "identificadorDolar") FROM stdin;
89	2023-10-30	2023-10-30	t	16	0	19487	0	0	0	Saldo Inicial	4.908	t
90	2023-10-30	2023-10-30	t	\N	16	0	19717	1	0	[]	4.908	t
91	2023-10-30	2023-10-30	t	16	0	19717	0	2	0	[]	0	t
92	2023-10-30	2023-10-30	t	\N	16	0	19487	1	0	[]	4.908	t
93	2023-10-30	2023-10-30	t	17	0	102000	0	0	0	Saldo Inicial	0	f
96	2023-10-30	2023-10-30	t	16	17	20118.343195266272	102000	0	0		5.07	t
97	2023-10-30	2023-10-31	t	16	0	19487	0	1	0	[]	0	t
98	2023-10-30	2023-10-31	t	\N	16	0	19487	1	0	[]	4.908	t
99	2023-10-30	2023-11-04	t	16	0	19487	0	1	0	[]	0	t
100	2023-10-30	2023-11-04	t	\N	16	0	19487	1	0	[]	4.908	t
101	2023-10-30	2023-11-04	t	16	0	19487	0	1	0	[]	0	t
102	2023-10-30	2023-11-04	t	\N	16	0	19487	1	0	[]	4.908	t
103	2023-10-30	2023-11-04	t	16	0	19487	0	1	0	[]	0	t
104	2023-10-30	2023-11-04	t	\N	16	0	19830	1	0	[]	4.908	t
105	2023-10-30	2023-11-04	t	16	0	19830	0	1	0	[]	0	t
106	2023-10-30	2023-11-04	t	\N	16	0	19487	1	0	[]	4.908	t
108	2023-11-05	2023-11-05	t	18	0	1220.535	0	0	5		0	f
109	2023-11-05	2023-11-05	t	18	0	2254.483	0	0	5		0	f
110	2023-11-03	2023-11-05	t	18	0	2181.4128	0	0	5		0	f
111	2023-11-03	2023-11-05	t	18	0	1708.749	0	0	5		0	f
112	2023-11-05	2023-11-05	t	18	0	2260.25	0	0	5		0	f
113	2023-11-05	2023-11-05	t	18	0	271.712	0	0	5		0	f
114	2023-11-04	2023-11-05	t	18	0	1808.2	0	0	5		0	f
115	2023-11-04	2023-11-05	t	18	0	3376.992	0	0	5		0	f
117	2023-11-08	2023-11-10	t	18	0	1356.15	0	0	5		0	f
126	2023-11-12	2023-11-12	t	18	0	2929.284	0	0	5		0	f
127	2023-11-11	2023-11-12	t	18	0	1251.816	0	0	5		0	f
128	2023-11-13	2023-11-14	t	18	0	1446.56	0	0	5		0	f
129	2023-11-14	2023-11-14	t	18	0	2486.275	0	0	5		0	f
130	2023-11-14	2023-11-14	t	18	0	570.6600000000001	0	0	5		0	f
131	2023-11-15	2023-11-16	t	18	0	2956.407	0	0	5		0	f
132	2023-11-16	2023-11-16	t	18	0	542.46	0	0	5		0	f
133	2023-11-20	2023-11-21	t	18	0	1398.15	0	0	5		0	f
134	2023-11-20	2023-11-21	t	18	0	1256.699	0	0	5		0	f
135	2023-11-21	2023-11-21	t	18	0	2710.635	0	0	5		0	f
136	2023-11-21	2023-11-21	t	18	0	1265.74	0	0	5		0	f
137	2023-11-21	2023-11-21	t	18	0	1410.396	0	0	5		0	f
138	2023-11-21	2023-11-21	t	18	0	1408.8348	0	0	5		0	f
140	2023-11-23	2023-11-23	t	18	0	1105.4408	0	0	5		0	f
143	2023-11-24	2023-11-24	t	18	0	1698.2	0	0	5		0	f
145	2023-11-24	2023-11-24	t	18	0	2802.71	0	0	9		0	f
147	2023-11-24	2023-11-24	t	18	0	1808.2	0	0	8		0	f
148	2023-11-24	2023-11-24	t	17	0	300	0	0	5	3 CARREGADORES AMRICO	0	f
149	2023-11-24	2023-11-24	t	17	0	800	0	0	10		0	f
150	2023-11-24	2023-11-24	t	18	0	1310.945	0	0	10		0	f
153	2023-11-25	2023-11-25	t	17	0	60	0	0	5	1 CARREGADOR + 1 CABO	0	f
154	2023-11-25	2023-11-25	t	18	0	903.5156000000001	0	0	13		0	f
156	2023-11-25	2023-11-25	t	17	0	80	0	0	5	Carregador Amrico	0	f
157	2023-11-25	2023-11-25	t	18	0	1356.15	0	0	5		0	f
160	2023-11-27	2023-11-28	t	18	0	1398.15	0	0	5		0	f
161	2023-11-28	2023-11-28	t	18	0	1464.642	0	0	6		0	f
162	2023-11-28	2023-11-28	t	17	0	2435.358	0	0	6	Carto 3720 10x	0	f
163	2023-11-28	2023-11-28	t	17	0	329.6586000000025	0	0	5	Cartao 1620 10x	0	f
164	2023-11-28	2023-11-28	t	17	0	598.23	0	0	12	Cartao 3720 10x	0	f
165	2023-11-28	2023-11-28	t	18	0	2609.1408	0	0	15		0	f
166	2023-11-29	2023-11-30	t	17	0	990.8	0	0	8	Cartao Visa 2690 10x	0	f
167	2023-11-29	2023-11-30	t	17	0	1441.23	0	0	12	Cartao 2690 10x	0	f
168	2023-11-30	2023-11-30	t	18	0	2007.102	0	0	17		0	f
172	2023-11-30	2023-11-30	t	16	17	600	2928	0	0		4.88	t
159	2023-11-27	2023-11-27	f	18	0	1012.592	0	0	14		0	f
11	2023-05-15	2023-05-15	t	\N	2	0	4000	12	0	[]	4.9773	f
12	2023-05-18	2023-05-18	t	\N	1	0	300	13	0	[]	4.9682	f
139	2023-11-23	2023-11-23	f	17	0	1200	0	0	7		0	f
174	2023-11-30	2023-11-30	t	16	17	679.5102880658436	3302.42	0	0		4.86	t
175	2023-11-30	2023-11-30	t	16	17	1	4.86	0	0		4.86	t
177	2023-11-30	2023-11-30	t	16	21	3273.688888888889	16204.76	0	0		4.95	t
107	2023-11-05	2023-11-05	t	18	0	1054.33	0	0	0	Saldo Inicial	0	f
178	2023-12-01	2023-12-01	t	18	0	1504.1200000000001	0	0	16		0	f
179	2023-12-02	2023-12-02	t	18	0	2003.612	0	0	18		0	f
180	2023-12-02	2023-12-02	t	17	0	800	0	0	18		0	f
181	2023-12-02	2023-12-02	t	17	0	2000	0	0	19		0	f
182	2023-12-02	2023-12-02	t	17	0	2000	0	0	20		0	f
184	2023-12-02	2023-12-02	t	18	0	1609.298	0	0	21		0	f
189	2023-12-04	2023-12-04	t	18	0	1301.904	0	0	23		0	f
191	2023-12-02	2023-12-04	t	18	0	1514.8700000000001	0	0	16		0	f
194	2023-12-04	2023-12-04	t	18	0	1057.797	0	0	21		0	f
195	2023-12-04	2023-12-04	t	17	0	440	0	0	21	4 carregadores 80\r\n2 carregadores 60	0	f
196	2023-12-04	2023-12-04	t	17	0	255.7	0	0	21	Capinhas e pelculas	0	f
197	2023-12-05	2023-12-05	t	18	0	1552.1952	0	0	26		0	f
198	2023-12-05	2023-12-05	t	18	0	3101.028	0	0	26		0	f
199	2023-12-05	2023-12-05	t	18	0	334.517	0	0	27		0	f
200	2023-12-05	2023-12-05	t	18	0	623.8290000000001	0	0	27		0	f
202	2023-12-05	2023-12-05	t	17	0	80	0	0	27	Carregador	0	f
203	2023-12-05	2023-12-05	t	17	0	260.53999999999996	0	0	12	1 Manta 1 tela 11 pro max. 440 no total	0	f
204	2023-12-05	2023-12-05	t	17	0	46.77679999999964	0	0	26	1 Manta 1 tela 11 pro max. 440 no total	0	f
205	2023-12-05	2023-12-05	t	17	0	87.20500000000084	0	0	21	1 Manta 1 tela 11 pro max. 440 no total	0	f
206	2023-12-05	2023-12-05	t	17	0	45.47	0	0	16	1 Manta 1 tela 11 pro max. 440 no total	0	f
207	2023-12-05	2023-12-05	t	17	0	1761.654	0	0	27	Carto 2330 3x	0	f
208	2023-12-05	2023-12-05	t	17	0	475.37	0	0	15	Carto 2330 2x	0	f
210	2023-12-05	2023-12-05	t	17	0	80	0	0	16	Carregador 12 pro	0	f
211	2023-12-07	2023-12-07	t	18	0	1256.699	0	0	30		0	f
212	2023-11-17	2023-12-07	t	18	0	1603.98	0	0	30		0	f
213	2023-12-09	2023-12-09	t	18	0	1603.98	0	0	31		0	f
214	2023-12-08	2023-12-09	t	18	0	1401.7459999999999	0	0	30		0	f
215	2023-12-09	2023-12-09	t	18	0	248.59650000000002	0	0	15		0	f
216	2023-12-09	2023-12-09	t	18	0	2309.7312	0	0	32		0	f
217	2023-12-09	2023-12-09	t	17	0	120	0	0	16	Dois carregadores + Dois cabos 60 cada	0	f
218	2023-12-12	2023-12-12	t	18	0	2405.97	0	0	33		0	f
219	2023-12-10	2023-12-12	t	18	0	904.1	0	0	34		0	f
220	2023-12-11	2023-12-12	t	18	0	252.304	0	0	34		0	f
221	2023-12-12	2023-12-12	t	18	0	855.6678	0	0	34		0	f
222	2023-12-12	2023-12-12	t	18	0	2309.7312	0	0	35		0	f
224	2023-12-13	2023-12-13	t	17	0	1000	0	0	37		0	f
225	2023-12-13	2023-12-13	t	17	0	1000	0	0	38		0	f
226	2023-12-13	2023-12-13	t	18	0	705.7512	0	0	38	Cartao Evando	0	f
227	2023-12-13	2023-12-13	t	18	0	705.7512	0	0	38	Cartao Rosilene	0	f
228	2023-12-13	2023-12-13	t	18	0	2405.2086	0	0	39		0	f
229	2023-12-13	2023-12-13	t	18	0	1655.9872	0	0	40		0	f
230	2023-12-13	2023-12-13	t	17	0	300	0	0	34	5 carregadores	0	f
231	2023-12-13	2023-12-13	t	18	0	1901.5412000000001	0	0	41		0	f
232	2023-12-13	2023-12-13	t	17	0	120	0	0	34	2 carregadores	0	f
233	2023-12-13	2023-12-13	t	17	0	266.8926999999999	0	0	15	Tela 11 pro max	0	f
234	2023-12-13	2023-12-13	t	17	0	85.53999999999996	0	0	16		0	f
235	2023-12-13	2023-12-13	t	17	0	67.92819999999983	0	0	34	Tela 11 pro max	0	f
236	2023-12-13	2023-12-13	t	17	0	19.64	0	0	40	Tela 11 pro max	0	f
237	2023-12-13	2023-12-13	t	17	0	737.5749999999998	0	0	30	Cartao 1000 10x	0	f
238	2023-12-13	2023-12-13	t	17	0	166.52	0	0	40	Cartao 1000 10x	0	f
239	2023-12-14	2023-12-14	t	17	0	500	0	0	42		0	f
186	2023-12-03	2023-12-03	t	0	19	0	5996.48	0	0		0	f
192	2023-12-04	2023-12-04	f	17	0	2000	0	0	25		0	f
241	2023-12-14	2023-12-14	t	18	0	1500.7384	0	0	42		0	f
242	2023-12-14	2023-12-14	t	18	0	3110.097	0	0	43		0	f
243	2023-12-14	2023-12-14	t	18	0	1907.651	0	0	44		0	f
244	2023-12-14	2023-12-14	t	18	0	1708.749	0	0	45		0	f
245	2023-12-14	2023-12-14	t	17	0	200	0	0	45	Venda 11 pro max lancada com valor de 2400 quando o vendido foi 2200	0	f
247	2023-12-14	2023-12-14	t	17	0	557.8527999999999	0	0	40	Cartao 912 6x com retirada de 140 reais do excedente de tela	0	f
249	2023-12-14	2023-12-14	t	17	0	152.22	0	0	45	cARTAO 912 6X valor restante tirando 557.85	0	f
250	2023-12-14	2023-12-14	t	17	0	297	0	0	43	11 cabos usb-c comprados pelo Amrico	0	f
251	2023-12-14	2023-12-14	t	17	0	392.9029999999998	0	0	43	Recebido espcie 500 e 32 no pix	0	f
252	2023-12-14	2023-12-14	t	17	0	139.03099999999995	0	0	45	Recebido espcie 500 e 32 no pix	0	f
254	2023-12-16	2023-12-17	t	18	0	1860.6168	0	0	46		0	f
255	2023-12-16	2023-12-17	t	18	0	1007.2149000000001	0	0	46		0	f
256	2023-12-19	2023-12-19	t	18	0	1903.3896	0	0	49		0	f
258	2023-12-19	2023-12-19	t	17	0	650	0	0	50	cARTO DE DBITO ELO 657	0	f
260	2023-12-19	2023-12-19	t	17	0	315	0	0	46	Embalagem lcool\r\ntela 11 pro max	0	f
262	2023-12-19	2023-12-19	t	18	0	542.46	0	0	47		0	f
263	2023-12-20	2023-12-20	t	17	0	1000	0	0	53		0	f
268	2023-12-20	2023-12-20	t	18	0	953.8255	0	0	53		0	f
269	2023-12-20	2023-12-20	t	18	0	953.8255	0	0	53		0	f
271	2023-12-20	2023-12-20	t	18	0	1708.749	0	0	54		0	f
272	2023-12-20	2023-12-20	t	18	0	713.325	0	0	47	cartao americo	0	f
273	2023-12-20	2023-12-20	t	18	0	288.03	0	0	47	cartao americo	0	f
274	2023-12-20	2023-12-20	t	18	0	1401.355	0	0	50	carto amrico	0	f
275	2023-12-20	2023-12-20	t	18	0	618.215	0	0	48	carto amrico	0	f
276	2023-12-20	2023-12-20	t	18	0	698.688	0	0	48		0	f
277	2023-12-20	2023-12-20	t	18	0	705.198	0	0	48	carto amrico	0	f
278	2023-12-20	2023-12-21	t	18	0	4554.46	0	0	55	cartao americo	0	f
279	2023-12-21	2023-12-21	t	17	0	17.168299999999817	0	0	46	Cartoes 500 1x 3370 6x 2580 12x	0	f
280	2023-12-21	2023-12-21	t	17	0	356.1850000000004	0	0	47	Cartoes 500 1x 3370 6x 2580 12x	0	f
281	2023-12-21	2023-12-21	t	17	0	477.8989999999999	0	0	48	Cartoes 500 1x 3370 6x 2580 12x	0	f
282	2023-12-21	2023-12-21	t	17	0	148.64499999999998	0	0	50	Cartoes 500 1x 3370 6x 2580 12x	0	f
283	2023-12-21	2023-12-21	t	17	0	45.539999999999964	0	0	55	Cartoes 500 1x 3370 6x 2580 12x	0	f
284	2023-12-21	2023-12-21	t	18	0	4106.1888	0	0	56		0	f
286	2023-12-22	2023-12-22	t	18	0	2309.7312	0	0	58		0	f
287	2023-12-23	2023-12-23	t	17	0	1100	0	0	59	Retorno iphone 11 64gb branco	0	f
289	2023-12-23	2023-12-23	t	17	0	900	0	0	59	Valor carto iphone 11 64 retornado claudio	0	f
290	2023-12-23	2023-12-23	t	17	0	2400	0	0	60		0	f
292	2023-12-23	2023-12-23	t	17	0	2750	0	0	61	Saldo a transferir para o Amrico	0	f
296	2023-12-26	2023-12-26	t	17	0	1300	0	0	62		0	f
298	2023-12-26	2023-12-26	t	\N	17	0	995	2	0	[]	4.9277	f
299	2023-12-26	2023-12-26	t	17	0	4731.27	0	0	63		0	f
300	2023-12-26	2023-12-26	t	17	0	2500	0	0	65		0	f
301	2023-12-26	2023-12-26	t	18	0	2005.8992	0	0	64		0	f
302	2023-12-26	2023-12-26	t	17	0	994.1007999999999	0	0	64		0	f
303	2023-12-27	2023-12-27	t	18	0	1914.975	0	0	66		0	f
306	2023-12-27	2023-12-27	t	18	0	659.414	0	0	68		0	f
308	2023-12-27	2023-12-27	t	18	0	605.948	0	0	68		0	f
309	2023-12-27	2023-12-27	t	18	0	712.88	0	0	68		0	f
310	2023-12-27	2023-12-27	t	18	0	383.173	0	0	68		0	f
312	2023-12-27	2023-12-27	t	18	0	1670.8125	0	0	69		0	f
313	2023-12-20	2023-12-27	t	17	0	4700	0	0	70	Cartes 3340 10x 2180 10x Sobram desta conta\r\nR$290,63	0	f
314	2023-12-27	2023-12-27	t	17	0	290.63	0	0	67	Carto 3340 10x 2180 10x Resto do 13 pro max de 4700 R$290,63	0	f
315	2023-12-27	2023-12-27	t	17	0	270	0	0	67	10 cabos USB-C para Carregadores	0	f
316	2023-12-28	2023-12-28	t	18	0	1162.1770000000001	0	0	63	Carto Amrico	0	f
317	2023-12-29	2023-12-29	t	18	0	2310.1155	0	0	71		0	f
319	2023-12-29	2023-12-29	t	18	0	3803.0824000000002	0	0	73		0	f
320	2023-12-30	2023-12-30	t	17	0	3800	0	0	74	Carto 4300 10x	0	f
321	2023-12-30	2023-12-30	t	17	0	87.63	0	0	67	Carto 4300 10x	0	f
323	2023-12-30	2023-12-30	t	18	0	994.51	0	0	75	Carto Amrico 	0	f
325	2023-12-30	2023-12-30	t	18	0	19.802	0	0	75	Carto Amrico	0	f
293	2023-12-24	2023-12-24	t	0	17	0	10000	0	0	Retirada	0	f
367	2024-01-08	2024-01-08	t	18	0	452.1642	0	0	80		0	f
369	2024-01-08	2024-01-08	t	16	18	2000	9740	0	0		4.87	t
340	2023-12-31	2023-12-31	t	16	17	350.71119356833645	4650.22	0	0		6.55	t
341	2023-12-01	2023-12-31	t	\N	16	0	14426.2	3	0	[]	5.0445	t
185	2023-12-03	2023-12-03	t	0	17	0	4800	0	0		0	f
344	2023-12-31	2023-12-31	t	18	0	732.08	0	0	67	Carto Amrico	0	f
348	2024-01-02	2024-01-02	t	18	0	82.48400000000001	0	0	63	Carto Amrico	0	f
193	2023-12-02	2023-12-04	f	18	0	1618.339	0	0	25		0	f
350	2024-01-03	2024-01-03	t	18	0	297.03	0	0	63		0	f
351	2024-01-03	2024-01-03	t	18	0	190.22	0	0	63		0	f
352	2024-01-03	2024-01-03	t	18	0	1175.33	0	0	75	Carto Amrico	0	f
353	2024-01-03	2024-01-03	t	18	0	355.1301	0	0	63		0	f
354	2024-01-03	2024-01-03	t	17	0	69.65999999999985	0	0	67	Do carto do Amrico	0	f
355	2024-01-04	2024-01-04	t	18	0	1104.964	0	0	78		0	f
358	2024-01-04	2024-01-04	t	17	0	200	0	0	78	Entregue acerto de contas amrico	0	f
359	2024-01-04	2024-01-04	t	18	0	2304.1512000000002	0	0	79		0	f
360	2024-01-06	2024-01-06	t	22	0	0	0	0	0	Saldo Inicial	0	t
361	2024-01-06	2024-01-06	t	22	18	11200.016140096033	55514	0	0		4.9566	t
362	2024-01-06	2024-01-06	t	16	18	1338.241308793456	6544	0	0		4.89	t
363	2024-01-06	2024-01-06	t	\N	22	0	236.69	3	0	Frete	4.999040827438738	t
364	2024-01-08	2024-01-08	t	16	18	431.1740890688259	2130	0	0		4.94	t
365	2024-01-08	2024-01-08	t	18	0	3411.1308	0	0	81		0	f
366	2024-01-08	2024-01-08	t	18	0	452.1642	0	0	80		0	f
370	2024-01-09	2024-01-09	t	0	18	0	12000	0	0	Retirada	0	f
373	2024-01-10	2024-01-10	t	17	0	250	0	0	82		0	f
374	2024-01-10	2024-01-10	t	\N	17	0	0	4	0	Frete	0	f
372	2024-01-10	2024-01-10	t	\N	17	0	1123.5	4	0	[]	1	f
378	2024-01-10	2024-01-10	t	\N	17	0	0	4	0	Frete	1	f
380	2024-01-11	2024-01-11	t	18	0	1012.592	0	0	83		0	f
381	2024-01-11	2024-01-11	t	16	18	6000	29340	0	0		4.89	t
382	2024-01-11	2024-01-11	t	16	18	9478.233606557376	46253.78	0	0		4.88	t
383	2024-01-11	2024-01-11	t	16	19	892.0081967213115	4353	0	0		4.88	t
384	2024-01-11	2024-01-11	t	0	17	0	26240.82	0	0	Retirada	0	f
385	2024-01-11	2024-01-11	t	0	19	0	26652.01	0	0	Retirada	0	f
386	2024-01-11	2024-01-11	t	\N	22	0	7945	5	0	[]	4.9465	t
388	2024-01-11	2024-01-11	t	18	0	4817.86	0	0	0	ajuste de saldo	1	f
389	2024-01-13	2024-01-13	t	18	0	155.264	0	0	84		0	f
387	2024-01-11	2024-01-11	t	22	0	-1339.84	0	0	0	ajuste de saldo	4.9294	t
390	2024-01-13	2024-01-13	t	18	0	3613.865	0	0	85		0	f
391	2024-01-13	2024-01-13	t	17	0	6.135000000000218	0	0	85		0	f
392	2024-01-13	2024-01-13	t	0	0	2500	0	0	52	Recebido do Amrico	0	f
393	2024-01-13	2024-01-13	t	0	17	0	2506.14	0	0	Retirada	0	f
399	2024-01-14	2024-01-14	t	\N	17	0	357	6	0	[]	1	f
400	2024-01-14	2024-01-14	t	17	0	2857	0	0	0		0	f
401	2024-01-15	2024-01-15	t	17	0	3650	0	0	87		0	f
402	2024-01-15	2024-01-15	t	0	17	0	3650	0	0	Retirada	0	f
404	2024-01-15	2024-01-15	t	17	0	750	0	0	88		0	f
406	2024-01-15	2024-01-15	t	\N	18	0	7243.2	3	0	Frete	1	f
407	2024-01-16	2024-01-16	t	\N	17	0	513.6	7	0	[]	1	f
409	2024-01-16	2024-01-16	t	0	17	0	236.4	0	0	Retirada	0	f
411	2024-01-16	2024-01-16	t	18	0	2619.6857999999997	0	0	90		0	f
414	2024-01-16	2024-01-16	t	0	17	0	700	0	0	Retirada	0	f
415	2024-01-16	2024-01-16	t	\N	19	0	300	3	0	Frete	1	f
417	2024-01-16	2024-01-16	t	0	19	0	1755.96	0	0	Retirada	0	f
418	2024-01-16	2024-01-16	t	17	0	700	0	0	90		0	f
420	2024-01-17	2024-01-17	t	0	19	0	2650	0	0	Retirada	0	f
421	2024-01-17	2024-01-17	t	17	0	0.02	0	0	92		0	f
422	2024-01-18	2024-01-18	t	\N	17	0	483.2	8	0	[]	1	f
423	2024-01-18	2024-01-18	t	17	0	483.18	0	0	0		0	f
426	2024-01-19	2024-01-19	t	\N	17	0	483.2	9	0	[]	1	f
427	2024-01-19	2024-01-19	t	17	0	483.2	0	0	0		0	f
429	2024-01-21	2024-01-21	t	0	19	0	9.5	0	0	Retirada	0	f
437	2023-12-01	2024-01-21	t	\N	17	0	2000	0	0	Aluguel	1	f
438	2024-01-21	2024-01-21	t	17	0	2000	0	0	0		0	f
441	2024-01-05	2024-01-21	t	\N	17	0	240	0	0	Impostos Baterias e Flex	1	f
443	2024-01-22	2024-01-22	t	17	0	240	0	0	0		0	f
444	2024-01-24	2024-01-24	t	\N	17	0	330	3	0	Frete	1	f
445	2024-01-24	2024-01-24	t	\N	17	0	600	3	0	Frete	1	f
446	2024-01-24	2024-01-24	t	17	0	930	0	0	0		0	f
448	2024-01-27	2024-01-27	t	17	0	0.02	0	0	103		0	f
449	2024-01-27	2024-01-27	t	18	0	1505.6505	0	0	104		0	f
451	2024-01-29	2024-01-29	t	18	0	1411.5024	0	0	105		0	f
452	2024-01-29	2024-01-29	t	18	0	812.6832	0	0	105		0	f
453	2024-01-29	2024-01-29	t	17	0	0.02	0	0	107		0	f
454	2024-01-29	2024-01-29	t	17	0	0.02	0	0	106		0	f
456	2024-01-30	2024-01-30	t	18	0	1604.2376000000002	0	0	108		0	f
457	2024-01-30	2024-01-30	t	17	0	3500	0	0	109	Crdito do amrico na maquineta	0	f
458	2024-01-30	2024-01-30	t	18	0	1914.0828	0	0	110		0	f
459	2024-01-30	2024-01-30	t	16	19	100.00000000000001	502	0	0		5.02	t
460	2024-01-31	2024-01-31	t	17	0	0.02	0	0	111		0	f
461	2024-01-31	2024-01-31	t	17	0	400	0	0	112		0	f
463	2024-01-01	2024-01-31	t	\N	17	0	2000	0	0	Aluguel	1	f
464	2024-01-01	2024-01-31	t	\N	22	0	167	0	0	Contador EUA	4.92939670066635	t
465	2024-02-01	2024-02-01	t	17	0	2028	0	0	113		0	f
467	2024-02-02	2024-02-02	t	18	0	506.574	0	0	114		0	f
469	2024-02-03	2024-02-03	t	18	0	1814.1585	0	0	115		0	f
470	2024-02-03	2024-02-03	t	17	0	800	0	0	116		0	f
471	2024-02-03	2024-02-03	t	18	0	1033.6788	0	0	116		0	f
472	2024-02-03	2024-02-03	t	18	0	1806.4098000000001	0	0	117		0	f
473	2024-02-03	2024-02-03	t	17	0	500	0	0	118	Pagamento Smia	0	f
475	2024-02-05	2024-02-05	t	17	0	100	0	0	118	Pagamento Smia	0	f
477	2024-02-05	2024-02-05	t	18	0	97.04	0	0	120		0	f
478	2024-02-05	2024-02-05	t	17	0	0.01999999999998181	0	0	119		0	f
481	2024-02-06	2024-02-06	t	18	0	1207.932	0	0	121		0	f
483	2024-02-07	2024-02-07	t	18	0	1808.2376000000002	0	0	123		0	f
484	2024-02-09	2024-02-09	t	18	0	3905.712	0	0	125		0	f
485	2024-02-09	2024-02-09	t	18	0	2983.53	0	0	125		0	f
486	2024-02-09	2024-02-09	t	17	0	1200	0	0	126		0	f
488	2024-02-09	2024-02-09	t	18	0	97.04	0	0	126		0	f
489	2024-02-09	2024-02-09	t	17	0	2.980000000000018	0	0	126	Perda	0	f
490	2024-02-09	2024-02-09	t	17	0	13000	0	0	128	Recebidos do carto do Amrico	0	f
491	2024-02-10	2024-02-10	t	18	0	1808.2	0	0	130		0	f
492	2024-02-11	2024-02-11	t	\N	17	0	0	5	0	Frete	1	f
493	2024-02-12	2024-02-12	t	\N	17	0	500	0	0	teste	1	f
494	2024-02-12	2024-02-12	t	23	0	0	0	0	0	Saldo Inicial	0	f
495	2024-02-12	2024-02-12	t	23	0	500	0	0	126		0	f
496	2024-02-12	2024-02-12	t	23	0	2000	0	0	22		0	f
497	2024-02-12	2024-02-12	t	23	0	699.2616	0	0	42		0	f
498	2024-02-12	2024-02-12	t	23	0	3450	0	0	29		0	f
499	2024-02-12	2024-02-12	t	23	0	2298.096	0	0	23		0	f
500	2024-02-12	2024-02-12	t	23	0	972.3580000000002	0	0	75		0	f
501	2024-02-12	2024-02-12	t	23	0	1200	0	0	28		0	f
502	2024-02-12	2024-02-12	t	23	0	400	0	0	59		0	f
503	2024-02-12	2024-02-12	t	18	0	198.01999999999998	0	0	50		0	f
504	2024-02-12	2024-02-12	t	23	0	1.9800000000000182	0	0	50		0	f
505	2024-02-12	2024-02-12	t	23	0	1702.96	0	0	120		0	f
506	2024-02-12	2024-02-12	t	23	0	1800	0	0	119		0	f
507	2024-02-12	2024-02-12	t	23	0	600	0	0	62		0	f
508	2024-02-12	2024-02-12	t	23	0	1800.02	0	0	122		0	f
509	2024-02-12	2024-02-12	t	23	0	1399.999999999999	0	0	21		0	f
510	2024-02-12	2024-02-12	t	23	0	1000	0	0	60		0	f
511	2024-02-12	2024-02-12	t	23	0	3800	0	0	51		0	f
512	2024-02-12	2024-02-12	t	23	0	229.1875	0	0	69		0	f
513	2024-02-12	2024-02-12	t	23	0	1491.251	0	0	54		0	f
514	2024-02-12	2024-02-12	t	23	0	1900	0	0	77		0	f
515	2024-02-12	2024-02-12	t	23	0	2392.0880000000006	0	0	121		0	f
516	2024-02-12	2024-02-12	t	23	0	1600	0	0	11		0	f
517	2024-02-12	2024-02-12	t	23	0	3400	0	0	76		0	f
518	2024-02-12	2024-02-12	t	23	0	236.40800000000002	0	0	83		0	f
519	2024-02-05	2024-02-12	t	23	0	1800	0	0	24		0	f
520	2024-02-12	2024-02-12	t	23	0	2699.9999999999995	0	0	47		0	f
521	2024-02-12	2024-02-12	t	23	0	1896.4843999999998	0	0	13		0	f
522	2024-02-12	2024-02-12	t	23	0	1800.02	0	0	124		0	f
523	2024-02-12	2024-02-12	t	23	0	1500	0	0	102		0	f
524	2024-02-12	2024-02-12	t	23	0	195.78239999999983	0	0	108		0	f
525	2024-02-12	2024-02-12	t	23	0	2300	0	0	36		0	f
526	2024-02-12	2024-02-12	t	23	0	1800	0	0	91		0	f
527	2024-02-12	2024-02-12	t	23	0	2300	0	0	57		0	f
528	2024-02-12	2024-02-12	t	23	0	4700	0	0	72		0	f
529	2024-02-12	2024-02-12	t	17	0	394.34950000000003	0	0	104		0	f
530	2024-02-12	2024-02-12	t	23	0	1550	0	0	67		0	f
531	2024-02-12	2024-02-12	t	23	0	38.585000000000036	0	0	68		0	f
532	2024-02-12	2024-02-12	t	23	0	795.6716	0	0	80		0	f
533	2024-02-12	2024-02-12	t	17	0	400	0	0	114		0	f
534	2024-02-12	2024-02-12	t	23	0	995.0360000000001	0	0	78		0	f
535	2024-02-12	2024-02-12	t	23	0	2900	0	0	88		0	f
536	2024-02-12	2024-02-12	t	23	0	160	0	0	86		0	f
537	2024-02-12	2024-02-12	t	23	0	1500	0	0	112		0	f
538	2024-02-12	2024-02-12	t	23	0	43.426	0	0	114		0	f
539	2024-02-12	2024-02-12	t	0	23	0	55366.11	0	0	Retirada	0	f
540	2024-02-25	2024-02-13	t	\N	17	0	90	0	0	teste	1	f
541	2024-02-13	2024-02-13	t	\N	17	0	245	0	0	Propaganda iPhone 11 1800	1	f
542	2024-02-13	2024-02-13	t	\N	17	0	70	0	0	Propaganda iPhone 11 1800	1	f
543	2024-02-14	2024-02-14	t	23	0	1800.02	0	0	132		0	f
545	2024-02-14	2024-02-14	t	17	0	1000	0	0	129	Depsito Arnaldo	0	f
546	2024-02-14	2024-02-14	t	17	0	1000	0	0	129		0	f
547	2024-02-15	2024-02-15	t	18	0	1504.4094	0	0	134		0	f
550	2024-02-15	2024-02-15	t	17	0	0.02	0	0	136		0	f
551	2024-02-16	2024-02-16	t	\N	17	0	245	0	0	Propaganda iPhone 11 1800	1	f
552	2024-02-16	2024-02-18	t	\N	17	0	245	0	0	Propaganda iPhone 11 1800	1	f
549	2024-02-15	2024-02-15	f	18	0	506.574	0	0	135		0	f
553	2024-02-20	2024-02-20	t	23	0	1000	0	0	137		0	f
554	2024-02-20	2024-02-20	t	23	0	450	0	0	137		0	f
555	2024-02-19	2024-02-20	t	23	0	4000	0	0	138		0	f
556	2024-02-19	2024-02-20	t	23	0	2750	0	0	138		0	f
557	2024-02-15	2024-02-20	t	17	0	1450	0	0	129	Deposito Arnaldinho	0	f
558	2024-02-20	2024-02-20	t	17	0	50	0	0	129	Recebimento 230 arnaldinho com carregadores	0	f
559	2024-02-20	2024-02-20	t	23	0	180	0	0	139		0	f
560	2024-02-19	2024-02-20	t	17	0	1500	0	0	129	Deposito Arnaldo	0	f
561	2024-02-20	2024-02-20	t	17	0	50	0	0	129	Desconto em aparelho	0	f
562	2024-02-19	2024-02-20	t	18	0	1808.2376000000002	0	0	140		0	f
563	2024-02-20	2024-02-20	t	18	0	1805.8425000000002	0	0	141		0	f
564	2024-02-21	2024-02-21	t	17	0	300	0	0	142		0	f
565	2024-02-21	2024-02-21	t	18	0	1504.5992	0	0	142		0	f
566	2024-02-22	2024-02-22	t	18	0	1507.1256	0	0	143		0	f
567	2024-02-22	2024-02-22	t	23	0	999	0	0	144		0	f
568	2024-02-22	2024-02-22	t	17	0	501.02	0	0	144		0	f
569	2024-02-22	2024-02-22	t	18	0	1807.1508000000001	0	0	145		0	f
570	2024-02-23	2024-02-23	t	\N	16	0	16272	10	0	[]	4.9294	t
571	2024-02-23	2024-02-23	t	\N	22	0	137.1	10	0	Frete	4.88530151918021	t
572	2024-02-23	2024-02-23	t	23	0	3300	0	0	148		0	f
573	2024-02-23	2024-02-23	t	23	0	1800.02	0	0	146		0	f
575	2024-02-23	2024-02-23	t	\N	17	0	4291	10	0	Frete	1	f
576	2024-02-23	2024-02-23	t	\N	17	0	600	10	0	Frete	1	f
577	2024-02-23	2024-02-23	t	\N	17	0	50	10	0	Frete	1	f
578	2024-02-24	2024-02-24	t	17	0	1000	0	0	149		0	f
579	2024-02-24	2024-02-24	t	18	0	1303.0758	0	0	149		0	f
580	2024-02-24	2024-02-24	t	18	0	648.7416000000001	0	0	149		0	f
581	2024-02-24	2024-02-24	t	23	0	3000.0200000000004	0	0	150		0	f
582	2024-02-24	2024-02-24	t	23	0	55	0	0	149		0	f
583	2024-02-24	2024-02-24	t	18	0	1793.596	0	0	151		0	f
584	2024-02-24	2024-02-24	t	23	0	16	0	0	151		0	f
586	2024-02-24	2024-02-24	t	18	0	891.1	0	0	152		0	f
587	2024-02-24	2024-02-24	t	18	0	665.5602	0	0	152		0	f
588	2024-02-24	2024-02-24	t	18	0	1516.6602	0	0	152		0	f
589	2024-01-01	2024-02-25	t	\N	23	0	90	0	0	Internet	1	f
590	2024-02-26	2024-02-26	t	17	0	3000	0	0	153	Recebido do Carto do Amrico	0	f
592	2024-02-26	2024-02-26	t	18	0	1928.745	0	0	153		0	f
593	2024-02-26	2024-02-26	t	23	0	1450	0	0	154		0	f
594	2024-02-26	2024-02-26	t	17	0	5600	0	0	155		0	f
595	2024-02-29	2024-02-29	t	23	0	6650	0	0	157		0	f
596	2024-02-29	2024-02-29	t	17	0	115	0	0	156		0	f
597	2024-02-29	2024-02-29	t	23	0	285	0	0	156		0	f
598	2024-02-29	2024-02-29	t	18	0	1105.4408	0	0	156		0	f
599	2024-02-01	2024-03-02	t	\N	17	0	2000	0	0	Aluguel	1	f
600	2024-02-01	2024-03-02	t	\N	22	0	167	0	0	Contador EUA	4.885264383006831	t
601	2024-03-01	2024-03-02	t	17	0	600	0	0	158		0	f
602	2024-03-02	2024-03-02	t	23	0	1200.02	0	0	158		0	f
604	2024-03-02	2024-03-02	t	18	0	1211.494	0	0	159		0	f
605	2024-03-02	2024-03-02	t	17	0	1800	0	0	159	Recebido de volta de um iphone 11 64 preto da Antonia	0	f
606	2024-03-02	2024-03-02	t	17	0	0.03	0	0	160		0	f
607	2024-03-02	2024-03-02	t	17	0	5400	0	0	148	Recebimento do Amrico no carto de crdito	0	f
608	2024-03-02	2024-03-02	t	17	0	5550	0	0	137	Recebimento da venda do iphone 14 pro max recebido de troca da Handreara	0	f
574	2024-02-23	2024-02-23	f	23	0	3000.0200000000004	0	0	147		0	f
609	2024-03-02	2024-03-02	t	17	0	0.02	0	0	161		0	f
610	2024-03-02	2024-03-02	t	17	0	1650	0	0	162	Recebido do Amrico no saldo	0	f
611	2024-03-03	2024-03-03	t	23	0	2750	0	0	166		0	f
614	2024-03-04	2024-03-04	t	23	0	3100.0200000000004	0	0	176		0	f
615	2024-03-04	2024-03-04	t	18	0	1807.1508000000001	0	0	177		0	f
616	2024-03-04	2024-03-04	t	17	0	2750	0	0	178		0	f
612	2024-03-04	2024-03-04	f	18	0	59.346	0	0	175		0	f
613	2024-03-04	2024-03-04	f	17	0	0.6540000000000035	0	0	175		0	f
617	2024-03-06	2024-03-06	t	17	0	2557	0	0	114	recebido cartao venda iphone 11 antonio bezerra	0	f
618	2024-03-06	2024-03-06	t	17	0	143	0	0	114	prejuizo	0	f
619	2024-03-06	2024-03-06	t	18	0	4357.762	0	0	180		0	f
620	2024-03-06	2024-03-06	t	23	0	1200	0	0	179		0	f
621	2024-03-06	2024-03-06	t	17	0	1700.0200000000004	0	0	179	Cartao Americo	0	f
622	2024-03-07	2024-03-07	t	23	0	2250	0	0	182	Recebido XR de torna	0	f
623	2024-03-07	2024-03-07	t	18	0	1808.2	0	0	183		0	f
624	2024-03-07	2024-03-07	t	17	0	2750	0	0	181		0	f
625	2024-03-08	2024-03-08	t	23	0	1700	0	0	153	iphone 11 64 branco recebido	0	f
626	2024-03-08	2024-03-08	t	17	0	1700.02	0	0	184		0	f
627	2024-03-08	2024-03-08	t	17	0	100	0	0	185		0	f
628	2024-03-08	2024-03-08	t	18	0	1003.767	0	0	185		0	f
629	2024-03-08	2024-03-08	t	23	0	1700.02	0	0	186		0	f
630	2024-03-09	2024-03-09	t	17	0	2200	0	0	185	Recebido na torna de um 11	0	f
631	2024-03-09	2024-03-09	t	18	0	1703.4201	0	0	187		0	f
632	2024-03-09	2024-03-09	t	23	0	1800.02	0	0	188		0	f
633	2024-03-09	2024-03-09	t	18	0	805.288	0	0	189		0	f
667	2024-03-13	2024-03-13	t	18	0	1808.2	0	0	213		0	f
642	2024-03-10	2024-03-10	t	-1	0	0	0	0	0	Saldo Inicial	0	f
668	2024-03-13	2024-03-13	t	18	0	1310.4232	0	0	214		0	f
669	2024-03-13	2024-03-13	t	17	0	1500	0	0	214		0	f
646	2024-03-10	2024-03-10	f	0	0	800	0	0	202	Recebimento de Aparelho	0	f
670	2024-03-13	2024-03-13	t	17	0	1800.02	0	0	215	CARTAO DO AMERICO	0	f
648	2024-03-10	2024-03-10	f	0	0	800	0	0	203	Recebimento de Aparelho	0	f
671	2024-03-14	2024-03-14	t	18	0	3464.5968	0	0	216		0	f
650	2024-03-10	2024-03-10	f	0	-1	800	0	0	204	Recebimento de Aparelho	0	f
651	2024-03-10	2024-03-10	f	\N	-1	0	800	11	205	Recebimento de Aparelho	1	f
652	2024-03-10	2024-03-10	f	-1	0	800	0	0	205	Recebimento de Aparelho	0	f
653	2024-03-10	2024-03-10	f	\N	-1	0	800	12	206	Recebimento de Aparelho	1	f
654	2024-03-10	2024-03-10	f	-1	0	800	0	0	206	Recebimento de Aparelho	0	f
655	2024-03-10	2024-03-10	f	\N	-1	0	800	13	207	Recebimento de Aparelho	1	f
656	2024-03-10	2024-03-10	f	-1	0	800	0	0	207	Recebimento de Aparelho	0	f
672	2024-03-14	2024-03-14	t	23	0	800	0	0	217		0	f
658	2024-03-10	2024-03-10	f	-1	0	800	0	0	208	Recebimento de Aparelho	0	f
703	2024-03-20	2024-03-20	t	23	0	600	0	0	232		0	f
660	2024-03-10	2024-03-10	f	-1	0	800	0	0	209	Recebimento de Aparelho	0	f
661	2024-03-12	2024-03-12	t	18	0	3003.2262	0	0	210		0	f
662	2024-03-12	2024-03-12	t	\N	17	0	1000	15	0	[]	1	f
663	2024-03-13	2024-03-13	t	\N	17	0	43918	16	0	[]	1	f
664	2024-03-13	2024-03-13	t	17	0	6600	0	0	212		0	f
665	2024-03-13	2024-03-13	t	17	0	1800.02	0	0	211	pix pro amrico	0	f
666	2024-03-13	2024-03-13	t	18	0	1654.503	0	0	213		0	f
673	2024-03-14	2024-03-14	t	18	0	2007.102	0	0	217		0	f
674	2024-03-14	2024-03-14	t	23	0	1290	0	0	218		0	f
675	2024-03-14	2024-03-14	t	17	0	170	0	0	218		0	f
676	2024-03-14	2024-03-14	t	18	0	342.396	0	0	218		0	f
677	2024-03-15	2024-03-15	t	\N	17	0	600	17	0	[]	1	f
678	2024-03-15	2024-03-15	t	18	0	1509.847	0	0	219		0	f
679	2024-03-16	2024-03-16	t	\N	-1	0	900	18	221	Recebimento de Aparelho	1	f
680	2024-03-16	2024-03-16	t	-1	0	900	0	0	221	Recebimento de Aparelho	0	f
681	2024-03-16	2024-03-16	t	17	0	5200	0	0	221	pix pro Amrico	0	f
682	2024-03-16	2024-03-16	t	18	0	805.288	0	0	221		0	f
683	2024-03-16	2024-03-16	t	18	0	2277.6516	0	0	222		0	f
684	2024-03-16	2024-03-16	t	18	0	542.46	0	0	222		0	f
685	2024-03-16	2024-03-16	t	17	0	650.0200000000004	0	0	182	Venda do XR	0	f
686	2024-03-16	2024-03-16	t	17	0	2800.0200000000004	0	0	223	CARTAO DO AMERICO	0	f
687	2024-03-18	2024-03-18	t	17	0	1700	0	0	224		0	f
688	2024-03-18	2024-03-18	t	18	0	1762.9950000000001	0	0	224		0	f
689	2024-03-19	2024-03-19	t	18	0	1808.2376000000002	0	0	225		0	f
690	2024-03-19	2024-03-19	t	17	0	200	0	0	226		0	f
691	2024-03-19	2024-03-19	t	18	0	1609.298	0	0	226		0	f
692	2024-03-19	2024-03-19	t	17	0	820	0	0	227	Pix Americo	0	f
693	2024-03-19	2024-03-19	t	17	0	180	0	0	227		0	f
694	2024-03-19	2024-03-19	t	18	0	2079.43	0	0	227		0	f
696	2024-03-19	2024-03-19	t	18	0	479.173	0	0	227		0	f
697	2024-03-19	2024-03-19	t	18	0	3560.8356	0	0	228		0	f
698	2024-03-20	2024-03-20	t	23	0	1800.02	0	0	229		0	f
699	2024-03-20	2024-03-20	t	17	0	894.732	0	0	189	Reecbimento XR vendido 1350	0	f
700	2024-03-20	2024-03-20	t	18	0	3462.703	0	0	230		0	f
701	2024-03-20	2024-03-20	t	18	0	1310.4232	0	0	231		0	f
702	2024-03-20	2024-03-20	t	23	0	2150	0	0	231		0	f
704	2024-03-20	2024-03-20	t	17	0	500	0	0	232		0	f
705	2024-03-20	2024-03-20	t	18	0	1609.298	0	0	232		0	f
706	2024-03-20	2024-03-20	t	18	0	1315.2636	0	0	233		0	f
707	2024-03-21	2024-03-21	t	17	0	2900.0200000000004	0	0	234		0	f
708	2024-03-21	2024-03-21	t	17	0	100	0	0	231		0	f
709	2024-03-23	2024-03-23	t	22	18	19700	99682	0	0		5.06	t
710	2024-03-23	2024-03-23	t	\N	22	0	19700	19	0	[]	4.9754	t
743	2024-03-23	2024-03-23	t	\N	22	0	286.97	19	0	Frete	5.06	t
744	2024-03-23	2024-03-23	t	\N	17	0	9639	19	0	Frete	1	f
745	2024-03-23	2024-03-23	t	\N	17	0	0	19	0	Frete	1	f
746	2024-03-23	2024-03-23	t	\N	17	0	0	19	0	Frete	1	f
747	2024-03-23	2024-03-23	t	17	0	1300.02	0	0	236	Amrico	0	f
748	2024-03-23	2024-03-23	t	18	0	887.5356	0	0	237		0	f
749	2024-03-23	2024-03-23	t	18	0	2673.3	0	0	237		0	f
750	2024-03-23	2024-03-23	t	18	0	1806.4098000000001	0	0	235		0	f
751	2024-02-01	2024-03-26	t	\N	23	0	90	0	0	Internet	1	f
752	2024-03-26	2024-03-26	t	17	0	2000.02	0	0	238		0	f
753	2024-03-26	2024-03-26	t	17	0	3300	0	0	239	SALDO NO CARTAO	0	f
786	2024-03-30	2024-03-30	t	17	0	5160	0	0	240	Recebido pelo carto	0	f
787	2024-03-30	2024-03-30	t	23	0	1000	0	0	241		0	f
788	2024-03-30	2024-03-30	t	18	0	938.1	0	0	241		0	f
789	2024-03-30	2024-03-30	t	18	0	908.7975	0	0	241		0	f
790	2024-03-30	2024-03-30	t	17	0	3.1225000000004	0	0	241	Perda	0	f
791	2024-03-30	2024-03-30	t	17	0	2000.02	0	0	242		0	f
792	2024-03-30	2024-03-30	t	18	0	1181.5986	0	0	243		0	f
793	2024-03-30	2024-03-30	t	18	0	14.556000000000001	0	0	243		0	f
794	2024-03-30	2024-03-30	t	18	0	1181.5986	0	0	243		0	f
796	2024-03-30	2024-03-30	t	23	0	1100	0	0	243		0	f
797	2024-03-30	2024-03-30	t	18	0	97.04	0	0	243		0	f
798	2024-02-01	2024-03-31	t	\N	17	0	1250	0	0	Funcionrio Smya	1	f
799	2024-02-01	2024-03-31	t	\N	17	0	600	0	0	Funcionrio Bruno	1	f
806	2024-02-01	2024-03-31	t	\N	17	0	1250	0	0	Funcionrio Smya	1	f
807	2024-03-01	2024-04-01	t	\N	17	0	2000	0	0	Aluguel	1	f
808	2024-03-01	2024-04-01	t	\N	22	0	167	0	0	Contador EUA	5.06	t
809	2024-03-01	2024-04-01	t	\N	17	0	1250	0	0	Funcionrio Smya	1	f
810	2024-03-01	2024-04-01	t	\N	17	0	600	0	0	Funcionrio Bruno	1	f
811	2024-04-01	2024-04-01	t	23	0	2000.02	0	0	244		0	f
812	2024-04-01	2024-04-01	t	17	0	1800.02	0	0	245	Entregue ao Amrico e credito no carto	0	f
814	2024-04-03	2024-04-03	t	17	0	1000	0	0	247		0	f
815	2024-04-03	2024-04-03	t	18	0	989.119782	0	0	247		0	f
816	2024-04-03	2024-04-03	t	17	0	10.900217999999995	0	0	247	perda	0	f
817	2024-04-03	2024-04-03	t	18	0	1762.9950000000001	0	0	248		0	f
813	2024-04-02	2024-04-02	f	17	0	1750.02	0	0	246		0	f
818	2024-04-05	2024-04-05	t	18	0	1756.992	0	0	249		0	f
819	2024-04-06	2024-04-06	t	17	0	2000.02	0	0	254		0	f
820	2024-04-06	2024-04-06	t	17	0	400	0	0	253		0	f
821	2024-04-06	2024-04-06	t	18	0	1354.348	0	0	253		0	f
822	2024-04-06	2024-04-06	t	17	0	220	0	0	252		0	f
823	2024-04-06	2024-04-06	t	18	0	1536.97	0	0	252		0	f
824	2024-04-06	2024-04-06	t	18	0	1509.847	0	0	251		0	f
825	2024-04-06	2024-04-06	t	23	0	550	0	0	250		0	f
826	2024-04-06	2024-04-06	t	18	0	1202.409	0	0	250		0	f
827	2024-04-09	2024-04-09	t	23	0	1750.02	0	0	255		0	f
828	2024-04-09	2024-04-09	t	18	0	1764.378	0	0	256		0	f
829	2024-04-09	2024-04-09	t	18	0	245.9436	0	0	256		0	f
830	2024-04-09	2024-04-10	t	18	0	2010.3216	0	0	257		0	f
831	2024-04-10	2024-04-10	t	23	0	1600	0	0	258		0	f
832	2024-04-10	2024-04-10	t	17	0	3520	0	0	259	recebido pelo cartao	0	f
833	2024-04-11	2024-04-11	t	23	0	1047	0	0	260		0	f
834	2024-04-11	2024-04-11	t	18	0	1859.3343	0	0	260		0	f
835	2024-04-11	2024-04-11	t	18	0	2007.102	0	0	261		0	f
836	2024-04-11	2024-04-11	t	23	0	1500.02	0	0	262		0	f
837	2024-04-11	2024-04-11	t	23	0	400	0	0	263		0	f
838	2024-04-11	2024-04-11	t	18	0	1106.958	0	0	263		0	f
839	2024-04-11	2024-04-11	t	17	0	2900.0200000000004	0	0	264	Pix Amrico	0	f
840	2024-04-11	2024-04-11	t	23	0	1700	0	0	265		0	f
841	2024-04-11	2024-04-11	t	18	0	1208.0016	0	0	265		0	f
842	2024-04-12	2024-04-12	t	18	0	952.4191999999999	0	0	266		0	f
843	2024-04-12	2024-04-12	t	17	0	1750.02	0	0	267	PIX AMRICO	0	f
844	2024-04-12	2024-04-12	t	18	0	1762.9950000000001	0	0	269		0	f
845	2024-04-12	2024-04-12	t	23	0	50	0	0	270		0	f
846	2024-04-12	2024-04-12	t	18	0	1707.7368000000001	0	0	270		0	f
847	2024-04-12	2024-04-12	t	18	0	1507.7412	0	0	268		0	f
848	2024-04-12	2024-04-12	t	23	0	800	0	0	266		0	f
849	2024-04-02	2024-04-14	t	\N	17	0	245	0	0	Propaganda iphone 11 128 2000	1	f
850	2024-04-09	2024-04-14	t	\N	17	0	135	0	0	Propaganda iphone 11 128 2000	1	f
851	2024-04-14	2024-04-14	t	\N	17	0	350	0	0	Propaganda iphone 11 128 2000	1	f
852	2024-04-14	2024-04-14	t	\N	16	0	195	20	0	[]	5.06	t
853	2024-04-14	2024-04-14	t	\N	16	0	127	20	0	Frete	5.06	t
854	2024-04-15	2024-04-15	t	17	0	2900.0200000000004	0	0	272	PIX AMRICO	0	f
855	2024-04-15	2024-04-15	t	18	0	1693.09	0	0	271		0	f
856	2024-04-15	2024-04-15	t	18	0	317.2316	0	0	271		0	f
857	2024-04-16	2024-04-16	t	18	0	2195.802	0	0	273		0	f
858	2024-04-17	2024-04-17	t	\N	16	0	7469	21	0	[]	5.06	t
859	2024-04-17	2024-04-17	t	\N	17	0	1492	21	0	Frete	1	f
860	2024-04-17	2024-04-17	t	\N	17	0	50	21	0	Frete	1	f
861	2024-04-17	2024-04-17	t	\N	17	0	580	0	0	Cola Ultravioleta	1	f
862	2024-04-17	2024-04-17	t	17	0	12500	0	0	276	Recebido pelo carto.	0	f
863	2024-04-17	2024-04-17	t	18	0	1762.9950000000001	0	0	278		0	f
864	2024-04-18	2024-04-18	t	17	0	6400	0	0	277	Pago  Americo cartao	0	f
865	2024-04-18	2024-04-18	t	17	0	2000.02	0	0	279	entregue ao americo	0	f
866	2024-04-18	2024-04-18	t	17	0	700	0	0	280	Entregue ao americo no pix	0	f
867	2024-04-18	2024-04-18	t	18	0	1303.0758	0	0	280		0	f
868	2024-04-18	2024-04-18	t	\N	17	0	165	0	0	Capinhas e Peliculas	1	f
898	2024-04-18	2024-04-18	t	17	0	2900.0200000000004	0	0	281	Recebido do Amrico. Descontado no carto.	0	f
899	2024-04-18	2024-04-18	t	26	0	0	0	0	0	Saldo Inicial	0	f
901	2024-04-19	2024-04-19	t	26	0	1050	0	0	282		0	f
902	2024-04-19	2024-04-19	t	18	0	1862.4460000000001	0	0	282		0	f
903	2024-03-01	2024-04-20	t	\N	17	0	2000	0	0	Wanderley	1	f
904	2024-04-20	2024-04-20	t	26	0	6350	0	0	283	recebimento pelo carto	0	f
905	2024-04-20	2024-04-20	t	18	0	990.8936	0	0	284		0	f
906	2024-04-20	2024-04-20	t	18	0	990.8936	0	0	284		0	f
907	2024-04-20	2024-04-20	t	17	0	18.232799999999997	0	0	284	prejuizo	0	f
908	2024-04-22	2024-04-22	t	26	0	300	0	0	285		0	f
909	2024-04-22	2024-04-22	t	18	0	2612.849	0	0	285		0	f
910	2024-04-22	2024-04-22	t	18	0	1764.378	0	0	286		0	f
911	2024-04-22	2024-04-22	t	17	0	500	0	0	287		0	f
912	2024-04-22	2024-04-22	t	26	0	250	0	0	287		0	f
913	2024-04-22	2024-04-22	t	18	0	1006.668	0	0	287		0	f
914	2024-04-22	2024-04-22	t	26	0	300	0	0	288		0	f
915	2024-04-22	2024-04-22	t	18	0	1708.749	0	0	288		0	f
916	2024-04-22	2024-04-22	t	26	0	1100	0	0	289		0	f
917	2024-04-22	2024-04-22	t	18	0	1808.2	0	0	289		0	f
918	2024-04-22	2024-04-22	t	18	0	1756.992	0	0	290		0	f
919	2024-04-23	2024-04-23	t	17	0	1700	0	0	154	Recebido na venda do Francisco Tavares	0	f
920	2024-04-23	2024-04-23	t	26	0	700	0	0	291		0	f
921	2024-04-23	2024-04-23	t	18	0	1055.3625	0	0	291		0	f
922	2024-04-23	2024-04-23	t	26	0	2000.02	0	0	292		0	f
923	2024-04-24	2024-04-24	t	\N	17	0	130	0	0	Desbloqueio 13 Pro max 	1	f
924	2024-04-24	2024-04-24	t	18	0	2010.3216	0	0	293		0	f
927	2024-03-01	2024-04-25	t	\N	23	0	90	0	0	Internet	1	f
928	2024-04-26	2024-04-26	t	18	0	2908.5504	0	0	295		0	f
929	2024-04-26	2024-04-26	t	\N	18	0	1020	0	0	Bateria iPhone 11	1	f
930	2024-04-26	2024-04-26	t	18	0	1609.298	0	0	296		0	f
931	2024-04-27	2024-04-27	t	26	0	1050	0	0	298		0	f
932	2024-04-27	2024-04-27	t	18	0	253.9437	0	0	298		0	f
933	2024-04-27	2024-04-27	t	26	0	6350	0	0	297		0	f
934	2024-04-27	2024-04-27	t	18	0	100.81660000000001	0	0	299		0	f
937	2024-04-27	2024-04-27	t	18	0	4005.163	0	0	301		0	f
939	2024-04-29	2024-04-29	t	18	0	1756.0764000000001	0	0	302		0	f
940	2024-04-01	2024-05-01	t	\N	17	0	2000	0	0	Aluguel	1	f
941	2024-04-01	2024-05-01	t	\N	22	0	167	0	0	Contador EUA	5.06	t
942	2024-04-01	2024-05-01	t	\N	17	0	1250	0	0	Funcionrio Smya	1	f
943	2024-04-30	2024-05-01	t	\N	-1	0	3400	22	303	Recebimento de Aparelho	1	f
944	2024-04-30	2024-05-01	t	-1	0	3400	0	0	303	Recebimento de Aparelho	0	f
945	2024-05-01	2024-05-01	t	26	0	3100	0	0	303		0	f
946	2024-05-02	2024-05-02	t	26	0	3600	0	0	306		0	f
947	2024-05-02	2024-05-02	t	26	0	1200.01	0	0	305		0	f
948	2024-05-02	2024-05-02	t	18	0	1754.247	0	0	304		0	f
949	2024-05-04	2024-05-04	t	17	0	50	0	0	308	Entregue a Samia	0	f
952	2024-05-04	2024-05-04	t	18	0	1954.6536	0	0	308		0	f
953	2024-05-04	2024-05-04	t	18	0	2010.3216	0	0	309		0	f
954	2024-05-04	2024-05-04	t	17	0	0.02	0	0	307	Preju	0	f
955	2024-05-04	2024-05-04	t	26	0	1200.01	0	0	310		0	f
956	2024-05-04	2024-05-04	t	\N	17	0	3200	23	0	[]	1	f
957	2024-04-01	2024-05-05	t	\N	17	0	600	0	0	William	1	f
958	2024-05-05	2024-05-05	t	\N	22	0	413.5	0	0	25 carcaas iphone 13 rosa 5 telas iphone 13	5.06	t
959	2024-05-05	2024-05-05	t	\N	17	0	79	0	0	25 carcaas iphone 13 rosa 5 telas iphone 13 Aliexpress	1	f
960	2024-05-06	2024-05-06	t	23	0	2000.02	0	0	311		0	f
961	2024-05-06	2024-05-06	t	17	0	0.02	0	0	312		0	f
963	2024-05-07	2024-05-07	t	17	0	100	0	0	315		0	f
964	2024-05-07	2024-05-07	t	26	0	200	0	0	315		0	f
966	2024-05-07	2024-05-07	t	18	0	1284.9662	0	0	315		0	f
967	2024-05-07	2024-05-07	t	18	0	773.4748	0	0	315		0	f
968	2024-05-07	2024-05-07	t	18	0	550.6998	0	0	315		0	f
969	2024-05-08	2024-05-08	t	\N	17	0	250	0	0	xido de crio	1	f
925	2024-04-25	2024-04-25	f	26	0	1000	0	0	294		0	f
926	2024-04-25	2024-04-25	f	18	0	755.1705000000001	0	0	294		0	f
970	2024-05-08	2024-05-08	t	\N	17	0	196	0	0	Flex fone iPhone 11	1	f
971	2024-05-08	2024-05-08	t	\N	17	0	60	0	0	leo para tela	1	f
972	2024-05-08	2024-05-08	t	\N	17	0	245	0	0	Propaganda iphone 13	1	f
973	2024-05-08	2024-05-08	t	18	0	2010.3216	0	0	316		0	f
974	2024-05-08	2024-05-08	t	18	0	2903.4195	0	0	317		0	f
975	2024-05-08	2024-05-08	t	26	0	100	0	0	318		0	f
976	2024-05-09	2024-05-09	t	26	0	2000.02	0	0	319		0	f
977	2024-05-09	2024-05-09	t	26	0	2650	0	0	320		0	f
978	2024-05-10	2024-05-10	t	26	0	1500.02	0	0	321		0	f
979	2024-05-10	2024-05-10	t	18	0	3001.612	0	0	322		0	f
980	2024-05-10	2024-05-10	t	26	0	1550	0	0	323		0	f
981	2024-05-10	2024-05-10	t	26	0	6300	0	0	324		0	f
982	2024-05-12	2024-05-12	t	26	0	2000.02	0	0	325	1000 pix no americo e 1000 em especie	0	f
983	2024-05-11	2024-05-12	t	26	0	1000	0	0	326		0	f
984	2024-05-11	2024-05-12	t	18	0	1810.1889	0	0	326		0	f
985	2024-05-11	2024-05-12	t	26	0	1600	0	0	327		0	f
986	2024-05-11	2024-05-12	t	18	0	1208.0016	0	0	327		0	f
987	2024-05-13	2024-05-13	t	17	0	32	0	0	328		0	f
988	2024-05-13	2024-05-13	t	\N	17	0	111	0	0	Propaganda iphone 13	1	f
989	2024-05-14	2024-05-14	t	18	0	2812.3116	0	0	329		0	f
990	2024-05-14	2024-05-14	t	26	0	1500.02	0	0	330		0	f
991	2024-05-14	2024-05-14	t	\N	17	0	120	0	0	Capas e Peliculas	1	f
992	2024-05-14	2024-05-14	t	\N	17	0	80.45	0	0	Lanche	1	f
993	2024-05-14	2024-05-14	t	\N	17	0	101.65	0	0	Bomba dagua mquina de polir	1	f
994	2024-05-15	2024-05-15	t	\N	17	0	120	0	0	Capinhas e Pelculas	1	f
995	2024-05-15	2024-05-15	t	26	0	2800.0200000000004	0	0	332		0	f
996	2024-05-15	2024-05-15	t	18	0	989.1	0	0	331		0	f
997	2024-05-15	2024-05-15	t	17	0	500	0	0	331		0	f
998	2024-05-15	2024-05-15	t	17	0	10.920000000000073	0	0	331	Perda	0	f
999	2024-05-15	2024-05-15	t	\N	-1	0	1800	24	334	Recebimento de Aparelho	1	f
1000	2024-05-15	2024-05-15	t	-1	0	1800	0	0	334	Recebimento de Aparelho	0	f
1001	2024-05-15	2024-05-15	t	26	0	500	0	0	334		0	f
1002	2024-05-15	2024-05-15	t	18	0	501.1722	0	0	334		0	f
1003	2024-05-16	2024-05-16	t	26	0	2775	0	0	336		0	f
1004	2024-05-16	2024-05-16	t	17	0	25.020000000000437	0	0	336	taxa de entrega	0	f
1005	2024-05-15	2024-05-16	t	\N	17	0	120	0	0	Capinhas e Pelculas	1	f
1006	2024-05-16	2024-05-16	t	\N	17	0	470	0	0	Bateria 11 Pro e tela 11 Pro Max	1	f
1007	2024-05-16	2024-05-16	t	\N	-1	0	1480	25	338	Recebimento de Aparelho	1	f
1008	2024-05-16	2024-05-16	t	-1	0	1480	0	0	338	Recebimento de Aparelho	0	f
1009	2024-05-16	2024-05-16	t	26	0	999	0	0	339		0	f
1010	2024-05-16	2024-05-16	t	26	0	1000	0	0	339	Transferencia pra conta do Cleuton	0	f
1011	2024-05-17	2024-05-17	t	\N	-1	0	1500	26	340	Recebimento de Aparelho	1	f
1012	2024-05-17	2024-05-17	t	-1	0	1500	0	0	340	Recebimento de Aparelho	0	f
1013	2024-05-17	2024-05-17	t	26	0	801.0200000000004	0	0	339		0	f
1014	2024-05-17	2024-05-17	t	26	0	850	0	0	340		0	f
1015	2024-04-01	2024-05-20	t	\N	17	0	2000	0	0	Wanderley	1	f
1016	2024-05-20	2024-05-20	t	26	0	500	0	0	341		0	f
1017	2024-05-20	2024-05-20	t	18	0	1501.2088	0	0	341		0	f
1018	2024-05-20	2024-05-20	t	18	0	831.772	0	0	342		0	f
1019	2024-05-20	2024-05-20	t	18	0	1175.33	0	0	342		0	f
1020	2024-05-21	2024-05-21	t	\N	17	0	79	0	0	Taxa dos Carregadores Correios	1	f
1021	2024-05-21	2024-05-21	t	\N	17	0	350	0	0	Propaganda iphone 11 128 2000	1	f
1023	2024-05-21	2024-05-21	t	18	0	2010.3216	0	0	343		0	f
1025	2024-05-21	2024-05-21	t	17	0	1950	0	0	346		0	f
1026	2024-05-21	2024-05-21	t	26	0	400	0	0	345	ESPECIE	0	f
1027	2024-05-21	2024-05-21	t	26	0	600	0	0	345	Pix Americo	0	f
1028	2024-05-21	2024-05-21	t	18	0	500.7264	0	0	345		0	f
1022	2024-05-21	2024-05-21	f	26	0	1750.02	0	0	344		0	f
1029	2024-05-22	2024-05-22	t	\N	17	0	13.17	0	0	Propaganda iphone 11 128 1900	1	f
1030	2024-05-22	2024-05-22	t	\N	-1	0	2000	27	347	Recebimento de Aparelho	1	f
1031	2024-05-22	2024-05-22	t	-1	0	2000	0	0	347	Recebimento de Aparelho	0	f
1032	2024-05-22	2024-05-22	t	16	17	6777.34375	34700	0	0		5.12	t
1033	2024-05-22	2024-05-22	t	16	26	6822.612085769981	35000	0	0		5.13	t
1037	2024-05-22	2024-05-22	t	\N	16	0	18734	28	0	[]	5.1009	t
1038	2024-05-22	2024-05-22	t	\N	16	0	348.22	28	0	Frete	5.13	t
1039	2024-05-22	2024-05-22	t	\N	17	0	5394	28	0	Frete	1	f
1040	2024-05-22	2024-05-22	t	\N	17	0	50	28	0	Frete	1	f
1041	2024-05-22	2024-05-22	t	\N	17	0	37.96	0	0	Taxa dos Carregadores Correios	1	f
1042	2024-05-22	2024-05-22	t	\N	17	0	37.96	0	0	Taxa dos Carregadores Correios	1	f
1043	2024-05-23	2024-05-23	t	17	0	2500	0	0	348		0	f
1044	2024-05-23	2024-05-23	t	26	0	400	0	0	349		0	f
1045	2024-05-23	2024-05-23	t	18	0	1507.7412	0	0	349		0	f
1046	2024-05-23	2024-05-23	t	\N	17	0	160	0	0	Peliculas de Ceramica iPhone 11	1	f
1047	2024-05-23	2024-05-23	t	26	0	800	0	0	352		0	f
1048	2024-05-23	2024-05-23	t	18	0	2206.004	0	0	352		0	f
1049	2024-05-23	2024-05-23	t	26	0	1900.02	0	0	353		0	f
1050	2024-05-23	2024-05-23	t	26	0	2800.0200000000004	0	0	354		0	f
1051	2024-05-23	2024-05-23	t	26	0	400	0	0	355		0	f
1052	2024-05-23	2024-05-23	t	18	0	553.479	0	0	355		0	f
1053	2024-05-23	2024-05-23	t	18	0	553.479	0	0	355		0	f
1054	2024-05-23	2024-05-23	t	26	0	2800.0200000000004	0	0	356		0	f
1055	2024-05-23	2024-05-23	t	17	0	0.1	0	0	357		0	f
1056	2024-05-23	2024-05-23	t	26	0	12590	0	0	358		0	f
1057	2024-05-23	2024-05-23	t	26	0	600	0	0	359	Espcie	0	f
1058	2024-05-23	2024-05-23	t	26	0	800.02	0	0	359	Pix	0	f
1059	2024-05-23	2024-05-23	t	\N	17	0	2664	29	0	[]	1	f
1060	2024-05-23	2024-05-23	t	26	0	1700	0	0	362		0	f
1061	2024-05-24	2024-05-24	t	26	0	60	0	0	363	pix amrico	0	f
1062	2024-04-01	2024-05-25	t	\N	23	0	90	0	0	Internet	1	f
1063	2024-05-25	2024-05-25	t	26	0	1900.02	0	0	364		0	f
1064	2024-05-25	2024-05-25	t	26	0	850	0	0	365	PIX	0	f
1065	2024-05-25	2024-05-25	t	26	0	1200.0200000000004	0	0	365	ESPCIE	0	f
1068	2024-05-25	2024-05-25	t	26	0	2800.0200000000004	0	0	367	espcie	0	f
1069	2024-05-25	2024-05-25	t	26	0	4800.02	0	0	368	pix	0	f
1066	2024-05-25	2024-05-25	f	26	0	300	0	0	366	espcie	0	f
1067	2024-05-25	2024-05-25	f	26	0	1200.02	0	0	366	pix	0	f
1070	2024-05-26	2024-05-26	t	26	0	300	0	0	369	ESPCIE	0	f
1071	2024-05-26	2024-05-26	t	26	0	1200	0	0	369	PIX	0	f
1072	2024-05-26	2024-05-26	t	18	0	401.3218	0	0	369		0	f
1073	2024-05-27	2024-05-27	t	26	0	700	0	0	370		0	f
1074	2024-05-27	2024-05-27	t	18	0	1211.494	0	0	370		0	f
1075	2024-05-27	2024-05-27	t	26	0	3000.0200000000004	0	0	371	pix	0	f
1076	2024-05-28	2024-05-28	t	26	0	1600	0	0	372	DINHEIRO	0	f
1078	2024-05-28	2024-05-28	t	26	0	300.02	0	0	372	PIX	0	f
1079	2024-05-28	2024-05-28	t	26	0	1900.02	0	0	373	PIX	0	f
1082	2024-05-28	2024-05-28	t	26	0	1000	0	0	375	PIX	0	f
1083	2024-05-28	2024-05-28	t	18	0	1705.7430000000002	0	0	375		0	f
1084	2024-05-29	2024-05-29	t	26	0	1281.38	0	0	376	pix	0	f
1085	2024-05-29	2024-05-29	t	18	0	1222.5736	0	0	376		0	f
1086	2024-05-29	2024-05-29	t	26	0	2700.0200000000004	0	0	380	pix	0	f
1087	2024-05-29	2024-05-29	t	18	0	632.87	0	0	378		0	f
1088	2024-05-29	2024-05-29	t	26	0	2070	0	0	378		0	f
1089	2024-05-31	2024-05-31	t	\N	-1	0	2000	30	381	Recebimento de Aparelho	1	f
1090	2024-05-31	2024-05-31	t	-1	0	2000	0	0	381	Recebimento de Aparelho	0	f
1091	2024-05-31	2024-05-31	t	26	0	700	0	0	381	PIX	0	f
1092	2024-05-31	2024-05-31	t	26	0	2700.0200000000004	0	0	383	PIX	0	f
1093	2024-05-31	2024-05-31	t	18	0	1351.9583	0	0	382		0	f
1094	2024-05-31	2024-05-31	t	18	0	1351.9583	0	0	382		0	f
1095	2024-05-01	2024-06-01	t	\N	17	0	2000	0	0	Aluguel	1	f
1096	2024-05-01	2024-06-01	t	\N	22	0	167	0	0	Contador EUA	5.13	t
1097	2024-05-01	2024-06-01	t	\N	17	0	1250	0	0	Funcionrio Smya	1	f
1098	2024-06-02	2024-06-02	t	18	0	2811.751	0	0	384		0	f
1099	2024-06-01	2024-06-02	t	18	0	1914.0828	0	0	385		0	f
1100	2024-06-01	2024-06-02	t	26	0	100	0	0	386		0	f
1101	2024-06-01	2024-06-02	t	18	0	1914.0828	0	0	386		0	f
1102	2024-06-02	2024-06-02	t	18	0	662.1558	0	0	386		0	f
1103	2024-06-02	2024-06-02	t	26	0	2500	0	0	387		0	f
1104	2024-06-03	2024-06-03	t	\N	17	0	176	0	0	Capas e Peliculas	1	f
1105	2024-06-04	2024-06-04	t	\N	17	0	1700	0	0	Recuperao Instagram	1	f
1106	2024-06-04	2024-06-04	t	\N	17	0	245	0	0	Propaganda iphone 13 preto	1	f
1107	2024-06-04	2024-06-04	t	\N	17	0	400	0	0	2 cadeiras 	1	f
1108	2024-06-05	2024-06-05	t	\N	16	0	12640	31	0	[]	5.13	t
1109	2024-06-05	2024-06-05	t	16	26	17129.824561403508	87876	0	0		5.13	t
1110	2024-06-05	2024-06-05	t	\N	17	0	2496.88	31	0	Frete	1	f
1111	2024-06-05	2024-06-05	t	\N	17	0	50	31	0	Frete	1	f
1112	2024-06-05	2024-06-05	t	\N	17	0	2600	0	0	50 Baterias iPhone 11	1	f
1113	2024-06-05	2024-06-05	t	26	0	9600	0	0	388	2 14 pro max	0	f
1114	2024-06-06	2024-06-06	t	23	0	1900.02	0	0	389		0	f
1115	2024-06-06	2024-06-06	t	26	0	1500	0	0	390		0	f
1116	2024-06-06	2024-06-06	t	18	0	1356.15	0	0	390		0	f
1118	2024-06-06	2024-06-06	t	18	0	2712.3	0	0	391		0	f
1119	2024-06-06	2024-06-06	t	\N	-1	0	2000	32	394	Recebimento de Aparelho	1	f
1120	2024-06-06	2024-06-06	t	-1	0	2000	0	0	394	Recebimento de Aparelho	0	f
1121	2024-06-06	2024-06-06	t	17	0	1000	0	0	394		0	f
1122	2024-06-06	2024-06-06	t	26	0	5000.02	0	0	392		0	f
1123	2024-06-06	2024-06-06	t	17	0	23.781400000000303	0	0	386	Perda	0	f
1124	2024-06-07	2024-06-07	t	18	0	2004.975	0	0	394		0	f
1125	2024-06-07	2024-06-07	t	26	0	3036	0	0	395		0	f
1127	2024-06-08	2024-06-08	t	26	0	100	0	0	396	PIX	0	f
1128	2024-06-08	2024-06-08	t	26	0	200	0	0	398	pix	0	f
1129	2024-06-08	2024-06-08	t	18	0	1708.749	0	0	398		0	f
1130	2024-06-08	2024-06-08	t	\N	17	0	150	0	0	Bateria 11 garantia	1	f
1131	2024-06-09	2024-06-09	t	16	18	411.46108949416345	2114.91	0	0		5.14	t
1132	2024-06-09	2024-06-09	t	22	17	621.7782101167315	3195.94	0	0		5.14	t
1134	2024-06-09	2024-06-09	t	\N	22	0	420	33	0	[]	5.1313	t
1135	2024-06-09	2024-06-09	t	\N	22	0	207.69	33	0	Frete	5.131350829146531	t
1139	2024-06-10	2024-06-10	t	26	0	3900.0200000000004	0	0	401	Carto maquineta Amrico + PIX (1500)	0	f
1140	2024-06-10	2024-06-10	t	18	0	1175.33	0	0	400		0	f
1141	2024-06-10	2024-06-10	t	18	0	1636.421	0	0	400		0	f
1142	2024-06-10	2024-06-10	t	18	0	5008.714	0	0	399		0	f
1143	2024-06-10	2024-06-10	t	26	0	3700	0	0	402		0	f
1144	2024-06-10	2024-06-10	t	\N	17	0	245	0	0	Propaganda 13 pro max	1	f
1145	2024-06-10	2024-06-10	t	26	0	400	0	0	403	400 pix amrico	0	f
1146	2024-06-10	2024-06-10	t	18	0	1830.2	0	0	403		0	f
1147	2024-06-10	2024-06-10	t	18	0	475.85200000000003	0	0	403		0	f
1148	2024-06-10	2024-06-10	t	26	0	5400	0	0	404		0	f
1149	2024-06-11	2024-06-11	t	26	0	2700.02	0	0	405	PIX	0	f
1150	2024-06-11	2024-06-11	t	26	0	2300	0	0	406	PIX	0	f
1151	2024-06-12	2024-06-12	t	26	0	2700.0200000000004	0	0	407	dinheiro espcie	0	f
1152	2024-06-12	2024-06-12	t	26	0	516	0	0	408	pix	0	f
1153	2024-06-12	2024-06-12	t	18	0	2187.53	0	0	408		0	f
1154	2024-06-12	2024-06-12	t	18	0	1907.0766	0	0	409		0	f
1155	2024-06-12	2024-06-12	t	18	0	3003.2262	0	0	410		0	f
1157	2024-06-12	2024-06-12	t	18	0	906.0012	0	0	410		0	f
1158	2024-06-13	2024-06-13	t	18	0	1900.9979999999998	0	0	411		0	f
1159	2024-06-14	2024-06-14	t	\N	-1	0	1150	34	415	Recebimento de Aparelho	1	f
1160	2024-06-14	2024-06-14	t	-1	0	1150	0	0	415	Recebimento de Aparelho	0	f
1161	2024-06-14	2024-06-14	t	26	0	1200	0	0	412	pix	0	f
1162	2024-06-14	2024-06-14	t	18	0	1507.7412	0	0	412		0	f
1163	2024-06-14	2024-06-14	t	26	0	1900.02	0	0	413	pix	0	f
1164	2024-06-14	2024-06-14	t	26	0	2700.0200000000004	0	0	414	pix	0	f
1165	2024-06-14	2024-06-14	t	26	0	2750.0200000000004	0	0	415	pix	0	f
1166	2024-06-14	2024-06-15	t	\N	17	0	133	0	0	Capinhas e Pelculas	1	f
1167	2024-06-12	2024-06-15	t	\N	17	0	80	0	0	Cesta dia dos namorados	1	f
1168	2024-06-12	2024-06-15	t	\N	17	0	60	0	0	Pizza	1	f
1169	2024-06-15	2024-06-15	t	26	0	2000	0	0	416	PIX	0	f
1170	2024-06-15	2024-06-15	t	18	0	1907.651	0	0	416		0	f
1171	2024-06-17	2024-06-17	t	18	0	161.2968	0	0	417		0	f
1172	2024-06-17	2024-06-17	t	\N	-1	0	2500	35	422	Recebimento de Aparelho	1	f
1173	2024-06-17	2024-06-17	t	-1	0	2500	0	0	422	Recebimento de Aparelho	0	f
1174	2024-06-17	2024-06-17	t	26	0	1400	0	0	422	PIX	0	f
1175	2024-06-17	2024-06-17	t	26	0	98	0	0	420	PIX	0	f
1176	2024-06-17	2024-06-17	t	26	0	102	0	0	420	Espcie	0	f
1177	2024-06-17	2024-06-17	t	18	0	905.2665000000001	0	0	420		0	f
1178	2024-06-17	2024-06-17	t	26	0	1100.02	0	0	421	pix	0	f
1179	2024-06-17	2024-06-17	t	17	0	90	0	0	423	Para Samia	0	f
1180	2024-06-17	2024-06-17	t	\N	17	0	120	0	0	Label Hua e carregadores	1	f
1181	2024-06-17	2024-06-17	t	\N	17	0	1430	0	0	5 Telas iphone 13  flex wifi flex dock de carga et al	1	f
1182	2024-06-18	2024-06-18	t	\N	-1	0	800	36	424	Recebimento de Aparelho	1	f
1183	2024-06-18	2024-06-18	t	-1	0	800	0	0	424	Recebimento de Aparelho	0	f
1184	2024-06-18	2024-06-18	t	26	0	1900	0	0	424	PIX	0	f
1185	2024-06-19	2024-06-19	t	18	0	1907.651	0	0	425		0	f
1186	2024-06-19	2024-06-19	t	17	0	1200	0	0	426		0	f
1187	2024-06-19	2024-06-19	t	18	0	2712.3	0	0	426		0	f
1188	2024-06-19	2024-06-19	t	17	0	1600	0	0	427	ESPECIE	0	f
1189	2024-06-19	2024-06-19	t	26	0	300.02	0	0	427		0	f
1190	2024-06-19	2024-06-19	t	23	0	2000	0	0	428		0	f
1191	2024-06-19	2024-06-19	t	18	0	1012.592	0	0	428		0	f
1192	2024-06-19	2024-06-19	t	18	0	1012.592	0	0	428		0	f
1193	2024-05-01	2024-06-19	t	\N	17	0	300	0	0	Estagirio Italo	1	f
1194	2024-05-01	2024-06-20	t	\N	17	0	2000	0	0	Wanderley	1	f
1195	2024-05-01	2024-06-20	t	\N	17	0	300	0	0	Estagiario Vinicius	1	f
1196	2024-06-20	2024-06-20	t	\N	17	0	100	0	0	Translado Maquineta nova Fortaleza Sobral	1	f
1197	2024-06-20	2024-06-20	t	\N	17	0	100	0	0	Translado Maquineta nova Fortaleza Sobral	1	f
1198	2024-06-20	2024-06-20	t	\N	17	0	100	0	0	Translado Maquineta nova Fortaleza Sobral	1	f
1199	2024-06-20	2024-06-20	t	\N	17	0	100	0	0	Translado Maquineta nova Fortaleza Sobral	1	f
1200	2024-06-20	2024-06-20	t	\N	17	0	1	0	0	teste	1	f
1201	2024-06-20	2024-06-20	t	\N	17	0	1	0	0	teste	1	f
1203	2024-06-20	2024-06-20	t	23	0	1750.02	0	0	429		0	f
1204	2024-06-20	2024-06-20	t	\N	17	0	120	0	0	20 Peliculas iphone 13	1	f
1205	2024-06-20	2024-06-20	t	\N	17	0	751.8	0	0	10 telas iphone 11	1	f
1206	2024-06-21	2024-06-21	t	\N	17	0	350	0	0	2 telas iphone 11 we fix	1	f
1207	2024-06-21	2024-06-21	t	\N	-1	0	1400	37	435	Recebimento de Aparelho	1	f
1208	2024-06-21	2024-06-21	t	-1	0	1400	0	0	435	Recebimento de Aparelho	0	f
1209	2024-06-21	2024-06-21	t	18	0	401.3218	0	0	435		0	f
1210	2024-06-21	2024-06-21	t	18	0	906.0012	0	0	435		0	f
1211	2024-06-21	2024-06-21	t	26	0	1630.02	0	0	431	pix	0	f
1212	2024-06-21	2024-06-21	t	26	0	500	0	0	432	pix	0	f
1213	2024-06-21	2024-06-21	t	26	0	700	0	0	432	8 plus	0	f
1214	2024-06-21	2024-06-21	t	18	0	1509.847	0	0	432		0	f
1215	2024-06-21	2024-06-21	t	17	0	50	0	0	433	especie	0	f
1216	2024-06-21	2024-06-21	t	26	0	1850.02	0	0	433		0	f
1217	2024-06-22	2024-06-22	t	\N	17	0	72	0	0	Frete Aliexpress Carregadores	1	f
1202	2024-06-20	2024-06-20	f	26	0	1900.02	0	0	430	pix	0	f
1218	2024-06-23	2024-06-23	t	26	0	2800.0200000000004	0	0	437	1100 CREDITO 1500 PIX 200 DINHEIRO	0	f
1219	2024-06-23	2024-06-23	t	17	0	1900.02	0	0	438	Dinheiro utilizado para pagar devolucao de iphone lilas	0	f
1220	2024-06-23	2024-06-23	t	26	0	4750	0	0	434		0	f
1221	2024-06-23	2024-06-23	f	18	0	3913.7112	0	0	439		0	f
1222	2024-06-23	2024-06-23	t	\N	17	0	3038	38	0	[]	1	f
1223	2024-06-23	2024-06-23	t	18	0	3913.7112	0	0	441		0	f
1224	2024-06-24	2024-06-24	t	\N	17	0	399	0	0	Mesa para almoo	1	f
1225	2024-06-24	2024-06-24	t	17	0	1900.02	0	0	442		0	f
1227	2024-06-25	2024-06-25	t	26	0	1800	0	0	445	PIX	0	f
1228	2024-06-25	2024-06-25	t	26	0	2000	0	0	444	pix	0	f
1229	2024-06-25	2024-06-25	t	17	0	700.02	0	0	444		0	f
1230	2024-06-25	2024-06-25	t	17	0	2000	0	0	443		0	f
1231	2024-06-25	2024-06-25	t	26	0	700.02	0	0	443	pix	0	f
1232	2024-06-25	2024-06-25	t	\N	17	0	461	0	0	5 colas uv e 1 tapete de polir	1	f
1233	2024-06-27	2024-06-27	t	26	0	1400	0	0	446	PIX	0	f
1234	2024-06-28	2024-06-28	t	\N	17	0	102	0	0	Capinhas e Pelculas	1	f
1235	2024-06-28	2024-06-28	t	\N	17	0	350	0	0	2 telas iphone 11 we fix	1	f
1236	2024-06-28	2024-06-28	t	26	0	2800.0200000000004	0	0	448	pix	0	f
1237	2024-06-28	2024-06-28	t	18	0	2712.3	0	0	447		0	f
1238	2024-06-30	2024-06-30	t	18	0	1907.651	0	0	449		0	f
1239	2024-07-01	2024-06-30	t	\N	17	0	1150	0	0	2 Separadoras 2 Retificas tira Oca et al	1	f
1240	2024-06-01	2024-07-01	t	\N	17	0	2000	0	0	Aluguel	1	f
1241	2024-06-01	2024-07-01	t	\N	22	0	167	0	0	Contador EUA	5.131388531711357	t
1242	2024-06-01	2024-07-01	t	\N	17	0	1250	0	0	Funcionrio Smya	1	f
1243	2024-07-01	2024-07-01	t	\N	17	0	40	0	0	Alcool Isopropilico	1	f
1244	2024-07-01	2024-07-01	t	\N	17	0	45	0	0	2 colas	1	f
1245	2024-07-01	2024-07-01	t	26	0	1900.02	0	0	450	pix	0	f
962	2024-05-07	2024-05-07	f	23	0	2000.02	0	0	314		0	f
1246	2024-07-02	2024-07-02	t	\N	-1	0	1100	39	453	Recebimento de Aparelho	1	f
1247	2024-07-02	2024-07-02	t	-1	0	1100	0	0	453	Recebimento de Aparelho	0	f
1248	2024-07-02	2024-07-02	t	26	0	1600.0200000000004	0	0	453	pix	0	f
1249	2024-07-02	2024-07-02	t	26	0	2800.0200000000004	0	0	451	pix	0	f
1250	2024-07-02	2024-07-02	t	26	0	800	0	0	449	dinheiro	0	f
1251	2024-07-02	2024-07-02	t	17	0	2800.0200000000004	0	0	452	dinheiro vivo	0	f
1252	2024-07-10	2024-07-03	t	\N	17	0	4034	0	0	50 Vidro Oca ARo ip 11 50 Vidro Oca Aro ip 13 25 carcaas 11 25 carcaas 13	1	f
1253	2024-07-03	2024-07-03	t	\N	17	0	89	0	0	Capinhas e Peliculas	1	f
1254	2024-07-03	2024-07-03	t	\N	17	0	2728	0	0	25 carcaas iphone 13 50 ocas ip 13 50 ocas ip 11	1	f
1255	2024-07-03	2024-07-03	t	\N	17	0	88	0	0	Frete Aliexpress 3 de julho	1	f
1256	2024-07-04	2024-07-04	t	16	17	18018.018018018018	100000	0	0		5.55	t
1259	2024-07-04	2024-07-04	t	22	18	8771.929824561403	50000	0	0		5.7	t
1263	2024-07-04	2024-07-04	t	26	0	2800.0200000000004	0	0	456	pix	0	f
1264	2024-07-04	2024-07-04	t	26	0	1600	0	0	455	pix	0	f
1265	2024-07-04	2024-07-04	t	26	0	300.02	0	0	455	285 cartao americo	0	f
1266	2024-07-04	2024-07-04	t	26	0	1900.02	0	0	454	pix	0	f
1267	2024-07-04	2024-07-04	t	\N	17	0	614	0	0	50 vidros iphone 13 coca e aro	1	f
1271	2024-07-04	2024-07-04	f	26	0	8600	0	0	469		0	f
1275	2024-07-05	2024-07-05	t	\N	16	0	10727	40	0	[]	5.4974	t
1276	2024-07-05	2024-07-05	t	\N	17	0	2657	40	0	Frete	1	f
1277	2024-07-05	2024-07-05	t	\N	17	0	50	40	0	Frete	1	f
1278	2024-07-06	2024-07-06	t	26	0	2500	0	0	486	IPHONE 13	0	f
1279	2024-07-06	2024-07-06	t	26	0	600	0	0	486	pix	0	f
1280	2024-07-06	2024-07-06	t	18	0	903.5156000000001	0	0	486		0	f
1281	2024-07-06	2024-07-06	t	26	0	1500	0	0	487	pix	0	f
1282	2024-07-06	2024-07-06	t	18	0	401.3218	0	0	487		0	f
1283	2024-07-06	2024-07-06	t	26	0	200	0	0	488	pix	0	f
1285	2024-07-06	2024-07-06	t	26	0	3900.0200000000004	0	0	490	pix	0	f
1286	2024-07-06	2024-07-06	t	26	0	8600	0	0	483		0	f
1287	2024-07-06	2024-07-06	t	26	0	2950	0	0	484		0	f
1288	2024-07-06	2024-07-06	t	26	0	3750	0	0	485		0	f
1289	2024-07-06	2024-07-06	t	26	0	4800	0	0	491		0	f
1290	2024-07-06	2024-07-06	t	18	0	3903.3144	0	0	489		0	f
1291	2024-07-06	2024-07-06	t	26	0	2950	0	0	492		0	f
1292	2024-07-08	2024-07-08	t	26	0	1900.02	0	0	493	PIX	0	f
1293	2024-07-08	2024-07-08	t	17	0	2600.02	0	0	488		0	f
1294	2024-07-08	2024-07-08	t	17	0	100	0	0	486		0	f
1295	2024-07-08	2024-07-08	t	26	0	1400	0	0	495	pix	0	f
1296	2024-07-08	2024-07-08	t	26	0	1750.0200000000004	0	0	495	recebido 11 128	0	f
1297	2024-07-08	2024-07-08	t	26	0	3100	0	0	494		0	f
1298	2024-07-09	2024-07-09	t	26	0	3750	0	0	498		0	f
1299	2024-07-09	2024-07-09	t	18	0	2010.3216	0	0	497		0	f
1300	2024-07-09	2024-07-09	t	26	0	3900.0200000000004	0	0	496		0	f
1301	2024-07-09	2024-07-09	t	26	0	2800.0200000000004	0	0	499		0	f
1302	2024-07-10	2024-07-10	t	17	0	850	0	0	497		0	f
1303	2024-07-10	2024-07-10	t	26	0	1300.02	0	0	501		0	f
1304	2024-07-10	2024-07-10	t	26	0	1900	0	0	500		0	f
1308	2024-07-10	2024-07-10	t	18	0	1907.0766	0	0	500		0	f
1309	2024-07-10	2024-07-10	t	26	0	100	0	0	500		0	f
1310	2024-07-10	2024-07-10	t	26	0	3150.0200000000004	0	0	504		0	f
1311	2024-07-10	2024-07-10	t	26	0	1700	0	0	503	DEPOSITO DE 2000	0	f
1312	2024-07-11	2024-07-11	t	\N	16	0	410	41	0	[]	5.606	t
1313	2024-07-11	2024-07-11	t	\N	16	0	207	41	0	Frete	5.606974927031462	t
1314	2024-07-12	2024-07-12	t	26	0	450	0	0	505	iPhone 8	0	f
1315	2024-07-12	2024-07-12	t	26	0	750	0	0	505	pix	0	f
1316	2024-07-12	2024-07-12	t	17	0	96480.33	0	0	0		0	f
1317	2024-07-12	2024-07-12	t	0	23	0	84344.83	0	0	Retirada	0	f
1318	2024-07-12	2024-07-12	t	0	18	0	125609.41	0	0	Retirada	0	f
1319	2024-07-12	2024-07-12	t	0	26	0	138182.51	0	0	Retirada	0	f
1320	2024-07-12	2024-07-12	t	\N	16	0	12866	42	0	[]	5.6075	t
1321	2024-07-12	2024-07-12	t	\N	22	0	8604	43	0	[]	5.6813	t
1322	2024-07-12	2024-07-12	t	22	17	2954.4789762340038	16161	0	0		5.47	t
1323	2024-07-12	2024-07-12	t	16	17	10754.149908592322	58825.2	0	0		5.47	t
1324	2024-07-12	2024-07-12	t	17	0	74896.2	0	0	0		0	f
1325	2024-07-12	2024-07-12	t	17	0	90	0	0	0		0	f
1326	2024-07-12	2024-07-12	t	\N	17	0	1691	0	0	7 telas iphone 13	1	f
1327	2024-07-12	2024-07-12	t	\N	26	0	1691	0	0	7 telas iphone 13	1	f
1328	2024-07-12	2024-07-12	t	17	0	1691	0	0	0		0	f
1329	2024-07-12	2024-07-12	t	26	0	1300.02	0	0	506	1000 deposito pix 300 deposito de 2000 pix	0	f
1330	2024-07-12	2024-07-12	t	0	26	0	2812.98	0	0	Retirada	0	f
1331	2024-07-13	2024-07-13	t	17	0	1300.02	0	0	502		0	f
1332	2024-07-13	2024-07-13	t	17	0	700.02	0	0	505		0	f
1333	2024-07-13	2024-07-13	t	17	0	140	0	0	510		0	f
1334	2024-07-13	2024-07-13	t	17	0	0.02	0	0	509		0	f
1335	2024-07-13	2024-07-13	t	17	0	0.02	0	0	507		0	f
1336	2024-07-13	2024-07-13	t	17	0	0.02	0	0	508		0	f
1126	2024-06-08	2024-06-08	f	26	0	2700.0200000000004	0	0	397	PIX	0	f
1337	2024-07-15	2024-07-15	t	26	0	2800.0200000000004	0	0	512	pix	0	f
1338	2024-07-15	2024-07-15	t	18	0	1303.0758	0	0	511		0	f
1339	2024-07-16	2024-07-16	t	26	0	1300.02	0	0	513	Pix	0	f
1340	2024-07-16	2024-07-16	t	26	0	4750	0	0	514		0	f
1341	2024-07-17	2024-07-17	t	16	26	3113.5531135531137	17000	0	0		5.46	t
1342	2024-07-17	2024-07-17	t	\N	-1	0	200	44	515	Recebimento de Aparelho	1	f
1343	2024-07-17	2024-07-17	t	-1	0	200	0	0	515	Recebimento de Aparelho	0	f
1344	2024-07-17	2024-07-17	t	18	0	2612.849	0	0	515		0	f
1345	2024-07-17	2024-07-17	t	26	0	900	0	0	516		0	f
1346	2024-07-17	2024-07-17	t	18	0	402.31530000000004	0	0	516		0	f
1348	2024-07-17	2024-07-17	t	26	0	1900.02	0	0	518		0	f
1349	2024-07-18	2024-07-18	t	18	0	3908.1168	0	0	519		0	f
1350	2024-07-18	2024-07-18	t	26	0	1300	0	0	520		0	f
1351	2024-07-18	2024-07-18	t	18	0	1504.4094	0	0	520		0	f
1352	2024-06-01	2024-07-20	t	\N	17	0	2000	0	0	Wanderley	1	f
1353	2024-06-01	2024-07-20	t	\N	17	0	800	0	0	Estagiario Vinicius	1	f
1354	2024-06-01	2024-07-20	t	\N	17	0	800	0	0	Estagirio Italo	1	f
1355	2024-07-20	2024-07-20	t	23	0	50	0	0	522		0	f
1356	2024-07-20	2024-07-20	t	17	0	150	0	0	522		0	f
1357	2024-07-20	2024-07-20	t	18	0	2609.1408	0	0	522		0	f
1358	2024-07-22	2024-07-22	t	\N	17	0	98	0	0	10 telas iphone 11 frete	1	f
1359	2024-07-22	2024-07-22	t	26	0	2800.0200000000004	0	0	521	cartao wander	0	f
1360	2024-07-22	2024-07-22	t	\N	17	0	335	0	0	Moldes iphone 11 maquina de polir	1	f
1361	2024-07-22	2024-07-22	t	18	0	154.2996	0	0	524		0	f
1362	2024-07-22	2024-07-22	t	18	0	1808.2	0	0	525		0	f
1363	2024-07-23	2024-07-23	t	\N	17	0	2244	0	0	5 telas iphone 13 10 tels iphone 11 10 vidro com touch iphone 11 5 flex power iphone 11	1	f
1364	2024-07-23	2024-07-23	t	18	0	2260.25	0	0	523		0	f
1365	2024-07-23	2024-07-23	t	17	0	500	0	0	523		0	f
1366	2024-07-23	2024-07-23	t	26	0	1160	0	0	523		0	f
1369	2024-07-23	2024-07-23	t	26	0	2800.0200000000004	0	0	528	PIX	0	f
1370	2024-07-24	2024-07-24	t	\N	-1	0	2800	45	533	Recebimento de Aparelho	1	f
1371	2024-07-24	2024-07-24	t	-1	0	2800	0	0	533	Recebimento de Aparelho	0	f
1372	2024-07-24	2024-07-24	t	\N	-1	0	2100	46	534	Recebimento de Aparelho	1	f
1373	2024-07-24	2024-07-24	t	-1	0	2100	0	0	534	Recebimento de Aparelho	0	f
1374	2024-07-24	2024-07-24	t	26	0	1800.02	0	0	529	pix	0	f
1376	2024-07-24	2024-07-24	t	18	0	1310.945	0	0	531		0	f
1377	2024-07-24	2024-07-24	t	18	0	1805.8425000000002	0	0	530		0	f
1378	2024-07-24	2024-07-24	t	26	0	2800.0200000000004	0	0	532		0	f
1379	2024-07-24	2024-07-24	t	26	0	2900	0	0	534		0	f
1383	2024-07-24	2024-07-24	t	22	17	17391.304347826088	100000	0	0		5.75	t
1384	2024-07-24	2024-07-24	t	\N	22	0	24525	47	0	[]	5.6114	t
1385	2024-07-24	2024-07-24	t	\N	16	0	187.67	47	0	Frete	5.346060532323089	t
1386	2024-07-24	2024-07-24	t	\N	17	0	7700	47	0	Frete	1	f
1387	2024-07-24	2024-07-24	t	\N	17	0	50	47	0	Frete	1	f
1368	2024-07-23	2024-07-23	f	26	0	3100.0200000000004	0	0	526	PIX	0	f
1367	2024-07-23	2024-07-23	f	26	0	3100.0200000000004	0	0	527	PIX	0	f
1388	2024-07-25	2024-07-25	t	18	0	1808.2	0	0	536		0	f
1389	2024-07-25	2024-07-25	t	18	0	1803.2856000000002	0	0	535		0	f
1390	2024-07-27	2024-07-27	t	\N	-1	0	1000	48	537	Recebimento de Aparelho	1	f
1391	2024-07-27	2024-07-27	t	-1	0	1000	0	0	537	Recebimento de Aparelho	0	f
1392	2024-07-27	2024-07-27	t	26	0	400	0	0	537		0	f
1393	2024-07-27	2024-07-27	t	18	0	1410.396	0	0	537		0	f
1394	2024-07-27	2024-07-27	t	18	0	1183.3808	0	0	538		0	f
1395	2024-07-27	2024-07-27	t	18	0	1183.3808	0	0	538		0	f
1396	2024-07-27	2024-07-27	t	17	0	500	0	0	538		0	f
1397	2024-07-27	2024-07-27	t	\N	17	0	180	0	0	Bateria iPhone 11 Pro Max	1	f
1398	2024-07-27	2024-07-27	t	26	0	10060	0	0	539		0	f
1399	2024-07-27	2024-07-27	t	17	0	120	0	0	540		0	f
1400	2024-07-29	2024-07-29	t	\N	17	0	245	0	0	Propaganda iphone 13	1	f
1401	2024-07-30	2024-07-30	t	26	0	2590	0	0	543		0	f
1402	2024-07-30	2024-07-30	t	18	0	1657.446	0	0	541		0	f
1403	2024-07-30	2024-07-30	t	26	0	1000	0	0	542	pix	0	f
1404	2024-07-30	2024-07-30	t	18	0	801.606	0	0	542		0	f
1405	2024-07-30	2024-07-30	t	\N	17	0	90	0	0	Ponta Estrela chave qianli	1	f
1406	2024-07-30	2024-07-30	t	18	0	2819.124	0	0	544		0	f
1407	2024-07-30	2024-07-30	t	18	0	2807.4852	0	0	545		0	f
1408	2024-07-31	2024-07-31	t	26	0	1000	0	0	547		0	f
1409	2024-07-31	2024-07-31	t	18	0	1805.8425000000002	0	0	547		0	f
1410	2024-07-31	2024-07-31	t	26	0	1590	0	0	546		0	f
1411	2024-07-01	2024-07-31	t	\N	17	0	2000	0	0	Aluguel	1	f
1412	2024-07-01	2024-07-31	t	\N	22	0	167	0	0	Contador EUA	5.343606468688978	t
1413	2024-07-01	2024-07-31	t	\N	17	0	1250	0	0	Funcionrio Smya	1	f
1414	2024-07-01	2024-07-31	t	\N	17	0	2000	0	0	Aluguel	1	f
1415	2024-07-01	2024-07-31	t	\N	17	0	1250	0	0	Funcionrio Smya	1	f
1416	2024-07-01	2024-07-31	t	\N	16	0	167	0	0	Contador EUA	5.33633661555129	t
1417	2024-07-01	2024-08-01	t	\N	18	0	2000	0	0	Aluguel	1	f
1418	2024-07-01	2024-08-01	t	\N	18	0	1250	0	0	Funcionrio Smya	1	f
1419	2024-07-01	2024-08-01	t	\N	22	0	167	0	0	Contador EUA	5.333901998844821	t
1420	2024-08-01	2024-08-01	t	\N	17	0	150	0	0	4000 panos de limpeza de tela	1	f
1421	2024-08-01	2024-08-01	t	26	0	1800.02	0	0	548		0	f
1422	2024-08-01	2024-08-01	t	26	0	4600	0	0	549		0	f
1423	2024-08-01	2024-08-01	t	18	0	1310.945	0	0	551		0	f
1424	2024-08-01	2024-08-01	t	22	17	1754.3859649122805	10000	0	0		5.7	t
1425	2024-08-01	2024-08-01	t	22	17	1694.915254237288	10000	0	0		5.9	t
1426	2024-08-01	2024-08-01	t	22	17	1428.5714285714287	10000	0	0		7	t
1427	2024-08-01	2024-08-01	t	22	17	1250	10000	0	0		8	t
1428	2024-08-01	2024-08-01	t	\N	16	0	4800	49	0	[]	5.7139	t
1429	2024-08-01	2024-08-01	t	17	0	157781.9	0	0	0		0	f
1430	2024-08-02	2024-08-02	t	\N	17	0	315	0	0	Capinhas e Peliculas	1	f
1431	2024-08-02	2024-08-02	t	26	0	5100	0	0	550	5060	0	f
1432	2024-08-02	2024-08-02	t	18	0	1807.1508000000001	0	0	552		0	f
1433	2024-08-02	2024-08-02	t	26	0	1700	0	0	553		0	f
1434	2024-08-02	2024-08-02	t	26	0	3150	0	0	554		0	f
1435	2024-08-03	2024-08-03	t	\N	17	0	2050	49	0	Frete	1	f
1436	2024-08-03	2024-08-03	t	\N	17	0	700	49	0	Frete	1	f
1437	2024-08-05	2024-08-05	t	26	0	700.0200000000004	0	0	554	recebimento de xr	0	f
1438	2024-08-05	2024-08-05	t	23	0	100.01999999999998	0	0	553		0	f
1439	2024-08-05	2024-08-05	t	26	0	1800.02	0	0	562	pix	0	f
1440	2024-08-06	2024-08-06	t	\N	17	0	1403	0	0	20 carcaas iphone 11 brancas 5 flex auricular	1	f
1441	2024-08-06	2024-08-06	t	\N	17	0	113	0	0	Frete 20 carcaas iphone 11	1	f
1442	2024-08-06	2024-08-06	t	18	0	2757.505	0	0	564		0	f
1443	2024-08-06	2024-08-06	t	18	0	2758.8456	0	0	565		0	f
1444	2024-08-06	2024-08-06	t	26	0	1800.02	0	0	563	pix	0	f
1445	2024-08-06	2024-08-06	t	\N	17	0	200	0	0	Taxi carto celulares koya	1	f
1446	2024-08-07	2024-08-07	t	\N	17	0	134	0	0	Bomba dagua mquina de polir	1	f
1447	2024-08-07	2024-08-07	t	\N	17	0	2600	0	0	50 baterias iphone 11	1	f
1448	2024-08-08	2024-08-08	t	26	0	1800.02	0	0	569	dinheiro	0	f
1449	2024-08-08	2024-08-08	t	26	0	1800.02	0	0	568	pix	0	f
1450	2024-08-08	2024-08-08	t	18	0	2758.8456	0	0	566		0	f
1451	2024-08-08	2024-08-08	t	18	0	1403.7426	0	0	567		0	f
1452	2024-08-08	2024-08-08	t	26	0	2590	0	0	570	PIX	0	f
1454	2024-08-09	2024-08-09	t	26	0	1396.2774	0	0	567	especie	0	f
1455	2024-08-09	2024-08-09	t	18	0	1808.2	0	0	573		0	f
1456	2024-08-09	2024-08-09	t	26	0	1800.02	0	0	572	pix	0	f
1457	2024-08-09	2024-08-09	t	26	0	1800.02	0	0	574	pix	0	f
1458	2024-08-09	2024-08-09	t	26	0	800	0	0	575		0	f
1459	2024-08-09	2024-08-09	t	18	0	1010.2704	0	0	575		0	f
1453	2024-08-09	2024-08-09	f	26	0	1570	0	0	571	pix	0	f
1460	2024-08-10	2024-08-10	t	\N	17	0	245	0	0	Propaganda iphone 13	1	f
1461	2024-08-12	2024-08-12	t	16	17	10000	54000	0	0		5.4	t
1463	2024-08-12	2024-08-12	t	\N	16	0	7084	50	0	[]	5.6171	t
1464	2024-08-12	2024-08-12	t	\N	17	0	1635	50	0	Frete	1	f
1465	2024-08-12	2024-08-12	t	\N	17	0	50	50	0	Frete	1	f
1466	2024-08-13	2024-08-13	t	\N	17	0	105	0	0	Pedido 2 telas 12 pro max 2 telas xr	1	f
1467	2024-08-13	2024-08-13	t	\N	17	0	771	0	0	2 telas de 12 pro max 2 telas xr	1	f
1468	2024-08-14	2024-08-14	t	26	0	10850	0	0	578	e 13 pro max e 1 14	0	f
1469	2024-08-14	2024-08-14	t	26	0	7500	0	0	579	Carlos Emanuel	0	f
1470	2024-08-14	2024-08-14	t	18	0	1853.405	0	0	580		0	f
1471	2024-08-14	2024-08-14	t	18	0	904.1	0	0	580		0	f
1472	2024-08-14	2024-08-14	t	26	0	650	0	0	582	pix	0	f
1473	2024-08-14	2024-08-14	t	18	0	1205.4585	0	0	582		0	f
1474	2024-08-14	2024-08-14	t	18	0	2505.4848	0	0	583		0	f
1475	2024-08-14	2024-08-14	t	26	0	1400	0	0	583	pix	0	f
1476	2024-08-14	2024-08-14	t	26	0	2750.0200000000004	0	0	577	pix	0	f
1477	2024-08-15	2024-08-15	t	18	0	2705.3796	0	0	584		0	f
1478	2024-08-15	2024-08-15	t	17	0	850	0	0	582	especie no cofre	0	f
1479	2024-08-15	2024-08-15	t	26	0	2960	0	0	581	pix	0	f
1480	2024-08-15	2024-08-15	t	17	0	2100	0	0	581	Especie	0	f
1481	2024-08-16	2024-08-16	t	26	0	2500.0200000000004	0	0	587	pix	0	f
1482	2024-08-16	2024-08-16	t	26	0	600	0	0	585	recebimento de 8 plus	0	f
1483	2024-08-16	2024-08-16	t	26	0	1400	0	0	585		0	f
1484	2024-08-16	2024-08-16	t	18	0	1556.271	0	0	585		0	f
1485	2024-08-16	2024-08-16	t	26	0	2500	0	0	588		0	f
1486	2024-08-17	2024-08-17	t	\N	17	0	123	0	0	Capinhas e Peliculas	1	f
1487	2024-08-19	2024-08-19	t	\N	17	0	222	0	0	10 Fios de Cobra para remover tela	1	f
1488	2024-08-19	2024-08-19	t	\N	17	0	160	0	0	Solda para bateria	1	f
1489	2024-08-19	2024-08-19	t	\N	17	0	150	0	0	6 Flex Auricular iphone 13	1	f
1490	2024-08-19	2024-08-19	t	\N	17	0	65	0	0	Roldana maquina de polir	1	f
1491	2024-08-19	2024-08-19	t	18	0	3921.8687999999997	0	0	591		0	f
1492	2024-08-19	2024-08-19	t	18	0	1015.854	0	0	592		0	f
1493	2024-08-19	2024-08-19	t	26	0	1750	0	0	592		0	f
1494	2024-07-01	2024-08-20	t	\N	17	0	2000	0	0	Wanderley	1	f
1495	2024-07-01	2024-08-20	t	\N	17	0	800	0	0	Estagiario Vinicius	1	f
1496	2024-07-01	2024-08-20	t	\N	17	0	800	0	0	Estagirio Italo	1	f
1497	2024-08-20	2024-08-20	t	23	0	3900.0200000000004	0	0	593		0	f
1498	2024-08-20	2024-08-20	t	17	0	1160	0	0	594		0	f
1499	2024-08-20	2024-08-20	t	18	0	1916.692	0	0	594		0	f
1500	2024-08-20	2024-08-20	t	18	0	830.8439999999999	0	0	594		0	f
1501	2024-08-20	2024-08-20	t	23	0	80	0	0	590		0	f
1502	2024-08-20	2024-08-20	t	17	0	1344	0	0	595	recebido a partir do pagto do aluguel	0	f
1503	2024-08-20	2024-08-20	t	\N	17	0	136	0	0	25 peliculas 13 14 peliculas 11	1	f
1504	2024-08-20	2024-08-20	t	26	0	2700.0200000000004	0	0	597	PIX	0	f
1505	2024-08-20	2024-08-20	t	18	0	2758.8456	0	0	596		0	f
1506	2024-08-21	2024-08-21	t	\N	17	0	245	0	0	Propaganda iphone 13	1	f
1507	2024-08-21	2024-08-21	t	\N	-1	0	1100	51	600	Recebimento de Aparelho	1	f
1508	2024-08-21	2024-08-21	t	-1	0	1100	0	0	600	Recebimento de Aparelho	0	f
1509	2024-08-21	2024-08-21	t	26	0	2750.0200000000004	0	0	599	pix	0	f
1510	2024-08-21	2024-08-21	t	18	0	201.62099999999998	0	0	600		0	f
1511	2024-08-21	2024-08-21	t	26	0	1000	0	0	600		0	f
1512	2024-08-22	2024-08-22	t	17	0	400	0	0	600		0	f
1513	2024-08-22	2024-08-22	t	18	0	2160.0264	0	0	603		0	f
1514	2024-08-22	2024-08-22	t	26	0	600	0	0	603		0	f
1515	2024-08-22	2024-08-22	t	26	0	3900.0200000000004	0	0	604	PIX	0	f
1516	2024-08-22	2024-08-22	f	\N	-1	0	1300	52	605	Recebimento de Aparelho	1	f
1517	2024-08-22	2024-08-22	f	-1	0	1300	0	0	605	Recebimento de Aparelho	0	f
1518	2024-08-22	2024-08-22	f	\N	-1	0	0	53	606	Recebimento de Aparelho	1	f
1519	2024-08-22	2024-08-22	f	-1	0	0	0	0	606	Recebimento de Aparelho	0	f
1520	2024-08-22	2024-08-22	t	\N	-1	0	1300	53	607	Recebimento de Aparelho	1	f
1521	2024-08-22	2024-08-22	t	-1	0	1300	0	0	607	Recebimento de Aparelho	0	f
1522	2024-08-22	2024-08-22	t	\N	-1	0	850	54	608	Recebimento de Aparelho	1	f
1523	2024-08-22	2024-08-22	t	-1	0	850	0	0	608	Recebimento de Aparelho	0	f
1525	2024-08-22	2024-08-22	t	26	0	1600	0	0	608		0	f
1526	2024-08-22	2024-08-22	t	17	0	250.02000000000044	0	0	608		0	f
1527	2024-08-22	2024-08-22	t	18	0	2160.0264	0	0	607		0	f
1528	2024-08-23	2024-08-23	t	17	0	7500	0	0	609	7470 BOLETO NUBANK 30 ROLAMENTO	0	f
1529	2024-08-23	2024-08-23	t	26	0	4070	0	0	610	pix	0	f
1531	2024-08-23	2024-08-23	t	26	0	200	0	0	612	pix	0	f
1532	2024-08-23	2024-08-23	t	18	0	1411.5024	0	0	612		0	f
1533	2024-08-23	2024-08-23	t	26	0	500	0	0	614	recebimento 8 plus	0	f
1534	2024-08-23	2024-08-23	t	26	0	500	0	0	611	pix	0	f
1535	2024-08-23	2024-08-23	t	18	0	1609.298	0	0	614		0	f
1536	2024-08-23	2024-08-23	t	18	0	1304.238	0	0	611		0	f
1537	2024-08-25	2024-08-25	f	26	0	600	0	0	615	pix	0	f
1538	2024-08-25	2024-08-25	t	26	0	600	0	0	616	PIX	0	f
1539	2024-08-25	2024-08-25	t	18	0	2149.3332	0	0	616		0	f
1540	2024-08-25	2024-08-25	t	17	0	0.6868000000004031	0	0	616	PERDA	0	f
1541	2024-08-26	2024-08-26	t	17	0	1800.02	0	0	613		0	f
1542	2024-08-26	2024-08-26	t	17	0	200	0	0	612		0	f
1543	2024-08-26	2024-08-26	t	26	0	200	0	0	614	pix	0	f
1546	2024-08-26	2024-08-26	t	18	0	1808.2	0	0	621		0	f
1547	2024-08-26	2024-08-26	t	26	0	3900.0200000000004	0	0	620	pix	0	f
1548	2024-08-26	2024-08-26	t	18	0	1808.2	0	0	618		0	f
1549	2024-08-26	2024-08-26	t	26	0	750	0	0	617	pix	0	f
1550	2024-08-26	2024-08-26	t	18	0	1057.797	0	0	617		0	f
1544	2024-08-26	2024-08-26	f	\N	-1	0	1300	55	622	Recebimento de Aparelho	1	f
1545	2024-08-26	2024-08-26	f	-1	0	1300	0	0	622	Recebimento de Aparelho	0	f
1551	2024-08-26	2024-08-26	t	\N	-1	0	1450	56	624	Recebimento de Aparelho	1	f
1552	2024-08-26	2024-08-26	t	-1	0	1450	0	0	624	Recebimento de Aparelho	0	f
1553	2024-08-26	2024-08-26	t	26	0	1300	0	0	624	PIX	0	f
1554	2024-08-27	2024-08-27	t	\N	17	0	166	0	0	2 Bombas dagua	1	f
1555	2024-08-27	2024-08-27	t	\N	16	0	6600	57	0	[]	5.6969	t
1556	2024-08-27	2024-08-27	t	\N	16	0	26	57	0	Frete	5.977084834875082	t
1557	2024-08-27	2024-08-27	t	\N	17	0	1459.36	57	0	Frete	1	f
1558	2024-08-27	2024-08-27	t	\N	17	0	50	57	0	Frete	1	f
1559	2024-08-27	2024-08-27	t	\N	17	0	175	0	0	Capinhas e Peliculas	1	f
1560	2024-08-27	2024-08-27	t	\N	17	0	38	0	0	Devolucao capinhas Americo	1	f
1561	2024-08-27	2024-08-27	t	26	0	6700	0	0	625	venda dos aparelhosiphone 13 pro	0	f
1562	2024-08-27	2024-08-27	t	\N	-1	0	2600	58	628	Recebimento de Aparelho	1	f
1563	2024-08-27	2024-08-27	t	-1	0	2600	0	0	628	Recebimento de Aparelho	0	f
1564	2024-08-27	2024-08-27	t	26	0	50	0	0	626	pix	0	f
1565	2024-08-27	2024-08-27	t	18	0	909.1899	0	0	626		0	f
1566	2024-08-27	2024-08-27	t	26	0	1650.02	0	0	627		0	f
1567	2024-08-27	2024-08-27	t	18	0	1310.945	0	0	628		0	f
1568	2024-08-27	2024-08-27	t	23	0	400	0	0	629	vindo da Samia	0	f
1569	2024-08-27	2024-08-27	t	18	0	1908.2665000000002	0	0	629		0	f
1570	2024-08-27	2024-08-27	t	18	0	2160.0264	0	0	630		0	f
1571	2024-08-27	2024-08-27	t	17	0	350	0	0	626		0	f
1572	2024-08-27	2024-08-27	t	17	0	300	0	0	629		0	f
1573	2024-09-01	2024-08-28	t	\N	17	0	1	0	0	teste	1	f
1574	2024-08-28	2024-08-28	t	23	0	100	0	0	629		0	f
1575	2024-08-28	2024-08-28	t	\N	-1	0	800	59	631	Recebimento de Aparelho	1	f
1576	2024-08-28	2024-08-28	t	-1	0	800	0	0	631	Recebimento de Aparelho	0	f
1577	2024-08-29	2024-08-29	t	23	0	50	0	0	631		0	f
1578	2024-08-29	2024-08-29	t	17	0	250	0	0	631		0	f
1579	2024-08-29	2024-08-29	t	18	0	301.47139999999996	0	0	631		0	f
1580	2024-08-29	2024-08-29	t	26	0	2750.02	0	0	635	pix	0	f
1581	2024-08-29	2024-08-29	t	26	0	1900	0	0	634		0	f
1582	2024-08-29	2024-08-29	t	18	0	806.7660000000001	0	0	634		0	f
1583	2024-08-29	2024-08-29	t	17	0	150	0	0	633		0	f
1584	2024-08-29	2024-08-29	t	23	0	150	0	0	633		0	f
1585	2024-08-29	2024-08-29	t	18	0	1672.585	0	0	633		0	f
1586	2024-08-29	2024-08-29	t	18	0	786.567	0	0	633		0	f
1587	2024-08-29	2024-08-29	t	26	0	2700.02	0	0	632		0	f
1588	2024-08-29	2024-08-29	t	26	0	1150	0	0	636		0	f
1589	2024-08-29	2024-08-29	t	18	0	1602.8896	0	0	636		0	f
1590	2024-08-29	2024-08-29	t	\N	17	0	3600	0	0	2 estagiarios + Wanderley	1	f
1591	2024-07-01	2024-08-29	t	\N	17	0	2000	0	0	Wanderley	1	f
1592	2024-08-30	2024-08-30	t	26	0	1600	0	0	637		0	f
1593	2024-08-30	2024-08-30	t	17	0	200.01999999999998	0	0	637		0	f
1594	2024-08-30	2024-08-30	t	\N	17	0	2686.98	0	0	Telas e baterias Hua	1	f
1595	2024-08-30	2024-08-30	t	\N	17	0	2930	0	0	Telas e baterias Hassam	1	f
1596	2024-08-30	2024-08-30	t	18	0	4009.95	0	0	638		0	f
1597	2024-08-30	2024-08-30	t	26	0	7500	0	0	640	pix	0	f
1598	2024-08-31	2024-08-31	t	17	0	1800.02	0	0	639		0	f
1599	2024-08-01	2024-09-01	t	\N	18	0	2000	0	0	Aluguel	1	f
1600	2024-08-01	2024-09-01	t	\N	18	0	1250	0	0	Funcionrio Smya	1	f
1601	2024-08-01	2024-09-01	t	\N	22	0	167	0	0	Contador EUA	5.979351545741607	t
1602	2024-08-01	2024-09-01	t	\N	17	0	800	0	0	Estagirio Italo	1	f
1603	2024-08-01	2024-09-01	t	\N	17	0	800	0	0	Estagiario Vinicius	1	f
1604	2024-08-01	2024-09-01	t	\N	17	0	2000	0	0	Wanderley	1	f
1605	2024-09-01	2024-09-01	t	\N	17	0	2792.14	0	0	Telas e peas Hua	1	f
1606	2024-09-01	2024-09-01	t	\N	17	0	2995	0	0	Telas e peas Hassan	1	f
1607	2024-09-02	2024-09-02	t	18	0	2706.1776	0	0	641		0	f
1608	2024-09-03	2024-09-03	t	\N	17	0	245	0	0	Propaganda iphone 13	1	f
1609	2024-09-03	2024-09-03	t	22	18	10000	54000	0	0		5.4	t
1610	2024-09-03	2024-09-03	t	\N	16	0	530	60	0	[]	5.6169	t
1611	2024-09-03	2024-09-03	t	\N	17	0	185	0	0	Capinhas e Pelculas	1	f
1612	2024-09-03	2024-09-03	t	26	0	2700.0200000000004	0	0	643	pix	0	f
1613	2024-09-03	2024-09-03	t	18	0	1708.749	0	0	642		0	f
1614	2024-09-03	2024-09-03	t	17	0	200	0	0	642	pagto a Samia	0	f
1615	2024-09-04	2024-09-04	t	18	0	1356.15	0	0	644		0	f
1616	2024-09-04	2024-09-04	t	18	0	2758.8456	0	0	645		0	f
1617	2024-09-04	2024-09-04	t	26	0	3750	0	0	646	APARELHO	0	f
1618	2024-09-05	2024-09-05	t	17	0	35	0	0	586		0	f
1619	2024-09-05	2024-09-05	t	17	0	35	0	0	589		0	f
1620	2024-09-05	2024-09-05	t	26	0	2750.02	0	0	651		0	f
1622	2024-09-05	2024-09-05	t	18	0	1762.9950000000001	0	0	648		0	f
1623	2024-09-05	2024-09-05	t	26	0	1000	0	0	648		0	f
1624	2024-09-05	2024-09-05	t	18	0	3569.5134	0	0	650		0	f
1625	2024-09-05	2024-09-05	t	\N	-1	0	1300	61	652	Recebimento de Aparelho	1	f
1626	2024-09-05	2024-09-05	t	-1	0	1300	0	0	652	Recebimento de Aparelho	0	f
1627	2024-09-05	2024-09-05	t	18	0	1394.9676000000002	0	0	652		0	f
1628	2024-09-05	2024-09-05	f	26	0	1350.02	0	0	649		0	f
1629	2024-09-06	2024-09-06	t	18	0	2309.7312	0	0	656		0	f
1631	2024-09-06	2024-09-06	t	26	0	1400	0	0	654	Espcie	0	f
1632	2024-09-06	2024-09-06	t	18	0	2154.828	0	0	654		0	f
1633	2024-09-06	2024-09-06	t	18	0	1905.3216000000002	0	0	653		0	f
1634	2024-09-06	2024-09-06	t	26	0	200	0	0	657	pix	0	f
1635	2024-09-06	2024-09-06	t	26	0	200	0	0	657	espcie	0	f
1636	2024-09-06	2024-09-06	t	18	0	1509.847	0	0	657		0	f
1637	2024-09-09	2024-09-09	t	\N	17	0	250	0	0	Reenvio telas Hassan	1	f
1630	2024-09-06	2024-09-06	f	18	0	2757.505	0	0	655		0	f
1638	2024-09-09	2024-09-09	t	\N	17	0	292.5	0	0	Retorno de aaparelho	1	f
1639	2024-09-09	2024-09-09	t	18	0	980.21	0	0	659		0	f
1640	2024-09-09	2024-09-09	t	18	0	933.8728	0	0	659		0	f
1641	2024-09-09	2024-09-09	t	18	0	1860.6168	0	0	658		0	f
1642	2024-09-10	2024-09-10	t	\N	17	0	271.29	0	0	Estorno valor dbito	1	f
1643	2024-09-10	2024-09-10	t	26	0	900	0	0	658		0	f
1644	2024-09-10	2024-09-10	t	26	0	3750	0	0	660	13 pro max	0	f
1645	2024-09-10	2024-09-10	t	\N	17	0	150.5	0	0	Capinhas e Pelculas	1	f
1646	2024-09-10	2024-09-10	t	\N	17	0	50	0	0	Peliculas iphone 11	1	f
1647	2024-09-10	2024-09-10	t	18	0	1914.0828	0	0	665		0	f
1648	2024-09-10	2024-09-10	t	18	0	1904.343	0	0	664		0	f
1650	2024-09-10	2024-09-10	t	26	0	500	0	0	663		0	f
1651	2024-09-10	2024-09-10	t	18	0	2221.371	0	0	663		0	f
1652	2024-09-10	2024-09-10	t	26	0	2500	0	0	662		0	f
1653	2024-09-10	2024-09-10	t	26	0	200.02000000000044	0	0	662	especie	0	f
1654	2024-09-10	2024-09-10	t	26	0	500	0	0	661	dinheiro	0	f
1655	2024-09-10	2024-09-10	t	18	0	1002.3444	0	0	661		0	f
1656	2024-09-11	2024-09-11	t	\N	17	0	135	0	0	15 CABOS USB-C	1	f
1657	2024-09-11	2024-09-11	t	\N	-1	0	2300	62	668	Recebimento de Aparelho	1	f
1658	2024-09-11	2024-09-11	t	-1	0	2300	0	0	668	Recebimento de Aparelho	0	f
1659	2024-09-11	2024-09-11	t	\N	-1	0	1000	63	669	Recebimento de Aparelho	1	f
1660	2024-09-11	2024-09-11	t	-1	0	1000	0	0	669	Recebimento de Aparelho	0	f
1661	2024-09-11	2024-09-11	t	18	0	2705.3796	0	0	672		0	f
1662	2024-09-11	2024-09-11	t	18	0	403.38300000000004	0	0	668		0	f
1663	2024-09-11	2024-09-11	t	26	0	1000	0	0	669	pix	0	f
1664	2024-09-11	2024-09-11	t	18	0	2128.2023	0	0	669		0	f
1665	2024-09-11	2024-09-11	t	18	0	710.1176	0	0	670		0	f
1666	2024-09-11	2024-09-11	t	26	0	800	0	0	670	pix	0	f
1667	2024-09-11	2024-09-11	t	18	0	49.455	0	0	671		0	f
1668	2024-09-11	2024-09-11	t	26	0	5000	0	0	666		0	f
1669	2024-09-11	2024-09-11	t	\N	17	0	64	0	0	Bolo do Italo	1	f
1670	2024-09-12	2024-09-12	t	17	0	2700.5650000000005	0	0	671		0	f
1671	2024-09-12	2024-09-12	t	17	0	200	0	0	670		0	f
1672	2024-09-12	2024-09-12	t	18	0	2757.505	0	0	676		0	f
1673	2024-09-12	2024-09-12	t	26	0	1800.02	0	0	675		0	f
1674	2024-09-12	2024-09-12	t	26	0	1000	0	0	674		0	f
1677	2024-09-12	2024-09-12	t	18	0	3010.6530000000002	0	0	674		0	f
1678	2024-09-12	2024-09-12	t	26	0	2700.0200000000004	0	0	673		0	f
1679	2024-09-14	2024-09-14	t	\N	-1	0	1900	64	678	Recebimento de Aparelho	1	f
1680	2024-09-14	2024-09-14	t	-1	0	1900	0	0	678	Recebimento de Aparelho	0	f
1681	2024-09-14	2024-09-14	t	26	0	1402	0	0	677	pix	0	f
1682	2024-09-14	2024-09-14	t	26	0	1000	0	0	678	pix	0	f
1683	2024-09-14	2024-09-14	t	18	0	1101.404	0	0	678		0	f
1684	2024-09-14	2024-09-14	t	26	0	3750	0	0	679		0	f
1685	2024-09-14	2024-09-14	t	26	0	2300.02	0	0	680	pix	0	f
1686	2024-09-16	2024-09-16	t	\N	17	0	686.12	0	0	2 telas 12 pro max	1	f
1687	2024-09-16	2024-09-16	t	\N	17	0	1465.5	65	0	[]	1	f
1689	2024-09-16	2024-09-16	t	18	0	2712.3	0	0	681		0	f
1690	2024-09-17	2024-09-17	t	\N	17	0	152	0	0	Capinhas e Pelculas	1	f
1691	2024-09-17	2024-09-17	t	18	0	2206.004	0	0	682		0	f
1692	2024-09-17	2024-09-17	t	26	0	250	0	0	682		0	f
1693	2024-09-17	2024-09-17	t	26	0	300	0	0	682	pix	0	f
1694	2024-09-19	2024-09-19	t	\N	-1	0	1000	66	684	Recebimento de Aparelho	1	f
1695	2024-09-19	2024-09-19	t	-1	0	1000	0	0	684	Recebimento de Aparelho	0	f
1696	2024-09-19	2024-09-19	t	26	0	2750.0200000000004	0	0	686	pix	0	f
1697	2024-09-19	2024-09-19	t	26	0	1900.02	0	0	685	pix	0	f
1698	2024-09-19	2024-09-19	t	26	0	1700.0200000000004	0	0	684	dinheiro	0	f
1699	2024-09-19	2024-09-19	t	18	0	989.1	0	0	683		0	f
1700	2024-09-19	2024-09-19	t	18	0	1764.378	0	0	683		0	f
1701	2024-09-19	2024-09-19	t	\N	-1	0	1200	67	687	Recebimento de Aparelho	1	f
1702	2024-09-19	2024-09-19	t	-1	0	1200	0	0	687	Recebimento de Aparelho	0	f
1703	2024-09-19	2024-09-19	t	18	0	2757.505	0	0	689		0	f
1704	2024-09-19	2024-09-19	t	18	0	1907.651	0	0	688		0	f
1705	2024-09-19	2024-09-19	t	26	0	2800	0	0	687	pix	0	f
1347	2024-07-17	2024-07-17	f	18	0	3155.309	0	0	517		0	f
1706	2024-09-20	2024-09-20	t	\N	-1	0	900	68	690	Recebimento de Aparelho	1	f
1707	2024-09-20	2024-09-20	t	-1	0	900	0	0	690	Recebimento de Aparelho	0	f
1708	2024-09-20	2024-09-20	t	26	0	1750.02	0	0	691	pix	0	f
1709	2024-09-20	2024-09-20	t	26	0	1700	0	0	690		0	f
1710	2024-09-20	2024-09-20	t	17	0	100	0	0	690	perda	0	f
1711	2024-09-21	2024-09-21	t	\N	17	0	390	0	0	Propaganda iphone 13	1	f
1712	2024-09-24	2024-09-24	t	18	0	2455.9353	0	0	692		0	f
1713	2024-09-24	2024-09-24	t	26	0	300	0	0	692		0	f
1714	2024-09-25	2024-09-25	t	18	0	2758.8456	0	0	693		0	f
1715	2024-09-26	2024-09-26	t	18	0	831.772	0	0	694		0	f
1716	2024-09-26	2024-09-26	t	18	0	3073.94	0	0	694		0	f
1717	2024-09-28	2024-09-28	t	26	0	1800.02	0	0	695	pix	0	f
1718	2024-09-28	2024-09-28	t	\N	17	0	320	0	0	2 cameras ip13 5 dock de carga ip13 5 flex do fone ip13	1	f
1719	2024-09-30	2024-09-30	t	18	0	1808.2	0	0	696		0	f
1720	2024-09-30	2024-09-30	t	26	0	1800.02	0	0	697	pix	0	f
1721	2024-09-01	2024-09-30	f	\N	18	0	2000	0	0	Aluguel	1	f
1722	2024-09-01	2024-09-30	f	\N	18	0	1250	0	0	Funcionrio Smya	1	f
1723	2024-09-01	2024-09-30	f	\N	22	0	167	0	0	Contador EUA	5.624071131597416	t
1724	2024-09-01	2024-09-30	f	\N	17	0	800	0	0	Estagirio Italo	1	f
1725	2024-09-01	2024-09-30	f	\N	17	0	800	0	0	Estagiario Vinicius	1	f
1726	2024-09-01	2024-09-30	f	\N	17	0	2000	0	0	Wanderley	1	f
1727	2024-09-01	2024-10-01	t	\N	18	0	1250	0	0	Funcionrio Smya	1	f
1728	2024-09-01	2024-10-01	t	\N	18	0	2000	0	0	Aluguel	1	f
1729	2024-09-01	2024-10-01	t	\N	17	0	800	0	0	Estagirio Italo	1	f
1730	2024-09-01	2024-10-01	t	\N	17	0	800	0	0	Estagiario Vinicius	1	f
1731	2024-09-01	2024-10-01	t	\N	17	0	2000	0	0	Wanderley	1	f
1732	2024-09-01	2024-10-01	t	\N	22	0	167	0	0	Contador EUA	5.60948689328065	t
1733	2024-10-01	2024-10-01	t	\N	17	0	160	0	0	Capinhas e peliculas	1	f
1734	2024-10-01	2024-10-01	t	\N	17	0	170	0	0	Bateria 12 pro max	1	f
1735	2024-10-02	2024-10-02	t	18	0	2757.505	0	0	698		0	f
1736	2024-10-02	2024-10-02	t	26	0	1900.02	0	0	699	pix	0	f
1737	2024-10-05	2024-10-05	t	26	0	38	0	0	700		0	f
1738	2024-10-05	2024-10-05	t	18	0	1956.8556	0	0	701		0	f
1739	2024-10-05	2024-10-05	t	26	0	800	0	0	701	cash	0	f
1740	2024-10-04	2024-10-06	t	\N	17	0	800	0	0	Estagirio Vinicius	1	f
1741	2024-10-08	2024-10-08	t	18	0	1764.378	0	0	702		0	f
1742	2024-10-08	2024-10-08	t	26	0	1000	0	0	702		0	f
1743	2024-10-09	2024-10-09	t	18	0	1507.2071	0	0	703		0	f
1744	2024-10-10	2024-10-10	t	26	0	1700	0	0	704	pix	0	f
1745	2024-10-10	2024-10-10	t	26	0	200.01999999999998	0	0	704	especie	0	f
1746	2024-10-10	2024-10-10	f	26	0	800	0	0	705	dinheiro	0	f
1747	2024-10-10	2024-10-10	f	26	0	500	0	0	705	pix	0	f
1748	2024-10-10	2024-10-10	f	18	0	98.91	0	0	705		0	f
1749	2024-10-10	2024-10-10	f	17	0	1.0899999999999181	0	0	705	perda	0	f
1750	2024-10-10	2024-10-10	t	26	0	800	0	0	706	dinheiro	0	f
1751	2024-10-10	2024-10-10	t	26	0	500	0	0	706	especie	0	f
1752	2024-10-10	2024-10-10	t	18	0	98.91	0	0	706		0	f
1753	2024-10-16	2024-10-16	t	17	0	6000	0	0	707		0	f
1754	2024-10-16	2024-10-16	t	17	0	2000	0	0	708		0	f
1755	2024-10-16	2024-10-16	t	17	0	1.1099999999999	0	0	706	perda	0	f
1756	2024-10-16	2024-10-16	t	17	0	5.052400000000489	0	0	652	perda	0	f
1758	2024-10-16	2024-10-16	t	17	0	2500	0	0	709		0	f
1759	2024-10-16	2024-10-16	t	26	0	2100	0	0	710	pix	0	f
1760	2024-10-16	2024-10-16	t	26	0	220	0	0	709		0	f
1761	2024-10-16	2024-10-16	t	18	0	301.47139999999996	0	0	710		0	f
1762	2024-10-25	2024-10-25	t	26	0	1900.02	0	0	713	pix	0	f
1763	2024-10-25	2024-10-25	t	17	0	0.03	0	0	712		0	f
1764	2024-10-26	2024-10-26	t	16	17	8849.557522123892	50000	0	0		5.65	t
1765	2024-10-26	2024-10-26	t	16	17	1769.9115044247787	10000	0	0		5.65	t
1766	2024-10-28	2024-10-28	t	\N	17	0	3830	69	0	[]	1	f
1767	2024-10-28	2024-10-28	t	\N	17	0	50	69	0	Frete	1	f
1768	2024-10-29	2024-10-29	t	\N	17	0	612	0	0	Capinhas e Pelculas	1	f
1769	2024-10-29	2024-10-29	t	\N	16	0	13705	70	0	[]	5.6119	t
1770	2024-10-29	2024-10-29	t	\N	17	0	2905.84	70	0	Frete	1	f
1771	2024-10-29	2024-10-29	t	\N	17	0	100	70	0	Frete	1	f
1772	2024-10-01	2024-10-31	t	\N	18	0	1250	0	0	Funcionrio Smya	1	f
1773	2024-10-01	2024-10-31	t	\N	18	0	2000	0	0	Aluguel	1	f
1774	2024-10-01	2024-10-31	t	\N	17	0	800	0	0	Estagirio Italo	1	f
1775	2024-10-01	2024-10-31	t	\N	17	0	2000	0	0	Wanderley	1	f
1776	2024-10-01	2024-10-31	t	\N	22	0	167	0	0	Contador EUA	5.659540778004758	t
1777	2024-10-31	2024-10-31	t	26	0	23376	0	0	715	venda de aparelhos	0	f
1778	2024-10-31	2024-10-31	t	26	0	3500.02	0	0	716	pix	0	f
1779	2024-10-31	2024-10-31	t	26	0	1800	0	0	717	especie	0	f
1780	2024-10-31	2024-10-31	t	26	0	2200.02	0	0	717	pix	0	f
1781	2024-10-31	2024-10-31	t	17	0	3200	0	0	719	compra anterior 12 pro max	0	f
1782	2024-10-31	2024-10-31	t	18	0	302.44980000000004	0	0	719		0	f
1783	2024-10-31	2024-10-31	t	26	0	1900.02	0	0	718	pix	0	f
1784	2024-10-31	2024-10-31	t	17	0	2780	0	0	714	ajuste de estoque	0	f
1785	2024-11-02	2024-11-02	t	26	0	2750.0200000000004	0	0	723	PIX	0	f
1786	2024-11-02	2024-11-02	t	18	0	1860.6168	0	0	722		0	f
1787	2024-11-02	2024-11-02	t	18	0	1609.298	0	0	721		0	f
1789	2024-11-02	2024-11-02	t	18	0	3015.4824	0	0	720		0	f
1790	2024-11-02	2024-11-02	t	18	0	958.346	0	0	720		0	f
1791	2024-11-05	2024-11-05	t	18	0	3906.9449999999997	0	0	724		0	f
1792	2024-11-05	2024-11-05	t	26	0	3500.02	0	0	725	pix	0	f
1793	2024-11-06	2024-11-06	t	\N	17	0	800	71	0	[]	1	f
1794	2024-11-06	2024-11-06	t	26	0	4200	0	0	726	PIX	0	f
1795	2024-11-06	2024-11-06	t	17	0	800.0200000000004	0	0	726	Compra de aparelho iphone 11	0	f
1796	2024-11-06	2024-11-06	t	26	0	3900	0	0	727	pix	0	f
1797	2024-11-06	2024-11-06	t	18	0	593.46	0	0	727		0	f
1798	2024-11-06	2024-11-06	t	18	0	494.55	0	0	727		0	f
1799	2024-11-06	2024-11-06	t	26	0	800	0	0	728		0	f
1801	2024-11-06	2024-11-06	t	18	0	3206.5104	0	0	728		0	f
1802	2024-11-06	2024-11-06	t	17	0	12.010000000000218	0	0	727	perda	0	f
1803	2024-11-06	2024-11-06	t	\N	17	0	0	71	0	Frete	1	f
1804	2024-11-08	2024-11-08	t	\N	-1	0	1200	72	730	Recebimento de Aparelho	1	f
1805	2024-11-08	2024-11-08	t	-1	0	1200	0	0	730	Recebimento de Aparelho	0	f
1806	2024-11-08	2024-11-08	t	18	0	2807.4158	0	0	730		0	f
1807	2024-11-08	2024-11-08	t	18	0	1762.9950000000001	0	0	731		0	f
1808	2024-11-09	2024-11-09	t	\N	22	0	12550	73	0	[]	5.6279	t
1809	2024-11-09	2024-11-09	t	\N	17	0	2232	73	0	Frete	1	f
1810	2024-11-09	2024-11-09	t	\N	17	0	260	73	0	Frete	1	f
1811	2024-11-09	2024-11-09	t	\N	17	0	50	73	0	Frete	1	f
1812	2024-11-09	2024-11-09	t	26	0	33000	0	0	735		0	f
1813	2024-11-09	2024-11-09	t	26	0	2800.0200000000004	0	0	738		0	f
1814	2024-11-09	2024-11-09	t	26	0	1900.02	0	0	736		0	f
1815	2024-11-09	2024-11-09	t	26	0	4000.0200000000004	0	0	737		0	f
1816	2024-11-09	2024-11-09	t	26	0	130	0	0	733		0	f
1817	2024-11-11	2024-11-11	t	17	0	0.01	0	0	739		0	f
1818	2024-11-11	2024-11-11	t	17	0	0.01	0	0	743		0	f
1819	2024-11-11	2024-11-11	t	17	0	0.01	0	0	740		0	f
1820	2024-11-12	2024-11-12	t	26	0	4000.0200000000004	0	0	744	pix	0	f
1821	2024-11-12	2024-11-12	t	\N	17	0	245	0	0	Propaganda 16 pro max	1	f
1822	2024-11-12	2024-11-12	t	\N	17	0	150	0	0	Mercantil Nara	1	f
1823	2024-11-12	2024-11-12	t	18	0	4009.95	0	0	745		0	f
1824	2024-11-13	2024-11-13	t	26	0	8450	0	0	746	pix Nailton	0	f
1825	2024-11-13	2024-11-13	t	17	0	8500	0	0	748	pix	0	f
1826	2024-11-13	2024-11-13	t	26	0	2750	0	0	747	pix	0	f
1827	2024-11-14	2024-11-14	t	17	0	1250.0200000000004	0	0	747		0	f
1828	2024-11-15	2024-11-15	t	17	0	8450	0	0	750	pix Diego	0	f
1829	2024-11-15	2024-11-15	t	17	0	5000	0	0	749		0	f
1830	2024-11-15	2024-11-15	t	26	0	3450	0	0	749	especie	0	f
1831	2024-11-16	2024-11-16	t	26	0	8350	0	0	751	16 pro max prata	0	f
1832	2024-11-18	2024-11-18	t	26	0	8450	0	0	750	recebido do Raphael	0	f
1833	2024-11-18	2024-11-18	t	\N	17	0	80	0	0	Mercantil Nara	1	f
1834	2024-11-19	2024-11-19	t	26	0	160	0	0	752	5 carregadores	0	f
1835	2024-11-19	2024-11-19	t	17	0	115	0	0	753	ajuste	0	f
1836	2024-11-23	2024-11-23	t	17	0	0.01	0	0	754		0	f
1837	2024-11-23	2024-11-23	t	17	0	385	0	0	742		0	f
1838	2024-11-23	2024-11-23	t	17	0	70	0	0	732		0	f
1839	2024-11-23	2024-11-23	t	17	0	175	0	0	711		0	f
1840	2024-11-25	2024-11-25	t	\N	17	0	100	0	0	Samia	1	f
1841	2024-12-03	2024-12-03	t	17	0	76	0	0	755		0	f
1842	2024-12-03	2024-12-03	t	17	0	120	0	0	757		0	f
1843	2024-12-04	2024-12-04	t	16	26	16666.666666666668	100000	0	0		6	t
1844	2024-12-04	2024-12-04	t	16	26	18518.51851851852	100000	0	0		5.4	t
1845	2024-12-04	2024-12-04	t	16	26	17699.115044247785	100000	0	0		5.65	t
1846	2024-12-04	2024-12-04	t	22	26	12727.272727272728	70000	0	0		5.5	t
1847	2024-12-04	2024-12-04	t	\N	16	0	23030	74	0	[]	5.6429	t
1848	2024-12-04	2024-12-04	t	18	0	4005.163	0	0	758		0	f
1849	2024-12-05	2024-12-05	t	17	0	32	0	0	759		0	f
1850	2024-12-05	2024-12-05	f	26	0	15300	0	0	760		0	f
1851	2024-12-05	2024-12-05	t	\N	18	0	3329	74	0	Frete	1	f
1852	2024-12-05	2024-12-05	t	\N	18	0	7053	74	0	Frete	1	f
1853	2024-12-05	2024-12-05	t	\N	26	0	5110	74	0	Frete	1	f
1854	2024-12-06	2024-12-06	t	\N	26	0	245	0	0	Propaganda iphone 13	1	f
1855	2024-12-06	2024-12-06	t	18	0	4009.95	0	0	763		0	f
1856	2024-12-06	2024-12-06	t	26	0	15300	0	0	761		0	f
1857	2024-12-06	2024-12-06	t	17	0	0.11	0	0	762	BATERIAS DE APARELHOS	0	f
1858	2024-12-06	2024-12-06	t	\N	17	0	90	0	0	samia supermercado	1	f
1859	2024-12-07	2024-12-07	t	\N	26	0	153	0	0	Capinhas e Pelculas	1	f
1860	2024-12-07	2024-12-07	t	\N	-1	0	2150	75	764	Recebimento de Aparelho	1	f
1861	2024-12-07	2024-12-07	t	-1	0	2150	0	0	764	Recebimento de Aparelho	0	f
1862	2024-12-07	2024-12-07	t	17	0	650	0	0	764	Ja recebido	0	f
1863	2024-12-07	2024-12-07	t	26	0	3100.0200000000004	0	0	765		0	f
1864	2024-12-07	2024-12-07	t	26	0	1600	0	0	766	pix	0	f
1866	2024-12-07	2024-12-07	t	18	0	756.08	0	0	766		0	f
1867	2024-12-07	2024-12-07	t	18	0	446.08720000000005	0	0	766		0	f
1868	2024-12-07	2024-12-07	t	26	0	1450	0	0	767	dinheiro	0	f
1869	2024-12-07	2024-12-07	t	26	0	900	0	0	767	pix	0	f
1870	2024-12-07	2024-12-07	t	18	0	453.67470000000003	0	0	767		0	f
1871	2024-12-07	2024-12-07	t	18	0	2811.751	0	0	770		0	f
1872	2024-12-07	2024-12-07	t	26	0	2850.0200000000004	0	0	769	PIX	0	f
1873	2024-12-07	2024-12-07	t	26	0	2000	0	0	768	pix	0	f
1874	2024-12-10	2024-12-10	t	\N	-1	0	900	76	773	Recebimento de Aparelho	1	f
1875	2024-12-10	2024-12-10	t	-1	0	900	0	0	773	Recebimento de Aparelho	0	f
1876	2024-12-10	2024-12-10	t	26	0	800	0	0	773		0	f
1877	2024-12-10	2024-12-10	t	18	0	1157.248	0	0	773		0	f
1878	2024-12-10	2024-12-10	t	26	0	2800.0200000000004	0	0	772	pix	0	f
1879	2024-12-10	2024-12-10	t	\N	17	0	11	0	0	Entrega Aparelho Topic	1	f
1880	2024-12-10	2024-12-10	t	\N	17	0	88	0	0	samia supermercado	1	f
1881	2024-12-10	2024-12-10	t	17	0	120	0	0	776		0	f
1882	2024-12-10	2024-12-10	t	17	0	0.01	0	0	774		0	f
1883	2024-12-10	2024-12-10	t	17	0	0.01	0	0	775		0	f
1884	2024-12-10	2024-12-10	t	26	0	2850.02	0	0	777	PIX	0	f
1885	2024-12-12	2024-12-12	t	26	0	2150.0200000000004	0	0	778	pix	0	f
1886	2024-12-12	2024-12-12	t	26	0	2800.0200000000004	0	0	779	pix	0	f
1887	2024-12-12	2024-12-12	t	26	0	1850	0	0	780	pix	0	f
1888	2024-12-12	2024-12-12	t	18	0	1429.5033	0	0	780		0	f
1889	2024-12-12	2024-12-12	t	26	0	800	0	0	781	pix	0	f
1890	2024-12-12	2024-12-12	t	18	0	2006.7705	0	0	781		0	f
1891	2024-12-12	2024-12-12	t	\N	17	0	66820	77	0	[]	1	f
1892	2024-12-12	2024-12-12	t	\N	17	0	3736	77	0	Frete	1	f
1893	2024-12-12	2024-12-12	t	\N	17	0	50	77	0	Frete	1	f
1894	2024-12-12	2024-12-12	t	17	0	185344.4	0	0	0		0	f
1895	2024-12-12	2024-12-12	t	18	0	8453.335000000001	0	0	783		0	f
1896	2024-12-12	2024-12-12	t	17	0	0.01	0	0	782		0	f
1897	2024-12-12	2024-12-12	t	26	0	25350	0	0	784		0	f
1898	2024-12-12	2024-12-12	t	17	0	8550	0	0	785	Pix Nubank 	0	f
1899	2024-12-12	2024-12-12	t	26	0	2550	0	0	789	aparelho	0	f
1900	2024-12-12	2024-12-12	t	26	0	2800.0200000000004	0	0	786	pix	0	f
1901	2024-12-12	2024-12-12	t	26	0	2850.0200000000004	0	0	788	pix	0	f
1902	2024-12-12	2024-12-12	t	26	0	2800.0200000000004	0	0	787	pix	0	f
1903	2024-12-14	2024-12-14	t	\N	-1	0	700	78	790	Recebimento de Aparelho	1	f
1904	2024-12-14	2024-12-14	t	-1	0	700	0	0	790	Recebimento de Aparelho	0	f
1905	2024-12-14	2024-12-14	t	26	0	1800	0	0	790	pix	0	f
1906	2024-12-14	2024-12-14	t	26	0	2550	0	0	791	aparelho	0	f
1907	2024-12-14	2024-12-14	t	26	0	300	0	0	790	dinheiro	0	f
1908	2024-12-15	2024-12-15	t	0	18	0	103025.25	0	0	Retirada	0	f
1909	2024-12-15	2024-12-15	t	0	26	0	89311.1	0	0	Retirada	0	f
1910	2024-12-15	2024-12-15	t	0	17	0	8550.01	0	0	Retirada	0	f
1911	2024-12-15	2024-12-15	t	0	23	0	4830.04	0	0	Retirada	0	f
1912	2024-12-15	2024-12-15	t	\N	17	0	8000	77	0	Frete	1	f
1913	2024-12-15	2024-12-15	t	17	0	8000	0	0	0		0	f
1914	2024-12-15	2024-12-15	t	\N	17	0	3750	0	0	Erro cadastro iphone 16 pro max	1	f
1915	2024-12-15	2024-12-15	t	17	0	0.01	0	0	792		0	f
1916	2024-12-16	2024-12-16	t	\N	17	0	350	0	0	propaganda 16 pro max	1	f
1917	2024-12-16	2024-12-16	t	18	0	2856.956	0	0	794		0	f
1918	2024-12-18	2024-12-18	t	\N	17	0	110955	79	0	[]	1	f
1919	2024-12-18	2024-12-18	t	\N	17	0	5545	79	0	Frete	1	f
1920	2024-12-18	2024-12-18	t	\N	17	0	50	79	0	Frete	1	f
1921	2024-12-18	2024-12-18	t	\N	17	0	245	0	0	Capinhas e Pelculas	1	f
1922	2024-12-18	2024-12-18	t	\N	17	0	98	0	0	samia supermercado	1	f
1923	2024-12-18	2024-12-18	t	\N	17	0	7	0	0	Entrega Aparelho Topic	1	f
1924	2024-12-18	2024-12-18	t	17	0	2650	0	0	793		0	f
1925	2024-12-18	2024-12-18	t	26	0	8550	0	0	797	pix	0	f
1926	2024-12-18	2024-12-18	t	17	0	0.01	0	0	795		0	f
1927	2024-12-18	2024-12-18	t	17	0	0.01	0	0	796		0	f
1928	2024-12-18	2024-12-18	t	26	0	2850.0200000000004	0	0	798	pix	0	f
1929	2024-12-18	2024-12-18	t	26	0	350	0	0	799	pix	0	f
1930	2024-12-18	2024-12-18	t	18	0	2512.902	0	0	799		0	f
1931	2024-12-19	2024-12-19	t	\N	17	0	200	0	0	propaganda 16 pro max	1	f
1932	2024-12-19	2024-12-19	t	26	0	1700	0	0	800	especie	0	f
1933	2024-12-19	2024-12-19	t	26	0	1100.0200000000004	0	0	800	pix	0	f
1935	2024-12-19	2024-12-19	t	18	0	1112.0928	0	0	801		0	f
1936	2024-12-19	2024-12-19	t	18	0	1710.912	0	0	801		0	f
1937	2024-12-19	2024-12-19	t	18	0	1454.076	0	0	802		0	f
1938	2024-12-19	2024-12-19	t	26	0	60	0	0	803	pix	0	f
1939	2024-12-20	2024-12-20	t	26	0	650	0	0	768	pix	0	f
1940	2024-12-20	2024-12-20	t	18	0	8555.472	0	0	804		0	f
1941	2024-12-20	2024-12-20	t	26	0	500	0	0	806	pix	0	f
1942	2024-12-20	2024-12-20	t	26	0	500	0	0	806	especie	0	f
1943	2024-12-20	2024-12-20	t	26	0	2088	0	0	806		0	f
1944	2024-12-20	2024-12-20	t	26	0	5000	0	0	805	especie	0	f
1945	2024-12-20	2024-12-20	t	18	0	3556.8936000000003	0	0	805		0	f
1946	2024-12-21	2024-12-21	t	17	0	0.01	0	0	807		0	f
1947	2024-12-21	2024-12-21	t	17	0	0.01	0	0	808		0	f
1948	2024-12-21	2024-12-21	t	17	0	8500	0	0	810	pix	0	f
1949	2024-12-21	2024-12-21	t	\N	-1	0	1100	80	813	Recebimento de Aparelho	1	f
1950	2024-12-21	2024-12-21	t	-1	0	1100	0	0	813	Recebimento de Aparelho	0	f
1951	2024-12-21	2024-12-21	t	18	0	705.198	0	0	813		0	f
1952	2024-12-21	2024-12-21	t	26	0	1000	0	0	813	pix	0	f
1957	2024-12-22	2024-12-22	t	\N	17	0	20	81	0	[]	1	f
1958	2024-12-22	2024-12-22	t	\N	17	0	455	82	0	[]	1	f
1959	2024-12-22	2024-12-22	t	\N	17	0	650	83	0	[]	1	f
1960	2024-12-22	2024-12-22	t	17	0	0.01	0	0	809		0	f
1961	2024-12-23	2024-12-23	t	26	0	50	0	0	818	pix	0	f
1962	2024-12-23	2024-12-23	t	26	0	2800.0200000000004	0	0	818	especie	0	f
1963	2024-12-23	2024-12-23	t	26	0	400	0	0	817	dinheiro	0	f
1964	2024-12-23	2024-12-23	t	18	0	623.77	0	0	817		0	f
1965	2024-12-23	2024-12-23	t	18	0	1782.2	0	0	817		0	f
1966	2024-12-23	2024-12-23	t	18	0	2812.3116	0	0	816		0	f
1967	2024-12-23	2024-12-23	t	26	0	1250.02	0	0	815	pix	0	f
1968	2024-12-24	2024-12-24	t	17	0	0.02	0	0	819		0	f
1969	2024-12-24	2024-12-24	t	17	0	0.05	0	0	820		0	f
1970	2024-12-26	2024-12-26	t	17	0	0.02	0	0	821		0	f
1971	2024-12-26	2024-12-26	t	\N	17	0	200	0	0	propaganda 16 pro max	1	f
1972	2024-12-26	2024-12-26	t	26	0	2850.0200000000004	0	0	824	pix	0	f
1973	2024-12-26	2024-12-26	t	26	0	2000	0	0	823	pix	0	f
1974	2024-12-26	2024-12-26	t	18	0	858.895	0	0	823		0	f
1975	2024-12-28	2024-12-28	t	18	0	8387.568	0	0	828		0	f
1976	2024-12-28	2024-12-28	t	26	0	8400	0	0	826	pix	0	f
1977	2024-12-28	2024-12-28	t	17	0	1800	0	0	825		0	f
1978	2024-12-28	2024-12-28	t	26	0	1000.0200000000004	0	0	825	pix	0	f
1979	2024-12-28	2024-12-28	t	17	0	0.01	0	0	831		0	f
1980	2024-12-28	2024-12-28	t	17	0	0.01	0	0	829		0	f
1981	2024-12-31	2024-12-31	t	26	0	38	0	0	830		0	f
1984	2024-12-31	2024-12-31	t	\N	17	0	4000	0	0	Wanderley	1	f
1985	2024-12-31	2024-12-31	t	\N	17	0	2500	0	0	Samia	1	f
1986	2024-12-31	2024-12-31	t	\N	17	0	1600	0	0	Italo	1	f
1987	2024-12-31	2024-12-31	t	\N	17	0	650	0	0	Contador	1	f
1988	2024-12-31	2024-12-31	t	\N	17	0	200	0	0	Manutencao Chase	1	f
1982	2024-12-31	2024-12-31	f	26	0	1000	0	0	832		0	f
1983	2024-12-31	2024-12-31	f	18	0	1860.6168	0	0	832		0	f
1989	2024-12-31	2024-12-31	t	26	0	1000	0	0	833		0	f
1990	2024-12-31	2024-12-31	t	18	0	1860.6168	0	0	833		0	f
1991	2024-12-01	2024-12-31	t	\N	17	0	2000	0	0	Wanderley	1	f
1992	2024-12-01	2024-12-31	t	\N	17	0	2000	0	0	Aluguel	1	f
1993	2024-12-01	2024-12-31	t	\N	17	0	800	0	0	Estagirio Italo	1	f
1994	2024-12-01	2024-12-31	t	\N	17	0	1250	0	0	Samia	1	f
1995	2024-11-01	2025-01-01	t	\N	17	0	2000	0	0	Wanderley	1	f
1996	2024-11-01	2025-01-01	t	\N	17	0	2000	0	0	Aluguel	1	f
1997	2024-11-01	2025-01-01	t	\N	17	0	800	0	0	Estagirio Italo	1	f
1998	2024-11-01	2025-01-01	t	\N	17	0	1250	0	0	Samia	1	f
1999	2024-10-01	2025-01-01	t	\N	17	0	2000	0	0	Wanderley	1	f
2000	2024-10-01	2025-01-01	t	\N	17	0	2000	0	0	Aluguel	1	f
2001	2024-10-01	2025-01-01	t	\N	17	0	800	0	0	Estagirio Italo	1	f
2002	2024-10-01	2025-01-01	t	\N	17	0	1250	0	0	Samia	1	f
2003	2024-09-01	2025-01-01	t	\N	17	0	2000	0	0	Wanderley	1	f
2004	2024-09-01	2025-01-01	t	\N	17	0	2000	0	0	Aluguel	1	f
2005	2024-09-01	2025-01-01	t	\N	17	0	800	0	0	Estagirio Italo	1	f
2006	2024-09-01	2025-01-01	t	\N	17	0	1250	0	0	Samia	1	f
2007	2025-01-01	2025-01-01	t	\N	17	0	1	0	0	teste	1	f
2008	2025-01-01	2025-01-01	t	\N	17	0	1	0	0	teste	1	f
2009	2025-01-02	2025-01-02	t	17	0	0.04	0	0	834		0	f
2010	2025-01-02	2025-01-02	t	17	0	0.02	0	0	836		0	f
2011	2025-01-02	2025-01-02	t	17	0	8400	0	0	835	pagamento boleto nubank	0	f
2012	2025-01-03	2025-01-03	t	17	0	0.01	0	0	838		0	f
2013	2025-01-03	2025-01-03	t	26	0	2850.0200000000004	0	0	839	pix	0	f
2014	2025-01-04	2025-01-04	t	26	0	140	0	0	840	pix	0	f
2015	2025-01-05	2025-01-05	t	\N	17	0	1311	84	0	[]	1	f
2016	2025-01-06	2025-01-06	t	\N	17	0	630	0	0	Contador EUA	1	f
2017	2025-01-06	2025-01-06	t	\N	-1	0	900	85	844	Recebimento de Aparelho	1	f
2018	2025-01-06	2025-01-06	t	-1	0	900	0	0	844	Recebimento de Aparelho	0	f
2019	2025-01-06	2025-01-06	t	18	0	1561.2072	0	0	844		0	f
2020	2025-01-06	2025-01-06	t	18	0	2811.751	0	0	842		0	f
2021	2025-01-06	2025-01-06	t	18	0	2818.8432	0	0	841		0	f
2022	2025-01-07	2025-01-07	t	26	0	400	0	0	844	pix	0	f
2023	2025-01-07	2025-01-07	t	26	0	1740	0	0	845	pix	0	f
2024	2025-01-07	2025-01-07	t	18	0	1112.787	0	0	845		0	f
2025	2025-01-08	2025-01-08	t	\N	17	0	100	0	0	samia supermercado	1	f
2026	2025-01-08	2025-01-08	t	17	0	0.01	0	0	846		0	f
2027	2025-01-09	2025-01-09	t	\N	-1	0	800	86	849	Recebimento de Aparelho	1	f
2028	2025-01-09	2025-01-09	t	-1	0	800	0	0	849	Recebimento de Aparelho	0	f
2029	2025-01-09	2025-01-09	t	26	0	2800.0200000000004	0	0	848	pix	0	f
2030	2025-01-09	2025-01-09	t	26	0	500	0	0	849	pix	0	f
2031	2025-01-09	2025-01-09	t	18	0	1555.0520000000001	0	0	849		0	f
2032	2025-01-09	2025-01-09	t	17	0	8400	0	0	850		0	f
2033	2025-01-09	2025-01-09	t	26	0	60	0	0	847		0	f
2034	2025-01-09	2025-01-09	t	\N	17	0	134	0	0	Capinhas e Pelculas	1	f
2035	2025-01-09	2025-01-09	t	\N	-1	0	700	87	851	Recebimento de Aparelho	1	f
2036	2025-01-09	2025-01-09	t	-1	0	700	0	0	851	Recebimento de Aparelho	0	f
2037	2025-01-09	2025-01-09	t	17	0	2800.0200000000004	0	0	854		0	f
2038	2025-01-09	2025-01-09	t	18	0	4945.5	0	0	853		0	f
2039	2025-01-09	2025-01-09	t	18	0	2176.02	0	0	853		0	f
2040	2025-01-09	2025-01-09	t	17	0	1200	0	0	853		0	f
2041	2025-01-09	2025-01-09	t	26	0	350	0	0	852	dinheiro	0	f
2042	2025-01-09	2025-01-09	t	18	0	2513.398	0	0	852		0	f
2043	2025-01-09	2025-01-09	t	26	0	500	0	0	851	pix	0	f
2044	2025-01-09	2025-01-09	t	18	0	1609.298	0	0	851		0	f
2045	2025-01-09	2025-01-09	t	\N	17	0	2400	88	0	[]	1	f
2046	2025-01-09	2025-01-09	t	17	0	0.01	0	0	855		0	f
2047	2025-01-10	2025-01-10	t	17	0	0.01	0	0	857		0	f
2048	2025-01-10	2025-01-10	t	17	0	0.01	0	0	858		0	f
2049	2025-01-10	2025-01-10	t	17	0	32	0	0	734		0	f
2050	2025-01-10	2025-01-10	t	26	0	1300.02	0	0	859	pix	0	f
2051	2025-01-14	2025-01-14	t	26	0	1300.02	0	0	862	pix	0	f
2052	2025-01-14	2025-01-14	t	17	0	0.01	0	0	860		0	f
2053	2025-01-14	2025-01-14	t	18	0	1945.6145999999999	0	0	864		0	f
2054	2025-01-14	2025-01-14	t	26	0	464	0	0	864		0	f
2055	2025-01-14	2025-01-14	t	26	0	50	0	0	863	pix	0	f
2056	2025-01-15	2025-01-15	t	26	0	60	0	0	865		0	f
2057	2025-01-15	2025-01-15	t	26	0	2400	0	0	861	pix	0	f
2058	2025-01-15	2025-01-15	t	26	0	150	0	0	866	pix	0	f
2059	2025-01-15	2025-01-15	t	26	0	100	0	0	866	diheiro	0	f
2060	2025-01-15	2025-01-15	t	18	0	1304.238	0	0	866		0	f
2061	2025-01-17	2025-01-17	t	26	0	2500.0200000000004	0	0	867	PIX	0	f
2062	2025-01-17	2025-01-17	t	26	0	5000	0	0	868	pix	0	f
2063	2025-01-17	2025-01-17	t	26	0	3300	0	0	868	dinheiro	0	f
2064	2025-01-17	2025-01-17	t	18	0	1764.378	0	0	870		0	f
2067	2025-01-18	2025-01-18	t	\N	17	0	100	0	0	Samia Supermercado	1	f
2068	2025-01-18	2025-01-18	t	\N	17	0	10	0	0	Pilhas	1	f
2069	2025-01-18	2025-01-18	t	\N	17	0	40	0	0	Capinhas e Pelculas	1	f
2065	2025-01-17	2025-01-17	f	26	0	2000	0	0	869	pix	0	f
2066	2025-01-17	2025-01-17	f	18	0	804.649	0	0	869		0	f
2070	2025-01-20	2025-01-20	t	17	0	0.03	0	0	871		0	f
2071	2025-01-20	2025-01-20	t	17	0	0.01	0	0	814		0	f
2072	2025-01-20	2025-01-20	t	17	0	25	0	0	822		0	f
2073	2025-01-20	2025-01-20	t	17	0	32	0	0	837		0	f
2074	2025-01-20	2025-01-20	t	17	0	256	0	0	856		0	f
2075	2025-01-20	2025-01-20	t	17	0	1020	0	0	338	perdas	0	f
2076	2025-01-20	2025-01-20	t	17	0	32	0	0	872		0	f
2077	2025-01-20	2025-01-20	t	26	0	2200	0	0	874	pix	0	f
2078	2025-01-20	2025-01-20	t	26	0	650.0200000000004	0	0	874	dinheiro	0	f
2079	2025-01-20	2025-01-20	t	26	0	5900	0	0	861	acertado com o Wanderley	0	f
2080	2025-01-20	2025-01-20	t	18	0	2812.3116	0	0	873		0	f
2081	2025-01-20	2025-01-20	t	\N	17	0	100	0	0	Samia Supermercado	1	f
2082	2025-01-21	2025-01-21	t	17	0	0.01	0	0	876		0	f
2083	2025-01-21	2025-01-21	t	\N	17	0	70	89	0	[]	1	f
2084	2025-01-22	2025-01-22	t	26	0	8200	0	0	875	pix	0	f
2085	2025-01-25	2025-01-25	t	26	0	2850.0200000000004	0	0	880	dinheiro	0	f
2086	2025-01-25	2025-01-25	t	26	0	1500	0	0	879	dinheiro	0	f
2087	2025-01-25	2025-01-25	t	18	0	1358.0364	0	0	879		0	f
2088	2025-01-25	2025-01-25	t	17	0	0.02	0	0	877		0	f
2089	2025-01-27	2025-01-27	t	26	0	7900	0	0	881		0	f
2090	2025-01-27	2025-01-27	t	\N	17	0	100	0	0	Mercantil Nara	1	f
2091	2025-01-28	2025-01-28	t	17	0	0.07	0	0	883		0	f
2092	2025-01-28	2025-01-28	t	17	0	0.01	0	0	884		0	f
2093	2025-01-29	2025-01-29	t	\N	17	0	3450	90	0	[]	1	f
2094	2025-01-29	2025-01-29	t	18	0	2855.112	0	0	885		0	f
2095	2025-01-29	2025-01-29	t	17	0	0.01	0	0	886		0	f
2096	2025-01-31	2025-01-31	t	18	0	553.479	0	0	888		0	f
2097	2025-01-31	2025-01-31	t	18	0	2305.455	0	0	888		0	f
2098	2025-01-31	2025-01-31	t	26	0	5000	0	0	887	dinheiro	0	f
2099	2025-01-31	2025-01-31	t	26	0	3200	0	0	887	pix	0	f
2100	2025-02-01	2025-02-01	t	18	0	553.479	0	0	889		0	f
2101	2025-02-01	2025-02-01	t	18	0	2305.455	0	0	889		0	f
2102	2025-01-15	2025-02-01	t	\N	17	0	11000	0	0	Retirar	1	f
2103	2025-01-01	2025-02-01	t	\N	17	0	11000	0	0	Retirar	1	f
2104	2025-02-01	2025-02-01	t	26	0	240	0	0	891		0	f
2105	2025-02-01	2025-02-01	t	26	0	3160	0	0	890		0	f
2106	2025-01-01	2025-02-01	t	\N	17	0	1250	0	0	Samia	1	f
2107	2025-01-01	2025-02-01	t	\N	17	0	800	0	0	Estagirio Italo	1	f
2108	2025-01-01	2025-02-01	t	\N	17	0	2000	0	0	Aluguel	1	f
2109	2025-01-01	2025-02-01	t	\N	17	0	2000	0	0	Wanderley	1	f
2110	2025-02-03	2025-02-03	t	\N	17	0	315	0	0	propaganda 16 pro max	1	f
2111	2025-02-05	2025-02-05	t	\N	-1	0	1250	91	892	Recebimento de Aparelho	1	f
2112	2025-02-05	2025-02-05	t	-1	0	1250	0	0	892	Recebimento de Aparelho	0	f
2113	2025-02-05	2025-02-05	t	26	0	1450	0	0	892	PIX	0	f
2114	2025-02-05	2025-02-05	t	17	0	0.02	0	0	893		0	f
2115	2025-02-05	2025-02-05	t	23	0	10800	0	0	894		0	f
2116	2025-02-05	2025-02-05	t	18	0	806.7660000000001	0	0	894		0	f
2117	2025-02-05	2025-02-05	t	17	0	0.01	0	0	895		0	f
2118	2025-02-05	2025-02-05	t	26	0	800	0	0	894	pix	0	f
2119	2025-02-05	2025-02-05	t	17	0	0.01	0	0	896		0	f
2120	2025-02-06	2025-02-06	t	26	0	2700	0	0	898	pix	0	f
2121	2025-02-06	2025-02-06	t	18	0	151.38240000000002	0	0	898		0	f
2122	2025-02-07	2025-02-07	t	23	0	3200	0	0	894		0	f
2123	2025-02-07	2025-02-07	t	26	0	1750.02	0	0	900	pix	0	f
2124	2025-02-07	2025-02-07	t	26	0	2850.0200000000004	0	0	901	pix	0	f
2125	2025-02-07	2025-02-07	t	17	0	0.01	0	0	897		0	f
2126	2025-02-07	2025-02-07	t	17	0	0.01	0	0	899		0	f
2127	2025-02-07	2025-02-07	t	26	0	7700	0	0	903		0	f
2128	2025-02-08	2025-02-08	t	17	0	0.01	0	0	902		0	f
2129	2025-02-08	2025-02-08	t	26	0	7700	0	0	904		0	f
2130	2025-02-11	2025-02-11	t	26	0	1900	0	0	905	pix	0	f
2131	2025-02-11	2025-02-11	t	26	0	950.0200000000004	0	0	905	dinheiro	0	f
2132	2025-02-11	2025-02-11	t	\N	17	0	90	0	0	Samia Supermercado	1	f
2133	2025-02-11	2025-02-11	t	17	0	0.01	0	0	907		0	f
2134	2025-02-13	2025-02-13	t	\N	17	0	82202	92	0	[]	1	f
2135	2025-02-14	2025-02-14	t	\N	17	0	375	0	0	15 CABOS USB-C	1	f
2136	2025-02-14	2025-02-14	t	\N	17	0	210	0	0	Capinhas e Pelculas	1	f
2137	2025-02-14	2025-02-14	t	\N	-1	0	2400	93	910	Recebimento de Aparelho	1	f
2138	2025-02-14	2025-02-14	t	-1	0	2400	0	0	910	Recebimento de Aparelho	0	f
2139	2025-02-14	2025-02-14	t	26	0	4250	0	0	910	pix	0	f
2140	2025-02-14	2025-02-14	t	18	0	2513.5656	0	0	910		0	f
2141	2025-02-14	2025-02-14	t	26	0	700	0	0	909	pix	0	f
2142	2025-02-14	2025-02-14	t	18	0	2165.046	0	0	909		0	f
2143	2025-02-15	2025-02-15	t	17	0	0.02	0	0	911		0	f
2144	2025-02-15	2025-02-15	t	17	0	0.01	0	0	908		0	f
2145	2025-02-15	2025-02-15	t	17	0	0.01	0	0	906		0	f
2146	2025-02-15	2025-02-15	t	\N	-1	0	800	94	912	Recebimento de Aparelho	1	f
2147	2025-02-15	2025-02-15	t	-1	0	800	0	0	912	Recebimento de Aparelho	0	f
2148	2025-02-15	2025-02-15	t	26	0	2659	0	0	912		0	f
2149	2025-02-15	2025-02-15	t	18	0	792.792	0	0	912		0	f
2150	2025-02-17	2025-02-17	t	17	0	0.01	0	0	914		0	f
2151	2025-02-18	2025-02-18	t	\N	17	0	0.01	92	0	Frete	1	f
2152	2025-02-19	2025-02-19	t	\N	17	0	3000	95	0	[]	1	f
2153	2025-02-19	2025-02-19	t	\N	17	0	70	95	0	Frete	1	f
2154	2025-02-19	2025-02-19	t	\N	17	0	1000	95	0	Frete	1	f
2155	2025-02-19	2025-02-19	t	26	0	2000	0	0	917	pix	0	f
2156	2025-02-19	2025-02-19	t	18	0	2257.3624	0	0	917		0	f
2157	2025-02-19	2025-02-19	t	18	0	42628.884999999995	0	0	916		0	f
2159	2025-02-19	2025-02-19	t	17	0	0.02	0	0	915		0	f
2161	2025-02-19	2025-02-19	t	\N	17	0	100	0	0	Mercantil Nara	1	f
2162	2025-02-21	2025-02-21	t	18	0	2856.7092000000002	0	0	919		0	f
2163	2025-02-21	2025-02-21	t	17	0	90	0	0	913		0	f
2164	2025-02-21	2025-02-21	t	17	0	32	0	0	878		0	f
2165	2025-02-22	2025-02-22	t	\N	-1	0	3100	97	920	Recebimento de Aparelho	1	f
2166	2025-02-22	2025-02-22	t	-1	0	3100	0	0	920	Recebimento de Aparelho	0	f
2167	2025-02-22	2025-02-22	t	18	0	1161.129	0	0	920		0	f
2168	2025-02-22	2025-02-22	t	17	0	0.01	0	0	921		0	f
2169	2025-02-25	2025-02-25	t	26	0	5000	0	0	923	pix	0	f
2171	2025-02-25	2025-02-25	t	26	0	4150	0	0	924		0	f
2172	2025-02-25	2025-02-25	t	17	0	0.02	0	0	922		0	f
2173	2025-02-25	2025-02-25	t	26	0	1000	0	0	925	dinheiro	0	f
2174	2025-02-25	2025-02-25	t	26	0	300	0	0	925	pix	0	f
2175	2025-02-26	2025-02-26	t	\N	17	0	301	0	0	Propaganda iphone 13	1	f
2176	2025-02-26	2025-02-26	t	26	0	2750.02	0	0	926	PIX	0	f
2177	2025-02-26	2025-02-26	t	\N	17	0	108780	98	0	[]	1	f
2179	2025-02-26	2025-02-26	t	\N	17	0	1274	98	0	Frete	1	f
2180	2025-02-26	2025-02-26	t	\N	17	0	11007.5	98	0	Frete	1	f
2181	2025-02-26	2025-02-26	t	\N	17	0	5725.95	98	0	Frete	1	f
2182	2025-02-26	2025-02-26	t	\N	17	0	1350	98	0	Frete	1	f
2183	2025-02-26	2025-02-26	t	26	0	13250	0	0	928	5 aparelhos	0	f
2184	2025-02-26	2025-02-26	t	\N	-1	0	2250	99	929	Recebimento de Aparelho	1	f
2185	2025-02-26	2025-02-26	t	-1	0	2250	0	0	929	Recebimento de Aparelho	0	f
2186	2025-02-26	2025-02-26	t	26	0	6588	0	0	931	aparelhos e fonte	0	f
2187	2025-02-26	2025-02-26	t	26	0	2300	0	0	930	dinheiro	0	f
2188	2025-02-26	2025-02-26	t	26	0	500.02000000000044	0	0	930	pix	0	f
2189	2025-02-26	2025-02-26	t	26	0	400	0	0	929	PIX	0	f
2190	2025-02-26	2025-02-26	t	18	0	759.2427	0	0	929		0	f
2191	2025-02-27	2025-02-27	t	17	0	0.1	0	0	933		0	f
2192	2025-02-27	2025-02-27	t	26	0	4050	0	0	934		0	f
2193	2025-02-28	2025-02-28	t	26	0	3800	0	0	935	vindo do Raphael Sales	0	f
2194	2025-02-28	2025-02-28	t	26	0	1500	0	0	935	Dinheiro Raphael Sales	0	f
2195	2025-02-28	2025-02-28	t	17	0	2700	0	0	936	Devolucao iphone 13	0	f
2196	2025-02-28	2025-02-28	t	26	0	3950	0	0	936	pix do Raphael Sales	0	f
2198	2025-02-28	2025-02-28	t	23	0	2100	0	0	935	Pix 2650	0	f
2199	2025-02-28	2025-02-28	t	23	0	750	0	0	936	Pix 2650 pix 200	0	f
2200	2025-02-01	2025-03-01	t	\N	17	0	1250	0	0	Samia	1	f
2201	2025-02-01	2025-03-01	t	\N	17	0	800	0	0	Estagirio Italo	1	f
2202	2025-02-01	2025-03-01	t	\N	17	0	2000	0	0	Aluguel	1	f
2203	2025-02-01	2025-03-01	t	\N	17	0	2000	0	0	Wanderley	1	f
2204	2025-03-01	2025-03-01	t	\N	17	0	2700	100	0	[]	1	f
2205	2025-03-01	2025-03-01	t	\N	-1	0	1400	101	938	Recebimento de Aparelho	1	f
2206	2025-03-01	2025-03-01	t	-1	0	1400	0	0	938	Recebimento de Aparelho	0	f
2207	2025-03-01	2025-03-01	t	17	0	800	0	0	937	Salrio Italo	0	f
2208	2025-03-01	2025-03-01	t	26	0	1950.0200000000004	0	0	937	pix	0	f
2209	2025-03-01	2025-03-01	t	17	0	1250	0	0	932	Salario Samia	0	f
2210	2025-03-01	2025-03-01	t	26	0	300	0	0	932	pix	0	f
2211	2025-03-01	2025-03-01	t	26	0	1500	0	0	938	pix	0	f
2212	2025-03-01	2025-03-01	t	18	0	1401.4912	0	0	938		0	f
2213	2025-03-01	2025-03-01	t	18	0	2764.632	0	0	939		0	f
2214	2025-03-01	2025-03-01	t	26	0	1000	0	0	941	pix	0	f
2215	2025-03-01	2025-03-01	t	18	0	2105.3736	0	0	941		0	f
2216	2025-03-01	2025-03-01	t	26	0	3100.0200000000004	0	0	940	pix	0	f
2217	2025-03-01	2025-03-01	t	26	0	2538	0	0	942	aparelho	0	f
2218	2025-03-05	2025-03-05	t	\N	17	0	436	0	0	Panos de troca de vidro	1	f
2219	2025-03-05	2025-03-05	t	17	0	0.01	0	0	944		0	f
2220	2025-03-05	2025-03-05	t	26	0	300	0	0	947	pix	0	f
2221	2025-03-05	2025-03-05	t	18	0	2505.4323	0	0	947		0	f
2223	2025-03-05	2025-03-05	t	\N	-1	0	1000	102	951	Recebimento de Aparelho	1	f
2224	2025-03-05	2025-03-05	t	-1	0	1000	0	0	951	Recebimento de Aparelho	0	f
2225	2025-03-05	2025-03-05	t	26	0	1200	0	0	951	pix	0	f
2226	2025-03-05	2025-03-05	t	18	0	909.101	0	0	951		0	f
2227	2025-03-05	2025-03-05	t	26	0	2000	0	0	949	pix	0	f
2228	2025-03-05	2025-03-05	t	18	0	802.5597	0	0	949		0	f
2720	2025-06-08	2025-06-08	t	26	0	1000	0	0	1221	pix	0	f
2721	2025-06-08	2025-06-08	t	18	0	2615.7672	0	0	1221		0	f
2722	2025-06-08	2025-06-08	t	18	0	2457.273	0	0	1219		0	f
2229	2025-03-05	2025-03-05	t	18	0	3103.2225	0	0	950		0	f
2230	2025-03-05	2025-03-05	t	17	0	0.07	0	0	945		0	f
2231	2025-03-06	2025-03-06	t	17	0	0.02	0	0	954		0	f
2232	2025-03-06	2025-03-06	t	17	0	0.11	0	0	952		0	f
2233	2025-03-06	2025-03-06	t	\N	17	0	1600	103	0	[]	1	f
2234	2025-02-01	2025-03-06	t	\N	22	0	105	0	0	Contador EUA	5.530696314445562	t
2235	2025-03-08	2025-03-08	t	18	0	1402.6292	0	0	956		0	f
2236	2025-03-08	2025-03-08	t	26	0	800	0	0	956	pix	0	f
2237	2025-03-08	2025-03-08	t	26	0	600	0	0	956	dinheiro	0	f
2238	2025-03-08	2025-03-08	t	18	0	1329.15	0	0	957		0	f
2239	2025-03-08	2025-03-08	t	18	0	1435.482	0	0	957		0	f
2240	2025-03-08	2025-03-08	t	18	0	2807.1648	0	0	958		0	f
2241	2025-03-08	2025-03-08	t	26	0	700	0	0	959	dinheiro	0	f
2242	2025-03-08	2025-03-08	t	26	0	700	0	0	959	dinheiro	0	f
2243	2025-03-08	2025-03-08	t	18	0	1572.6105	0	0	959		0	f
2244	2025-03-08	2025-03-08	t	17	0	2500.01	0	0	923		0	f
2245	2025-03-08	2025-03-08	t	26	0	2800.02	0	0	960	pix	0	f
2246	2025-03-08	2025-03-08	t	26	0	1500	0	0	962	pix	0	f
2247	2025-03-08	2025-03-08	t	23	0	2500	0	0	963		0	f
2248	2025-03-08	2025-03-08	t	26	0	1800	0	0	964	dinheiro	0	f
2249	2025-03-08	2025-03-08	t	26	0	1052	0	0	964		0	f
2250	2025-03-08	2025-03-08	t	26	0	1000	0	0	965	PIX	0	f
2251	2025-03-08	2025-03-08	t	26	0	1800.02	0	0	965	dinheiro	0	f
2252	2025-03-08	2025-03-08	t	17	0	0.09	0	0	955		0	f
2253	2025-03-08	2025-03-08	t	26	0	300.02000000000044	0	0	963	especie	0	f
2254	2025-03-08	2025-03-08	t	26	0	5000	0	0	966	venda de aparelhos	0	f
2255	2025-03-08	2025-03-08	t	26	0	120	0	0	969	pix	0	f
2256	2025-03-07	2025-03-08	t	\N	17	0	136	0	0	Capinhas e Pelculas	1	f
2257	2025-03-08	2025-03-08	t	23	0	2800.02	0	0	961		0	f
2258	2025-03-10	2025-03-10	t	18	0	2764.632	0	0	962		0	f
2259	2025-03-10	2025-03-10	t	17	0	0.03	0	0	970		0	f
2260	2025-03-10	2025-03-10	t	\N	17	0	301	0	0	Propaganda iphone 13	1	f
2261	2025-03-10	2025-03-10	t	17	0	0.01	0	0	971		0	f
2262	2025-03-10	2025-03-10	t	26	0	2800.02	0	0	974	dinheiro	0	f
2263	2025-03-10	2025-03-10	t	26	0	2800.0200000000004	0	0	973	pix	0	f
2264	2025-03-11	2025-03-11	t	\N	17	0	101310	104	0	[]	1	f
2265	2025-03-11	2025-03-11	t	\N	17	0	530	104	0	Frete	1	f
2266	2025-03-11	2025-03-11	t	\N	17	0	6382.5	104	0	Frete	1	f
2267	2025-03-11	2025-03-11	t	\N	17	0	50	104	0	Frete	1	f
2268	2025-03-11	2025-03-11	t	26	0	2750.0200000000004	0	0	975	pix	0	f
2269	2025-03-11	2025-03-11	t	26	0	10300.04	0	0	976	pix	0	f
2270	2025-03-12	2025-03-12	t	26	0	7700	0	0	977		0	f
2271	2025-03-12	2025-03-12	t	26	0	2800	0	0	978	pix	0	f
2272	2025-03-12	2025-03-12	t	18	0	2007.223	0	0	978		0	f
2273	2025-03-12	2025-03-12	t	18	0	2805.0432	0	0	979		0	f
2274	2025-03-13	2025-03-13	t	17	0	0.03	0	0	980		0	f
2275	2025-03-13	2025-03-13	t	\N	17	0	280	0	0	Bateria iPhone 11 pro e iPhone 12	1	f
2276	2025-03-13	2025-03-13	t	18	0	2071.926	0	0	981		0	f
2277	2025-03-13	2025-03-13	t	26	0	750	0	0	981		0	f
2278	2025-03-14	2025-03-14	t	\N	-1	0	3500	105	982	Recebimento de Aparelho	1	f
2279	2025-03-14	2025-03-14	t	-1	0	3500	0	0	982	Recebimento de Aparelho	0	f
2280	2025-03-14	2025-03-14	t	18	0	2862.318	0	0	984		0	f
2281	2025-03-14	2025-03-14	t	18	0	2250.25	0	0	984		0	f
2282	2025-03-14	2025-03-14	t	26	0	1600	0	0	982	PIX	0	f
2283	2025-03-14	2025-03-14	t	26	0	2750.0200000000004	0	0	983	pix	0	f
2284	2025-03-15	2025-03-15	t	\N	-1	0	2200	106	985	Recebimento de Aparelho	1	f
2285	2025-03-15	2025-03-15	t	-1	0	2200	0	0	985	Recebimento de Aparelho	0	f
2286	2025-03-15	2025-03-15	t	26	0	400	0	0	985	pix	0	f
2287	2025-03-15	2025-03-15	t	26	0	300	0	0	985	dinheiro	0	f
2288	2025-03-15	2025-03-15	t	18	0	1005.9618	0	0	985		0	f
2289	2025-03-15	2025-03-15	t	26	0	1100	0	0	986	especie	0	f
2290	2025-03-15	2025-03-15	t	18	0	1755.195	0	0	986		0	f
2291	2025-03-15	2025-03-15	t	18	0	1656.184	0	0	987		0	f
2292	2025-03-15	2025-03-15	t	26	0	1093.8360000000005	0	0	987	especie	0	f
2293	2025-03-15	2025-03-15	t	26	0	43	0	0	988		0	f
2294	2025-03-17	2025-03-17	t	\N	-1	0	2800	107	991	Recebimento de Aparelho	1	f
2295	2025-03-17	2025-03-17	t	-1	0	2800	0	0	991	Recebimento de Aparelho	0	f
2296	2025-03-17	2025-03-17	t	26	0	300	0	0	991	Pix	0	f
2297	2025-03-17	2025-03-17	t	17	0	0.03	0	0	990		0	f
2298	2025-03-17	2025-03-17	t	18	0	50.9383	0	0	989		0	f
2299	2025-03-18	2025-03-18	t	18	0	2030.9412	0	0	994		0	f
2300	2025-03-18	2025-03-18	t	18	0	2030.9412	0	0	994		0	f
2301	2025-03-18	2025-03-18	t	18	0	2710.0808	0	0	993		0	f
2302	2025-03-18	2025-03-18	t	26	0	4050.0200000000004	0	0	992	pix	0	f
2303	2025-03-19	2025-03-19	t	\N	-1	0	1500	108	995	Recebimento de Aparelho	1	f
2304	2025-03-19	2025-03-19	t	-1	0	1500	0	0	995	Recebimento de Aparelho	0	f
2305	2025-03-19	2025-03-19	t	26	0	1250	0	0	995	PIX	0	f
2306	2025-03-20	2025-03-20	t	26	0	6550	0	0	996	aparelhos	0	f
2307	2025-03-20	2025-03-20	t	18	0	2009.6748	0	0	997		0	f
2308	2025-03-20	2025-03-20	t	26	0	1000	0	0	998	dinheiro	0	f
2309	2025-03-20	2025-03-20	t	18	0	1306.083	0	0	998		0	f
2310	2025-03-20	2025-03-20	f	18	0	4710.4695	0	0	999		0	f
2311	2025-03-21	2025-03-21	t	18	0	4710.4695	0	0	1000		0	f
2312	2025-03-21	2025-03-21	t	\N	17	0	170	0	0	Parafusos da carcaa 1200	1	f
2313	2025-03-21	2025-03-21	t	26	0	2500	0	0	1001		0	f
2314	2025-03-21	2025-03-21	t	17	0	0.01	0	0	1003		0	f
2315	2025-03-22	2025-03-22	t	18	0	2764.632	0	0	1004		0	f
2316	2025-03-22	2025-03-22	t	26	0	3950	0	0	1005		0	f
2317	2025-03-23	2025-03-23	t	18	0	3913.0176	0	0	1006		0	f
2318	2025-03-24	2025-03-24	t	26	0	3950	0	0	1007		0	f
2319	2025-03-24	2025-03-24	t	26	0	1720	0	0	1008	recebimento de aparelho	0	f
2320	2025-03-24	2025-03-24	t	18	0	990.11	0	0	1008		0	f
2321	2025-03-24	2025-03-24	t	\N	17	0	4486	109	0	[]	1	f
2322	2025-03-24	2025-03-24	t	\N	17	0	2688	110	0	[]	1	f
2323	2025-03-26	2025-03-26	t	26	0	2350	0	0	1009	Especie	0	f
2325	2025-03-26	2025-03-26	t	26	0	43	0	0	1013	Cliente do americo que comprou aparelho nosso.	0	f
2326	2025-03-26	2025-03-26	t	26	0	350.02	0	0	1009	pix	0	f
2327	2025-03-26	2025-03-26	t	26	0	1500	0	0	1010	pix	0	f
2328	2025-03-26	2025-03-26	t	18	0	1260.14	0	0	1010		0	f
2329	2025-03-26	2025-03-26	t	26	0	500	0	0	1011	pix	0	f
2330	2025-03-26	2025-03-26	t	18	0	2205.245	0	0	1011		0	f
2331	2025-03-26	2025-03-26	t	17	0	44.775000000000546	0	0	1011		0	f
2332	2025-03-26	2025-03-26	t	26	0	400	0	0	1012		0	f
2333	2025-03-26	2025-03-26	t	18	0	1706.2446	0	0	1012		0	f
2334	2025-03-26	2025-03-26	t	17	0	2750	0	0	927		0	f
2335	2025-03-26	2025-03-26	t	17	0	30	0	0	946		0	f
2336	2025-03-26	2025-03-26	t	17	0	120	0	0	953		0	f
2337	2025-03-26	2025-03-26	t	17	0	32	0	0	1002		0	f
2338	2025-03-26	2025-03-26	t	17	0	12	0	0	972		0	f
2339	2025-03-27	2025-03-27	t	17	0	0.15	0	0	1014		0	f
2340	2025-03-27	2025-03-27	t	26	0	7900	0	0	1016		0	f
2341	2025-03-27	2025-03-27	t	26	0	3850	0	0	1017	pix	0	f
2342	2025-03-27	2025-03-27	t	17	0	0.01	0	0	1015		0	f
2343	2025-03-28	2025-03-28	t	\N	17	0	119925	111	0	[]	1	f
2344	2025-03-28	2025-03-28	t	\N	17	0	1541	111	0	Frete	1	f
2345	2025-03-28	2025-03-28	t	\N	17	0	10000	111	0	Frete	1	f
2346	2025-03-28	2025-03-28	t	\N	17	0	6858	111	0	Frete	1	f
2347	2025-03-28	2025-03-28	t	\N	17	0	530	111	0	Frete	1	f
2348	2025-03-28	2025-03-28	t	\N	17	0	60	111	0	Frete	1	f
2349	2025-03-28	2025-03-28	t	26	0	8950	0	0	1018		0	f
2350	2025-03-28	2025-03-28	t	17	0	0.02	0	0	1019		0	f
2351	2025-03-28	2025-03-28	t	17	0	0.01	0	0	1020		0	f
2352	2025-03-28	2025-03-28	t	\N	17	0	480	0	0	Capinhas e Pelculas	1	f
2353	2025-02-01	2025-03-29	t	\N	17	0	1000	0	0	Estagirio Italo	1	f
2354	2025-03-31	2025-03-31	t	\N	-1	0	800	112	1023	Recebimento de Aparelho	1	f
2355	2025-03-31	2025-03-31	t	-1	0	800	0	0	1023	Recebimento de Aparelho	0	f
2356	2025-03-31	2025-03-31	t	26	0	1600	0	0	1023	pix	0	f
2357	2025-03-31	2025-03-31	t	18	0	351.65160000000003	0	0	1023		0	f
2358	2025-03-31	2025-03-31	t	18	0	2637.0328	0	0	1022		0	f
2359	2025-03-31	2025-03-31	t	18	0	71.1214	0	0	1022		0	f
2360	2025-03-31	2025-03-31	t	26	0	43	0	0	1021		0	f
2361	2025-03-01	2025-03-31	t	\N	22	0	105	0	0	Contador EUA	5.530772578733451	t
2362	2025-03-01	2025-03-31	t	\N	17	0	1250	0	0	Samia	1	f
2363	2025-03-01	2025-03-31	t	\N	17	0	2000	0	0	Aluguel	1	f
2364	2025-03-01	2025-03-31	t	\N	17	0	2000	0	0	Wanderley	1	f
2365	2025-03-01	2025-03-31	t	\N	17	0	1000	0	0	Estagirio Italo	1	f
2366	2025-03-01	2025-04-01	t	\N	17	0	1	0	0	teste	1	f
2367	2025-03-01	2025-04-01	t	\N	17	0	1	0	0	teste2	1	f
2368	2025-04-01	2025-04-01	t	26	0	2500	0	0	1024		0	f
2369	2025-03-01	2025-04-01	t	\N	17	0	1	0	0	teste2	1	f
2370	2025-03-01	2025-04-01	t	\N	17	0	1	0	0	teste2	1	f
2371	2025-03-01	2025-04-01	t	\N	17	0	1	0	0	teste1	1	f
2372	2025-03-01	2025-04-01	t	\N	17	0	1405	0	0	Samia 	1	f
2373	2025-03-01	2025-04-01	t	\N	17	0	1000	0	0	Estagirio Italo	1	f
2374	2025-03-01	2025-04-01	t	\N	22	0	103	0	0	Contador EUA	5.530849222918929	t
2375	2025-03-01	2025-04-01	t	\N	22	0	33	0	0	Mensalidade Chase	5.530924779074654	t
2376	2025-03-01	2025-04-01	t	\N	17	0	2000	0	0	Aluguel	1	f
2377	2025-03-01	2025-04-01	t	\N	17	0	2000	0	0	Wanderley	1	f
2378	2025-04-01	2025-04-01	t	\N	17	0	1200	0	0	Propaganda iphone 13	1	f
2379	2025-04-01	2025-04-01	t	\N	17	0	1000	0	0	Propaganda iphone 13	1	f
2380	2025-04-01	2025-04-01	t	26	0	7410	0	0	1025		0	f
2381	2025-04-01	2025-04-01	t	26	0	48	0	0	1030		0	f
2382	2025-04-01	2025-04-01	t	26	0	800	0	0	1026		0	f
2383	2025-04-01	2025-04-01	t	18	0	1908.212	0	0	1026		0	f
2384	2025-04-01	2025-04-01	t	26	0	700	0	0	1027	pix	0	f
2385	2025-04-01	2025-04-01	t	18	0	2013.9405	0	0	1027		0	f
2386	2025-04-01	2025-04-01	t	17	0	0.02	0	0	1029		0	f
2387	2025-04-01	2025-04-01	t	17	0	0.01	0	0	1031		0	f
2388	2025-04-01	2025-04-01	t	17	0	0.01	0	0	1032		0	f
2389	2025-04-01	2025-04-01	t	17	0	0.01	0	0	1033		0	f
2390	2025-04-01	2025-04-01	t	26	0	2700.0200000000004	0	0	1034	pix	0	f
2391	2025-04-02	2025-04-02	t	\N	17	0	100	0	0	Mercantil Nara	1	f
2392	2025-04-02	2025-04-02	t	26	0	4950	0	0	1028	via cartao passado por TH	0	f
2393	2025-04-02	2025-04-02	t	26	0	3750	0	0	1036		0	f
2394	2025-04-02	2025-04-02	t	26	0	2600	0	0	1035	pix	0	f
2395	2025-04-02	2025-04-02	t	26	0	1900	0	0	1035	dinheiro	0	f
2396	2025-04-02	2025-04-02	t	18	0	102.82679999999999	0	0	1035		0	f
2397	2025-04-03	2025-04-03	t	\N	17	0	138850	113	0	[]	1	f
2399	2025-04-03	2025-04-03	t	\N	17	0	50	113	0	Frete	1	f
2400	2025-04-03	2025-04-03	t	26	0	5500	0	0	1038		0	f
2401	2025-04-03	2025-04-03	t	\N	17	0	160	0	0	Tela iphone 11 pro	1	f
2402	2025-04-03	2025-04-03	t	\N	-1	0	3800	114	1041	Recebimento de Aparelho	1	f
2403	2025-04-03	2025-04-03	t	-1	0	3800	0	0	1041	Recebimento de Aparelho	0	f
2404	2025-04-03	2025-04-03	t	18	0	102.82679999999999	0	0	1041		0	f
2405	2025-04-03	2025-04-03	t	26	0	2470	0	0	1039		0	f
2406	2025-04-03	2025-04-03	t	18	0	2711.466	0	0	1040		0	f
2407	2025-04-04	2025-04-04	t	23	0	43	0	0	1042		0	f
2408	2025-04-04	2025-04-04	t	26	0	2150	0	0	1046	iphone 13	0	f
2409	2025-04-04	2025-04-04	t	18	0	1705.6895	0	0	1046		0	f
2410	2025-04-04	2025-04-04	t	18	0	3001.8335	0	0	1046		0	f
2411	2025-04-04	2025-04-04	t	\N	-1	0	1350	115	1047	Recebimento de Aparelho	1	f
2412	2025-04-04	2025-04-04	t	-1	0	1350	0	0	1047	Recebimento de Aparelho	0	f
2413	2025-04-04	2025-04-04	t	26	0	450	0	0	1047		0	f
2414	2025-04-04	2025-04-04	t	18	0	909.101	0	0	1047		0	f
2415	2025-04-04	2025-04-04	t	17	0	0.01	0	0	1043		0	f
2416	2025-04-04	2025-04-04	t	17	0	0.01	0	0	1044		0	f
2417	2025-04-05	2025-04-05	t	26	0	1000	0	0	1048	dinheiro	0	f
2418	2025-04-05	2025-04-05	t	18	0	1703.2725	0	0	1048		0	f
2420	2025-04-07	2025-04-07	t	26	0	2470	0	0	1049		0	f
2421	2025-04-07	2025-04-07	t	23	0	5000	0	0	1053		0	f
2422	2025-04-07	2025-04-07	t	18	0	2711.466	0	0	1052		0	f
2423	2025-04-07	2025-04-07	t	18	0	2709.301	0	0	1051		0	f
2424	2025-04-07	2025-04-07	t	\N	17	0	130	0	0	Bateria Xr	1	f
2425	2025-04-07	2025-04-07	t	\N	17	0	100	0	0	Mercantil Nara	1	f
2426	2025-04-08	2025-04-08	t	\N	-1	0	2700	116	1058	Recebimento de Aparelho	1	f
2427	2025-04-08	2025-04-08	t	-1	0	2700	0	0	1058	Recebimento de Aparelho	0	f
2428	2025-04-08	2025-04-08	t	\N	-1	0	1950	117	1060	Recebimento de Aparelho	1	f
2429	2025-04-08	2025-04-08	t	-1	0	1950	0	0	1060	Recebimento de Aparelho	0	f
2430	2025-04-08	2025-04-08	t	26	0	2800	0	0	1059	pix	0	f
2431	2025-04-08	2025-04-08	t	26	0	300.02000000000044	0	0	1059	dinheiro	0	f
2432	2025-04-08	2025-04-08	t	26	0	400	0	0	1058	pix	0	f
2433	2025-04-08	2025-04-08	t	26	0	1200	0	0	1057	pix	0	f
2434	2025-04-08	2025-04-08	t	18	0	1502.613	0	0	1057		0	f
2435	2025-04-08	2025-04-08	t	26	0	5220	0	0	1061		0	f
2436	2025-04-08	2025-04-08	t	18	0	1956.5088	0	0	1060		0	f
2437	2025-04-08	2025-04-08	t	26	0	1500	0	0	1055	pix	0	f
2438	2025-04-08	2025-04-08	t	18	0	1605.276	0	0	1055		0	f
2439	2025-04-08	2025-04-08	t	23	0	7500	0	0	1054		0	f
2440	2025-04-09	2025-04-09	t	23	0	4200	0	0	1053		0	f
2441	2025-04-09	2025-04-09	t	23	0	680	0	0	1053		0	f
2442	2025-04-09	2025-04-09	t	26	0	1650	0	0	1062	pix	0	f
2443	2025-04-10	2025-04-10	t	\N	17	0	200	0	0	Propaganda iphone 13	1	f
2444	2025-04-11	2025-04-11	t	\N	17	0	150	0	0	Remoo Blacklist Heartunlocks	1	f
2445	2025-04-11	2025-04-11	t	26	0	9790	0	0	1066		0	f
2446	2025-04-11	2025-04-11	t	26	0	3900	0	0	1064	pix	0	f
2447	2025-04-11	2025-04-11	t	18	0	1265.3508	0	0	1063		0	f
2448	2025-04-11	2025-04-11	t	18	0	2709.301	0	0	1065		0	f
2449	2025-04-11	2025-04-11	t	18	0	2709.301	0	0	1068		0	f
2450	2025-04-11	2025-04-11	t	26	0	1300	0	0	1069	pix	0	f
2451	2025-04-11	2025-04-11	t	18	0	1419.0928	0	0	1069		0	f
2452	2025-04-12	2025-04-12	t	\N	17	0	140	0	0	Bateria iphone 13	1	f
2453	2025-04-12	2025-04-12	t	26	0	2700.0200000000004	0	0	1070	pix	0	f
2454	2025-04-12	2025-04-12	t	18	0	2717.3124	0	0	1071		0	f
2455	2025-04-12	2025-04-12	t	26	0	2000	0	0	1072		0	f
2456	2025-04-12	2025-04-12	t	18	0	1908.212	0	0	1072		0	f
2457	2025-04-14	2025-04-14	t	\N	17	0	503	0	0	Propaganda iphone 13	1	f
2458	2025-04-14	2025-04-14	t	\N	17	0	660	118	0	[]	1	f
2459	2025-04-14	2025-04-14	t	18	0	2711.466	0	0	1074		0	f
2460	2025-04-14	2025-04-14	t	18	0	2711.466	0	0	1075		0	f
2461	2025-04-14	2025-04-14	t	18	0	3913.0176	0	0	1076		0	f
2462	2025-04-14	2025-04-14	t	26	0	2100	0	0	1077	Pix	0	f
2463	2025-04-14	2025-04-14	t	18	0	601.7271999999999	0	0	1077		0	f
2464	2025-04-14	2025-04-14	t	17	0	556.27	0	0	1067	baterias conta do italo	0	f
2465	2025-04-14	2025-04-14	t	17	0	2144	0	0	1067	pagametno American dolar conta do Italo	0	f
2466	2025-04-16	2025-04-16	t	26	0	2700.02	0	0	1079	pix	0	f
2468	2025-04-16	2025-04-16	t	26	0	4400	0	0	1078		0	f
2469	2025-04-16	2025-04-16	t	18	0	708.477	0	0	1078		0	f
2470	2025-04-16	2025-04-16	t	17	0	0.01	0	0	1080		0	f
2471	2025-04-16	2025-04-16	t	17	0	90	0	0	1081		0	f
2472	2025-04-17	2025-04-17	t	\N	17	0	280	0	0	Propaganda iphone 13	1	f
2473	2025-04-17	2025-04-17	t	23	0	2250	0	0	1082		0	f
2474	2025-04-17	2025-04-17	t	26	0	2700.0200000000004	0	0	1083	Pix	0	f
2475	2025-04-17	2025-04-17	t	26	0	3000	0	0	1084		0	f
2476	2025-04-17	2025-04-17	t	18	0	901.8162	0	0	1084		0	f
2477	2025-04-21	2025-04-21	t	26	0	4850	0	0	1085		0	f
2478	2025-04-22	2025-04-22	t	\N	-1	0	1700	119	1091	Recebimento de Aparelho	1	f
2479	2025-04-22	2025-04-22	t	-1	0	1700	0	0	1091	Recebimento de Aparelho	0	f
2480	2025-04-22	2025-04-22	t	17	0	3900	0	0	1086		0	f
2481	2025-04-22	2025-04-22	t	18	0	27912.101	0	0	1089		0	f
2482	2025-04-22	2025-04-22	t	18	0	2709.301	0	0	1090		0	f
2483	2025-04-22	2025-04-22	t	26	0	1400	0	0	1091		0	f
2484	2025-04-22	2025-04-22	t	26	0	500	0	0	1092	especie	0	f
2485	2025-04-22	2025-04-22	t	26	0	1000	0	0	1092	pix	0	f
2486	2025-04-22	2025-04-22	t	18	0	201.94549999999998	0	0	1092		0	f
2487	2025-04-22	2025-04-22	t	18	0	1003.9086	0	0	1092		0	f
2488	2025-04-22	2025-04-22	t	18	0	2709.301	0	0	1093		0	f
2489	2025-04-23	2025-04-23	t	17	0	0.02	0	0	1094		0	f
2490	2025-04-23	2025-04-23	t	17	0	350.01	0	0	1073		0	f
2491	2025-04-23	2025-04-23	t	26	0	1800	0	0	1095		0	f
2493	2025-04-23	2025-04-23	t	18	0	5008.2372	0	0	1096		0	f
2494	2025-04-23	2025-04-23	t	17	0	0.03	0	0	1097		0	f
2495	2025-04-23	2025-04-23	t	\N	17	0	100	0	0	Mercantil Nara	1	f
2496	2025-04-24	2025-04-24	t	\N	-1	0	1100	120	1099	Recebimento de Aparelho	1	f
2497	2025-04-24	2025-04-24	t	-1	0	1100	0	0	1099	Recebimento de Aparelho	0	f
2498	2025-04-24	2025-04-24	t	18	0	1355.2074	0	0	1101		0	f
2499	2025-04-24	2025-04-24	t	18	0	1355.2074	0	0	1101		0	f
2500	2025-04-24	2025-04-24	t	18	0	1165.6295	0	0	1100		0	f
2501	2025-04-24	2025-04-24	t	18	0	1174.6945	0	0	1100		0	f
2502	2025-04-24	2025-04-24	t	26	0	380	0	0	1100		0	f
2503	2025-04-24	2025-04-24	t	26	0	1600	0	0	1099		0	f
2504	2025-04-25	2025-04-25	t	\N	17	0	49260	121	0	[]	1	f
2505	2025-04-25	2025-04-25	t	26	0	4850	0	0	1103		0	f
2506	2025-04-26	2025-04-26	t	17	0	0.02	0	0	1104		0	f
2507	2025-04-26	2025-04-26	t	18	0	1701.54	0	0	1105		0	f
2508	2025-04-26	2025-04-26	t	23	0	1000	0	0	1105		0	f
2509	2025-04-28	2025-04-28	t	18	0	2615.7672	0	0	1106		0	f
2510	2025-04-30	2025-04-30	t	18	0	2615.7672	0	0	1107		0	f
2511	2025-04-30	2025-04-30	t	18	0	2615.7672	0	0	1108		0	f
2512	2025-04-01	2025-04-30	t	\N	17	0	1405	0	0	Samia 	1	f
2513	2025-04-01	2025-04-30	t	\N	17	0	1000	0	0	Estagirio Italo	1	f
2514	2025-04-01	2025-04-30	t	\N	22	0	103	0	0	Contador EUA	5.530949064732317	t
2515	2025-04-01	2025-04-30	t	\N	22	0	33	0	0	Mensalidade Chase	5.531025111348946	t
2516	2025-04-01	2025-04-30	t	\N	17	0	2000	0	0	Aluguel	1	f
2517	2025-04-01	2025-04-30	t	\N	17	0	2000	0	0	Wanderley	1	f
2518	2025-04-01	2025-04-30	t	\N	17	0	1405	0	0	Samia 	1	f
2519	2025-04-01	2025-04-30	t	\N	17	0	1000	0	0	Estagirio Italo	1	f
2520	2025-04-01	2025-04-30	t	\N	22	0	103	0	0	Contador EUA	5.531049554909172	t
2521	2025-04-01	2025-04-30	t	\N	22	0	33	0	0	Mensalidade Chase	5.53112609677788	t
2522	2025-04-01	2025-04-30	t	\N	17	0	2000	0	0	Aluguel	1	f
2523	2025-04-01	2025-04-30	t	\N	17	0	2000	0	0	Wanderley	1	f
2525	2025-04-30	2025-04-30	t	26	0	2600.0200000000004	0	0	1110	pix	0	f
2526	2025-04-30	2025-04-30	t	18	0	6006.6825	0	0	1111		0	f
2527	2025-04-01	2025-05-01	t	\N	17	0	1405	0	0	Samia 	1	f
2528	2025-04-01	2025-05-01	t	\N	17	0	1000	0	0	Estagirio Italo	1	f
2529	2025-04-01	2025-05-01	t	\N	22	0	103	0	0	Contador EUA	5.531150699785689	t
2530	2025-04-01	2025-05-01	t	\N	22	0	33	0	0	Mensalidade Chase	5.531227741760257	t
2531	2025-04-01	2025-05-01	t	\N	17	0	2000	0	0	Aluguel	1	f
2532	2025-04-01	2025-05-01	t	\N	17	0	2000	0	0	Wanderley	1	f
2533	2025-04-01	2025-05-01	t	\N	17	0	2109.6	0	0	Wanderley	1	f
2534	2025-04-01	2025-05-01	t	\N	17	0	1805	0	0	Samia	1	f
2535	2024-11-01	2025-05-01	t	\N	17	0	6050	0	0	Despesas conjuntas aluguel Samia etc	1	f
2536	2024-11-01	2025-05-01	t	\N	17	0	6050	0	0	Despesas conjuntas aluguel Samia etc	1	f
2537	2025-05-02	2025-05-02	t	\N	-1	0	3000	122	1113	Recebimento de Aparelho	1	f
2538	2025-05-02	2025-05-02	t	-1	0	3000	0	0	1113	Recebimento de Aparelho	0	f
2539	2025-05-02	2025-05-02	t	26	0	2900	0	0	1113	pix	0	f
2540	2025-05-02	2025-05-02	t	18	0	150.416	0	0	1115		0	f
2541	2025-05-02	2025-05-02	t	\N	17	0	125	0	0	5 CABOS USB-C	1	f
2542	2025-05-02	2025-05-02	t	\N	17	0	620	123	0	[]	1	f
2543	2025-05-04	2025-05-04	t	26	0	2350	0	0	1118		0	f
2544	2025-05-04	2025-05-04	t	18	0	2507.663	0	0	1116		0	f
2545	2025-05-04	2025-05-04	t	26	0	2500.0200000000004	0	0	1117	pix	0	f
2546	2025-05-05	2025-05-05	t	17	0	0.03	0	0	1119		0	f
2547	2025-05-05	2025-05-05	t	18	0	137.914	0	0	1121		0	f
2548	2025-05-05	2025-05-05	t	26	0	1100	0	0	1120	1000 pix 100 dinheiro	0	f
2549	2025-05-05	2025-05-05	t	18	0	1413.157	0	0	1120		0	f
2550	2025-05-06	2025-05-06	t	26	0	4700	0	0	1122		0	f
2551	2025-05-06	2025-05-06	t	18	0	738.8249999999999	0	0	1124		0	f
2552	2025-05-06	2025-05-06	t	18	0	1000.5051	0	0	1124		0	f
2553	2025-05-06	2025-05-06	t	26	0	750	0	0	1124	pix	0	f
2554	2025-05-06	2025-05-06	t	26	0	2500.0200000000004	0	0	1123	pix	0	f
2555	2025-05-06	2025-05-06	t	18	0	144.165	0	0	1125		0	f
2556	2025-05-07	2025-05-07	t	\N	17	0	350	0	0	Propaganda iphone 13	1	f
2557	2025-05-07	2025-05-07	t	\N	-1	0	900	124	1126	Recebimento de Aparelho	1	f
2558	2025-05-07	2025-05-07	t	-1	0	900	0	0	1126	Recebimento de Aparelho	0	f
2559	2025-05-07	2025-05-07	t	18	0	1605.276	0	0	1126		0	f
2560	2025-05-07	2025-05-07	t	17	0	10.689900000000307	0	0	1124	perda	0	f
2561	2025-05-08	2025-05-08	t	\N	17	0	2250	125	0	[]	1	f
2562	2025-05-08	2025-05-08	t	17	0	0.01	0	0	1127		0	f
2563	2025-05-09	2025-05-09	t	\N	-1	0	3900	126	1132	Recebimento de Aparelho	1	f
2564	2025-05-09	2025-05-09	t	-1	0	3900	0	0	1132	Recebimento de Aparelho	0	f
2565	2025-05-09	2025-05-09	t	26	0	2500.0200000000004	0	0	1128	pix	0	f
2566	2025-05-09	2025-05-09	t	18	0	2506.5678	0	0	1129		0	f
2567	2025-05-09	2025-05-09	t	26	0	2500.02	0	0	1130	400 especie 2100 pix	0	f
2568	2025-05-09	2025-05-09	t	26	0	2452	0	0	1131	dinheiro	0	f
2569	2025-05-09	2025-05-09	t	26	0	1950	0	0	1132	pix	0	f
2570	2025-05-09	2025-05-09	t	18	0	2456.2692	0	0	1133		0	f
2571	2025-05-09	2025-05-09	t	17	0	0.02	0	0	1134		0	f
2572	2025-05-10	2025-05-10	t	18	0	2506.5678	0	0	1135		0	f
2573	2025-05-10	2025-05-10	t	18	0	2453.9067	0	0	1137		0	f
2574	2025-05-10	2025-05-10	t	26	0	2450.0200000000004	0	0	1136	dinheiro	0	f
2576	2025-05-13	2025-05-13	t	18	0	2453.9067	0	0	1140		0	f
2577	2025-05-13	2025-05-13	t	18	0	2457.273	0	0	1139		0	f
2578	2025-05-13	2025-05-13	t	18	0	163.32750000000001	0	0	1141		0	f
2579	2025-05-14	2025-05-14	t	\N	-1	0	1000	127	1142	Recebimento de Aparelho	1	f
2580	2025-05-14	2025-05-14	t	-1	0	1000	0	0	1142	Recebimento de Aparelho	0	f
2581	2025-05-14	2025-05-14	t	\N	-1	0	700	128	1143	Recebimento de Aparelho	1	f
2582	2025-05-14	2025-05-14	t	-1	0	700	0	0	1143	Recebimento de Aparelho	0	f
2583	2025-05-14	2025-05-14	t	\N	-1	0	1100	129	1146	Recebimento de Aparelho	1	f
2584	2025-05-14	2025-05-14	t	-1	0	1100	0	0	1146	Recebimento de Aparelho	0	f
2585	2025-05-14	2025-05-14	t	\N	17	0	180	0	0	Capinhas e Pelculas	1	f
2586	2025-05-14	2025-05-14	t	26	0	1300	0	0	1142	1000 especie 300 pix	0	f
2587	2025-05-14	2025-05-14	t	18	0	300.8243	0	0	1142		0	f
2588	2025-05-14	2025-05-14	t	26	0	1850	0	0	1143	1100 especie 750 pix	0	f
2589	2025-05-14	2025-05-14	t	18	0	1557.173	0	0	1144		0	f
2590	2025-05-14	2025-05-14	t	26	0	1180	0	0	1145	150 especie 1030 pix	0	f
2591	2025-05-14	2025-05-14	t	18	0	1376.6175	0	0	1145		0	f
2592	2025-05-14	2025-05-14	t	26	0	1500	0	0	1146	pix	0	f
2593	2025-05-14	2025-05-14	t	26	0	2350	0	0	1147		0	f
2594	2025-05-15	2025-05-15	t	26	0	900	0	0	1144	pix	0	f
2595	2025-05-16	2025-05-16	t	26	0	4200.02	0	0	1152	1700 pix 2500 dinheiro	0	f
2596	2025-05-16	2025-05-16	t	26	0	1700.02	0	0	1149	pix	0	f
2597	2025-05-16	2025-05-16	t	18	0	1551.2153999999998	0	0	1150		0	f
2598	2025-05-16	2025-05-16	t	17	0	0.16	0	0	1148		0	f
2599	2025-05-16	2025-05-16	t	26	0	2550.0200000000004	0	0	1151	pix	0	f
2600	2025-05-17	2025-05-17	t	\N	17	0	0	121	0	Frete	1	f
2601	2025-05-17	2025-05-17	t	\N	17	0	0	118	0	Frete	1	f
2602	2025-05-17	2025-05-17	t	\N	17	0	0	110	0	Frete	1	f
2603	2025-05-17	2025-05-17	t	\N	17	0	0	103	0	Frete	1	f
2604	2025-05-19	2025-05-19	t	\N	17	0	400	130	0	[]	1	f
2605	2025-05-19	2025-05-19	t	\N	17	0	200	0	0	Propaganda iphone 13	1	f
2606	2025-05-19	2025-05-19	t	17	0	0.03	0	0	1153		0	f
2607	2025-05-19	2025-05-19	t	26	0	1000	0	0	1150	pix	0	f
2608	2025-05-20	2025-05-20	t	17	0	350	0	0	1102		0	f
2609	2025-05-20	2025-05-20	t	17	0	4850	0	0	1114		0	f
2610	2025-05-20	2025-05-20	t	26	0	5400	0	0	1154		0	f
2611	2025-05-20	2025-05-20	t	18	0	3360.0912	0	0	1155		0	f
2612	2025-05-20	2025-05-20	t	26	0	2600.0200000000004	0	0	1156	pix	0	f
2613	2025-05-20	2025-05-20	t	18	0	2606.6082	0	0	1157		0	f
2614	2025-05-20	2025-05-20	t	26	0	2600.0200000000004	0	0	1158	pix	0	f
2615	2025-05-20	2025-05-20	t	26	0	3000.0200000000004	0	0	1159	dinheiro	0	f
2616	2025-05-20	2025-05-20	t	17	0	0.03	0	0	1160		0	f
2617	2025-05-21	2025-05-21	t	26	0	2000	0	0	1163	pix	0	f
2618	2025-05-21	2025-05-21	t	18	0	600.6875	0	0	1163		0	f
2619	2025-05-21	2025-05-21	t	26	0	3000.02	0	0	1162	pix	0	f
2620	2025-05-21	2025-05-21	t	26	0	5700	0	0	1164		0	f
2621	2025-05-21	2025-05-21	t	18	0	2551.409	0	0	1161		0	f
2622	2025-05-23	2025-05-23	t	26	0	2600.0200000000004	0	0	1166	dinheiro	0	f
2623	2025-05-23	2025-05-23	t	26	0	2350	0	0	1165		0	f
2624	2025-05-23	2025-05-23	t	17	0	0.03	0	0	1167		0	f
2625	2025-05-23	2025-05-23	t	23	0	8000	0	0	1168	pix	0	f
2626	2025-05-23	2025-05-23	t	18	0	1880.2	0	0	1172		0	f
2627	2025-05-23	2025-05-23	t	18	0	673.1116000000001	0	0	1172		0	f
2628	2025-05-23	2025-05-23	t	26	0	2550.02	0	0	1170	pix	0	f
2629	2025-05-23	2025-05-23	t	18	0	3006.334	0	0	1169		0	f
2630	2025-05-24	2025-05-24	t	18	0	2358.262	0	0	1171		0	f
2631	2025-05-26	2025-05-26	t	\N	17	0	3000	131	0	[]	1	f
2632	2025-05-26	2025-05-26	t	\N	-1	0	1500	132	1174	Recebimento de Aparelho	1	f
2633	2025-05-26	2025-05-26	t	-1	0	1500	0	0	1174	Recebimento de Aparelho	0	f
2634	2025-05-26	2025-05-26	t	26	0	1500	0	0	1174	1100 pix 400 pix	0	f
2635	2025-05-26	2025-05-26	t	26	0	350	0	0	1175	pix	0	f
2636	2025-05-26	2025-05-26	t	18	0	2259.251	0	0	1175		0	f
2637	2025-05-26	2025-05-26	t	18	0	2556.284	0	0	1173		0	f
2638	2025-05-26	2025-05-26	t	23	0	1400	0	0	1168		0	f
2639	2025-05-26	2025-05-26	t	\N	17	0	55575	133	0	[]	1	f
2640	2025-05-26	2025-05-26	t	\N	17	0	350	0	0	Capinhas e Pelculas	1	f
2641	2025-05-26	2025-05-26	t	\N	17	0	1843	134	0	[]	1	f
2642	2025-05-27	2025-05-27	t	26	0	5750	0	0	1176		0	f
2643	2025-05-27	2025-05-27	t	\N	17	0	350	0	0	Propaganda iphone 13	1	f
2644	2025-05-28	2025-05-28	t	26	0	2900	0	0	1177		0	f
2645	2025-05-29	2025-05-29	t	\N	-1	0	900	135	1178	Recebimento de Aparelho	1	f
2646	2025-05-29	2025-05-29	t	-1	0	900	0	0	1178	Recebimento de Aparelho	0	f
2647	2025-05-29	2025-05-29	t	26	0	4650	0	0	1179	2650 12 pro max 2000 ix	0	f
2648	2025-05-29	2025-05-29	t	18	0	1203.957	0	0	1179		0	f
2649	2025-05-29	2025-05-29	t	26	0	1000	0	0	1178	especie	0	f
2650	2025-05-29	2025-05-29	t	18	0	703.1948	0	0	1178		0	f
2651	2025-05-29	2025-05-29	t	26	0	4800	0	0	1180		0	f
2652	2025-05-31	2025-05-31	t	\N	-1	0	800	136	1181	Recebimento de Aparelho	1	f
2653	2025-05-31	2025-05-31	t	-1	0	800	0	0	1181	Recebimento de Aparelho	0	f
2654	2025-05-31	2025-05-31	t	\N	-1	0	1100	137	1187	Recebimento de Aparelho	1	f
2655	2025-05-31	2025-05-31	t	-1	0	1100	0	0	1187	Recebimento de Aparelho	0	f
2656	2025-05-31	2025-05-31	t	18	0	1754.604	0	0	1181		0	f
2657	2025-05-31	2025-05-31	t	18	0	1010.154	0	0	1182		0	f
2658	2025-05-31	2025-05-31	t	18	0	1434.5959	0	0	1182		0	f
2659	2025-05-31	2025-05-31	t	26	0	170	0	0	1182	pix amrico	0	f
2660	2025-05-31	2025-05-31	t	26	0	2550.0200000000004	0	0	1183	pix	0	f
2662	2025-05-31	2025-05-31	t	26	0	700	0	0	1184	pix	0	f
2663	2025-05-31	2025-05-31	t	26	0	1070	0	0	1184		0	f
2664	2025-05-31	2025-05-31	t	18	0	3703.898	0	0	1185		0	f
2665	2025-05-31	2025-05-31	t	26	0	190	0	0	1186		0	f
2666	2025-05-31	2025-05-31	t	18	0	2362.065	0	0	1186		0	f
2667	2025-05-31	2025-05-31	t	18	0	1456.7484	0	0	1187		0	f
2668	2025-05-31	2025-05-31	t	17	0	43.25160000000005	0	0	1187	perda	0	f
2669	2025-05-31	2025-05-31	t	26	0	200	0	0	1185		0	f
2670	2025-05-31	2025-05-31	t	17	0	0.09	0	0	1188		0	f
2671	2025-05-31	2025-05-31	t	17	0	3178	0	0	1189	perda	0	f
2673	2025-05-31	2025-05-31	t	17	0	0.01	0	0	1190		0	f
2674	2025-05-01	2025-06-02	t	\N	17	0	1000	0	0	Estagirio Italo	1	f
2675	2025-05-01	2025-06-02	t	\N	22	0	103	0	0	Contador EUA	5.531252505780889	t
2676	2025-05-01	2025-06-02	t	\N	22	0	33	0	0	Mensalidade Chase	5.531330052778734	t
2677	2025-05-01	2025-06-02	t	\N	17	0	2000	0	0	Aluguel	1	f
2678	2025-05-01	2025-06-02	t	\N	17	0	2109.6	0	0	Wanderley	1	f
2679	2025-05-01	2025-06-02	t	\N	17	0	1805	0	0	Samia	1	f
2680	2025-06-02	2025-06-02	t	\N	17	0	0	123	0	Frete	1	f
2681	2025-06-03	2025-06-03	t	\N	-1	0	1400	139	1194	Recebimento de Aparelho	1	f
2682	2025-06-03	2025-06-03	t	-1	0	1400	0	0	1194	Recebimento de Aparelho	0	f
2683	2025-06-03	2025-06-03	t	18	0	2456.5476	0	0	1192		0	f
2684	2025-06-03	2025-06-03	t	26	0	400	0	0	1193	Espcie	0	f
2685	2025-06-03	2025-06-03	t	18	0	1161.129	0	0	1193		0	f
2686	2025-06-03	2025-06-03	t	26	0	1050	0	0	1194	pix	0	f
2687	2025-06-03	2025-06-03	t	26	0	2000	0	0	1195	pix	0	f
2688	2025-06-03	2025-06-03	t	18	0	3009.1956	0	0	1195		0	f
2689	2025-06-03	2025-06-03	t	26	0	150	0	0	1196	pix	0	f
2690	2025-06-03	2025-06-03	t	17	0	0.060000000000000005	0	0	1197		0	f
2691	2025-06-03	2025-06-03	t	17	0	0.03	0	0	1198		0	f
2692	2025-06-03	2025-06-03	t	26	0	2300	0	0	1199		0	f
2693	2025-06-04	2025-06-04	t	26	0	2300	0	0	1202		0	f
2694	2025-06-04	2025-06-04	t	18	0	1356.1032	0	0	1201		0	f
2695	2025-06-04	2025-06-04	t	26	0	500	0	0	1201	pix	0	f
2696	2025-06-07	2025-06-07	t	\N	-1	0	750	140	1214	Recebimento de Aparelho	1	f
2697	2025-06-07	2025-06-07	t	-1	0	750	0	0	1214	Recebimento de Aparelho	0	f
2698	2025-06-07	2025-06-07	t	17	0	0.01	0	0	1215		0	f
2699	2025-06-07	2025-06-07	t	17	0	0.04	0	0	1207		0	f
2700	2025-06-07	2025-06-07	t	18	0	2456.2692	0	0	1208		0	f
2701	2025-06-07	2025-06-07	t	18	0	1555.9224	0	0	1209		0	f
2703	2025-06-07	2025-06-07	t	26	0	2840	0	0	1211		0	f
2704	2025-06-07	2025-06-07	t	18	0	2556.284	0	0	1212		0	f
2705	2025-06-07	2025-06-07	t	18	0	3913.0176	0	0	1213		0	f
2706	2025-06-07	2025-06-07	t	26	0	700	0	0	1214		0	f
2707	2025-06-07	2025-06-07	t	18	0	2466.274	0	0	1214		0	f
2708	2025-06-07	2025-06-07	t	\N	-1	0	2250	141	1216	Recebimento de Aparelho	1	f
2709	2025-06-07	2025-06-07	t	-1	0	2250	0	0	1216	Recebimento de Aparelho	0	f
2710	2025-06-07	2025-06-07	t	26	0	1650	0	0	1216	pix	0	f
2711	2025-06-07	2025-06-07	t	26	0	2000	0	0	1206		0	f
2712	2025-06-07	2025-06-07	t	18	0	1406.1234	0	0	1206		0	f
2713	2025-06-07	2025-06-07	t	26	0	1250	0	0	1205	pix	0	f
2715	2025-06-07	2025-06-07	t	18	0	2556.284	0	0	1204		0	f
2716	2025-06-07	2025-06-07	t	17	0	93.7159999999999	0	0	1204	perda	0	f
2717	2025-06-07	2025-06-07	t	26	0	2450	0	0	1203	pix	0	f
2718	2025-06-08	2025-06-08	t	\N	-1	0	1400	142	1221	Recebimento de Aparelho	1	f
2719	2025-06-08	2025-06-08	t	-1	0	1400	0	0	1221	Recebimento de Aparelho	0	f
2723	2025-06-08	2025-06-08	t	26	0	3000	0	0	1218	pix	0	f
2724	2025-06-08	2025-06-08	t	26	0	1450	0	0	1217	pix	0	f
2725	2025-06-08	2025-06-08	t	18	0	1003.2975	0	0	1217		0	f
2726	2025-06-08	2025-06-08	t	\N	17	0	50	133	0	Frete	1	f
2727	2025-06-08	2025-06-08	t	\N	17	0	300	0	0	Propaganda iphone 13	1	f
2728	2025-06-08	2025-06-08	t	17	0	0.05	0	0	1222		0	f
2729	2025-06-08	2025-06-08	t	\N	17	0	0	88	0	Frete	1	f
2730	2025-06-08	2025-06-08	t	\N	17	0	0	83	0	Frete	1	f
2731	2025-06-08	2025-06-08	t	\N	17	0	0	109	0	Frete	1	f
2732	2025-06-08	2025-06-08	t	\N	17	0	0	17	0	Frete	1	f
2746	2025-06-10	2025-06-10	t	\N	17	0	382	0	0	Capinhas e Pelculas	1	f
2747	2025-06-10	2025-06-10	t	26	0	1000	0	0	1223	100 pix 900 espcie	0	f
2748	2025-06-10	2025-06-10	t	18	0	1458.162	0	0	1223		0	f
2749	2025-06-10	2025-06-10	t	26	0	1200	0	0	1224	pix	0	f
2750	2025-06-10	2025-06-10	t	18	0	2710.4148	0	0	1224		0	f
2751	2025-06-10	2025-06-10	t	26	0	600	0	0	1225	pix	0	f
2752	2025-06-10	2025-06-10	t	18	0	1860.81	0	0	1225		0	f
2753	2025-06-10	2025-06-10	t	18	0	2456.025	0	0	1226		0	f
2754	2025-06-10	2025-06-10	t	17	0	0.08	0	0	1227		0	f
2755	2025-06-10	2025-06-10	t	17	0	0.04	0	0	1228		0	f
2756	2025-06-11	2025-06-11	t	26	0	2300	0	0	1229	dinheiro	0	f
2757	2025-06-11	2025-06-11	t	17	0	3550	0	0	1229	pix	0	f
2758	2025-06-11	2025-06-11	t	26	0	5700	0	0	1236		0	f
2760	2025-06-11	2025-06-11	t	18	0	3909.5049	0	0	1230		0	f
2761	2025-06-11	2025-06-11	t	26	0	1900.01	0	0	1231	pix	0	f
2762	2025-06-11	2025-06-11	t	26	0	2450	0	0	1232	pix	0	f
2763	2025-06-11	2025-06-11	t	26	0	400	0	0	1233	pix	0	f
2764	2025-06-11	2025-06-11	t	18	0	2006.595	0	0	1233		0	f
2766	2025-06-11	2025-06-11	t	18	0	2457.273	0	0	1234		0	f
2767	2025-06-11	2025-06-11	t	18	0	4816.0196	0	0	1235		0	f
2768	2025-06-14	2025-06-14	t	26	0	2500	0	0	1237	pix	0	f
2769	2025-06-14	2025-06-14	t	18	0	3411.379	0	0	1238		0	f
2770	2025-06-15	2025-06-15	t	\N	17	0	1368.65	143	0	[]	1	f
2771	2025-06-16	2025-06-16	t	\N	17	0	220	0	0	Propaganda iphone 13	1	f
2772	2025-06-16	2025-06-16	t	18	0	2412.268	0	0	1240		0	f
2773	2025-06-16	2025-06-16	t	26	0	1000	0	0	1240	pix	0	f
2774	2025-06-16	2025-06-16	t	18	0	1306.083	0	0	1239		0	f
2775	2025-06-17	2025-06-17	t	\N	17	0	155375	144	0	[]	1	f
2776	2025-06-17	2025-06-17	t	\N	17	0	0	144	0	Frete	1	f
2777	2025-06-17	2025-06-17	t	\N	-1	0	700	145	1244	Recebimento de Aparelho	1	f
2778	2025-06-17	2025-06-17	t	-1	0	700	0	0	1244	Recebimento de Aparelho	0	f
2779	2025-06-17	2025-06-17	t	26	0	800	0	0	1241	pix	0	f
2780	2025-06-17	2025-06-17	t	18	0	1004.0268000000001	0	0	1241		0	f
2781	2025-06-17	2025-06-17	t	26	0	1150	0	0	1239	iphone recebido pelo amrico	0	f
2782	2025-06-17	2025-06-17	t	26	0	400	0	0	1242	pix	0	f
2783	2025-06-17	2025-06-17	t	18	0	2059.9536	0	0	1242		0	f
2784	2025-06-17	2025-06-17	t	26	0	2450	0	0	1243	pix	0	f
2785	2025-06-17	2025-06-17	t	18	0	1755.195	0	0	1244		0	f
2787	2025-06-19	2025-06-19	t	18	0	2356.5072	0	0	1249		0	f
2788	2025-06-19	2025-06-19	t	26	0	2450	0	0	1248	pix	0	f
2789	2025-06-19	2025-06-19	t	26	0	1900	0	0	1247	1100 pix 800 iphone xr	0	f
2790	2025-06-19	2025-06-19	t	18	0	2009.6748	0	0	1247		0	f
2791	2025-06-19	2025-06-19	t	18	0	1755.195	0	0	1246		0	f
2792	2025-06-19	2025-06-19	t	26	0	1749	0	0	1245	pix	0	f
2793	2025-06-19	2025-06-19	t	26	0	100	0	0	1249	pix	0	f
2794	2025-06-19	2025-06-19	t	17	0	0.13	0	0	1250		0	f
2795	2025-06-21	2025-06-21	t	26	0	4800	0	0	1254	2000 aparelho 2800 pix	0	f
2796	2025-06-21	2025-06-21	t	26	0	3000	0	0	1253	pix	0	f
2797	2025-06-21	2025-06-21	t	26	0	3400	0	0	1252	pix	0	f
2798	2025-06-21	2025-06-21	t	26	0	300	0	0	1251	dinheiro	0	f
2799	2025-06-21	2025-06-21	t	26	0	1572	0	0	1251		0	f
2800	2025-06-21	2025-06-21	t	26	0	2300	0	0	1255		0	f
2801	2025-06-22	2025-06-22	t	\N	17	0	43165	146	0	[]	1	f
2802	2025-06-22	2025-06-22	t	\N	17	0	2553.6	146	0	Frete	1	f
2803	2025-06-23	2025-06-23	t	26	0	1630	0	0	1256		0	f
2804	2025-06-23	2025-06-23	t	17	0	0.02	0	0	1257		0	f
2805	2025-06-23	2025-06-23	t	\N	17	0	2157.28	146	0	Frete	1	f
2806	2025-06-23	2025-06-23	t	\N	17	0	360	147	0	[]	1	f
2807	2025-06-23	2025-06-23	t	\N	17	0	0	147	0	Frete	1	f
2808	2025-06-23	2025-06-23	t	\N	-1	0	1100	148	1260	Recebimento de Aparelho	1	f
2809	2025-06-23	2025-06-23	t	-1	0	1100	0	0	1260	Recebimento de Aparelho	0	f
2810	2025-06-23	2025-06-23	t	\N	17	0	134	0	0	Capinhas e Pelculas	1	f
2811	2025-06-23	2025-06-23	t	26	0	2450	0	0	1259	pix	0	f
2812	2025-06-23	2025-06-23	t	18	0	1359.151	0	0	1260		0	f
2813	2025-06-23	2025-06-23	t	18	0	2457.7938	0	0	1261		0	f
2814	2025-06-23	2025-06-23	t	26	0	1630	0	0	1263		0	f
2815	2025-06-23	2025-06-23	t	17	0	0.03	0	0	1262		0	f
2816	2025-06-23	2025-06-23	t	17	0	0.01	0	0	1258		0	f
2817	2025-06-24	2025-06-24	t	18	0	1493.28	0	0	1265		0	f
2818	2025-06-24	2025-06-24	t	17	0	0.07	0	0	1264		0	f
2819	2025-06-26	2025-06-26	t	\N	17	0	300	0	0	Propaganda iPhone 11	1	f
2820	2025-06-26	2025-06-26	t	\N	-1	0	1150	149	1268	Recebimento de Aparelho	1	f
2821	2025-06-26	2025-06-26	t	-1	0	1150	0	0	1268	Recebimento de Aparelho	0	f
2822	2025-06-26	2025-06-26	t	26	0	1630	0	0	1269		0	f
2823	2025-06-26	2025-06-26	t	26	0	1040	0	0	1265	dinheiro	0	f
2824	2025-06-26	2025-06-26	t	26	0	1300	0	0	1268	pix	0	f
2826	2025-06-26	2025-06-26	t	17	0	0.04	0	0	1270		0	f
2825	2025-06-26	2025-06-26	f	26	0	5800.01	0	0	1267	dinheiro	0	f
2827	2025-06-26	2025-06-26	t	\N	17	0	530	0	0	Sacolas	1	f
2828	2025-06-27	2025-06-27	t	17	0	0.13	0	0	1272		0	f
2829	2025-06-27	2025-06-27	t	26	0	2450	0	0	1273	pix	0	f
2830	2025-06-27	2025-06-27	t	26	0	100	0	0	1274	pix	0	f
2831	2025-06-27	2025-06-27	t	18	0	2259.251	0	0	1274		0	f
2832	2025-06-27	2025-06-27	t	18	0	100.9155	0	0	1274		0	f
2833	2025-06-28	2025-06-28	t	26	0	1630	0	0	1276		0	f
2834	2025-06-28	2025-06-28	t	26	0	1700	0	0	1275		0	f
2835	2025-06-28	2025-06-28	t	17	0	0.05	0	0	1277		0	f
2836	2025-06-29	2025-06-29	t	\N	17	0	2250	150	0	[]	1	f
2837	2025-06-29	2025-06-29	t	\N	17	0	640	151	0	[]	1	f
2838	2025-05-01	2025-06-30	t	\N	17	0	1200	0	0	Estagirio Italo	1	f
2839	2025-05-01	2025-06-30	t	\N	17	0	1200	0	0	Estagirio Italo	1	f
2840	2025-05-01	2025-06-30	t	\N	17	0	1200	0	0	Estagirio Italo	1	f
2841	2025-06-30	2025-06-30	t	18	0	1703.2725	0	0	1278		0	f
2842	2025-06-30	2025-06-30	t	18	0	2457.273	0	0	1279		0	f
2843	2025-06-30	2025-06-30	t	26	0	1700	0	0	1280	dinheiro	0	f
2844	2025-06-30	2025-06-30	t	26	0	1000	0	0	1281	dinheiro	0	f
2845	2025-06-30	2025-06-30	t	18	0	1455.5982000000001	0	0	1281		0	f
2846	2025-06-30	2025-06-30	t	\N	17	0	140	146	0	Frete	1	f
2847	2025-06-30	2025-06-30	t	\N	17	0	60	146	0	Frete	1	f
2848	2025-06-01	2025-07-01	t	\N	22	0	103	0	0	Contador EUA	5.5313549793979835	t
2849	2025-06-01	2025-07-01	t	\N	22	0	33	0	0	Mensalidade Chase	5.5314330364012045	t
2850	2025-06-01	2025-07-01	t	\N	17	0	2000	0	0	Aluguel	1	f
2851	2025-06-01	2025-07-01	t	\N	17	0	2109.6	0	0	Wanderley	1	f
2852	2025-06-01	2025-07-01	t	\N	17	0	1805	0	0	Samia	1	f
2853	2025-06-01	2025-07-01	t	\N	17	0	1200	0	0	Estagirio Italo	1	f
2854	2025-07-01	2025-07-01	t	26	0	1550	0	0	1282	dinheiro	0	f
2855	2025-07-01	2025-07-01	t	\N	17	0	0	143	0	Frete	1	f
2856	2025-07-01	2025-07-01	t	17	0	0.03	0	0	1284		0	f
2857	2025-07-01	2025-07-01	t	18	0	1711.9451999999999	0	0	1285		0	f
2858	2025-07-02	2025-07-02	t	26	0	1000	0	0	1287	dinheiro	0	f
2859	2025-07-02	2025-07-02	t	18	0	5710.0284	0	0	1288		0	f
2860	2025-07-02	2025-07-02	t	26	0	600	0	0	1286		0	f
2861	2025-07-02	2025-07-02	t	18	0	1852.6005	0	0	1286		0	f
2862	2025-07-02	2025-07-02	t	\N	17	0	350	0	0	Propaganda iPhone 11	1	f
2863	2025-07-03	2025-07-03	t	26	0	2000	0	0	1291	pix	0	f
2864	2025-07-03	2025-07-03	t	26	0	550	0	0	1290		0	f
2865	2025-07-03	2025-07-03	t	18	0	3149.4499	0	0	1290		0	f
2866	2025-07-03	2025-07-03	t	26	0	1300	0	0	1289		0	f
2867	2025-07-03	2025-07-03	t	17	0	0.5500999999999294	0	0	1290	perda	0	f
2868	2025-07-05	2025-07-05	t	\N	-1	0	1000	152	1295	Recebimento de Aparelho	1	f
2869	2025-07-05	2025-07-05	t	-1	0	1000	0	0	1295	Recebimento de Aparelho	0	f
2870	2025-07-05	2025-07-05	t	26	0	600	0	0	1297	dinheiro	0	f
2871	2025-07-05	2025-07-05	t	18	0	1105.8528	0	0	1297		0	f
2872	2025-07-05	2025-07-05	t	18	0	2456.2692	0	0	1296		0	f
2873	2025-07-05	2025-07-05	t	26	0	900	0	0	1295	especie	0	f
2874	2025-07-05	2025-07-05	t	26	0	1800	0	0	1295	pix	0	f
2875	2025-07-05	2025-07-05	t	26	0	1100	0	0	1294	dinheiro	0	f
2876	2025-07-05	2025-07-05	t	18	0	2424.3696	0	0	1294		0	f
2877	2025-07-05	2025-07-05	t	18	0	610.5229	0	0	1294		0	f
2878	2025-07-05	2025-07-05	t	18	0	676.0943	0	0	1294		0	f
2879	2025-07-05	2025-07-05	t	26	0	1700	0	0	1293	pix	0	f
2880	2025-07-05	2025-07-05	t	18	0	2453.9067	0	0	1292		0	f
2881	2025-07-05	2025-07-05	t	18	0	1260.14	0	0	1298		0	f
2882	2025-07-07	2025-07-07	t	\N	17	0	957	153	0	[]	1	f
2883	2025-07-07	2025-07-07	t	18	0	2445.636	0	0	1299		0	f
2884	2025-07-07	2025-07-07	t	26	0	2000	0	0	1300	pix	0	f
2885	2025-07-07	2025-07-07	t	18	0	453.744	0	0	1300		0	f
2886	2025-07-07	2025-07-07	t	17	0	32	0	0	1283		0	f
2887	2025-07-07	2025-07-07	t	18	0	5710.0284	0	0	1302		0	f
2888	2025-07-07	2025-07-07	t	26	0	1700	0	0	1301	pix	0	f
2889	2025-07-07	2025-07-07	t	17	0	0.04	0	0	1303		0	f
2890	2025-07-07	2025-07-07	t	17	0	4.364000000000033	0	0	1299	perda	0	f
2891	2025-07-07	2025-07-07	t	17	0	0.18	0	0	1304		0	f
2892	2025-07-08	2025-07-08	t	\N	17	0	161.5	154	0	[]	1	f
2893	2025-07-08	2025-07-08	t	\N	17	0	440	0	0	Capinhas e peliculas	1	f
2894	2025-07-08	2025-07-08	t	26	0	3550	0	0	1308		0	f
2895	2025-07-08	2025-07-08	t	18	0	1854.9216000000001	0	0	1309		0	f
2896	2025-07-08	2025-07-08	t	26	0	600	0	0	1309	PIX	0	f
2897	2025-07-09	2025-07-09	t	\N	17	0	1422	155	0	[]	1	f
2898	2025-07-09	2025-07-09	t	\N	17	0	300	0	0	Propaganda iPhone 11	1	f
2899	2025-07-09	2025-07-09	t	\N	17	0	0	154	0	Frete	1	f
2900	2025-07-09	2025-07-09	t	26	0	176	0	0	1312	pix	0	f
2901	2025-07-09	2025-07-09	t	26	0	1524	0	0	1312	dinheiro	0	f
2902	2025-07-09	2025-07-09	t	18	0	1594.98	0	0	1313		0	f
2903	2025-07-09	2025-07-09	t	18	0	1710.19	0	0	1314		0	f
2904	2025-07-09	2025-07-09	t	18	0	1710.19	0	0	1315		0	f
2905	2025-07-09	2025-07-09	t	26	0	7500	0	0	1310		0	f
2907	2025-07-09	2025-07-09	t	26	0	700	0	0	1316	dinheiro	0	f
2908	2025-07-09	2025-07-09	t	18	0	1003.2975	0	0	1316		0	f
2909	2025-07-09	2025-07-09	t	26	0	1500	0	0	1317	pix	0	f
2910	2025-07-10	2025-07-10	t	26	0	1650	0	0	1322	pix	0	f
2911	2025-07-10	2025-07-10	t	18	0	52.860499999999995	0	0	1322		0	f
2912	2025-07-10	2025-07-10	t	18	0	1710.19	0	0	1321		0	f
2913	2025-07-10	2025-07-10	t	26	0	200	0	0	1323	pix	0	f
2914	2025-07-10	2025-07-10	t	18	0	1458.162	0	0	1323		0	f
2915	2025-07-10	2025-07-10	t	18	0	1711.9451999999999	0	0	1319		0	f
2916	2025-07-10	2025-07-10	t	26	0	2900	0	0	1318	pix	0	f
2917	2025-07-10	2025-07-10	t	18	0	1004.0268000000001	0	0	1318		0	f
2918	2025-07-10	2025-07-10	t	18	0	67.277	0	0	1318		0	f
2919	2025-07-14	2025-07-14	t	\N	-1	0	2000	156	1325	Recebimento de Aparelho	1	f
2920	2025-07-14	2025-07-14	t	-1	0	2000	0	0	1325	Recebimento de Aparelho	0	f
2921	2025-07-14	2025-07-14	t	26	0	450	0	0	1325	pix	0	f
2922	2025-07-14	2025-07-14	t	26	0	1650	0	0	1326	1000 dinheiro 650 pix	0	f
2923	2025-07-14	2025-07-14	t	18	0	1711.276	0	0	1327		0	f
2924	2025-07-14	2025-07-14	t	\N	17	0	0	151	0	Frete	1	f
2925	2025-07-15	2025-07-15	t	26	0	1700	0	0	1333	pix 400 de entrada em dinheiro	0	f
2926	2025-07-15	2025-07-15	t	26	0	500	0	0	1332	pix	0	f
2927	2025-07-15	2025-07-15	t	26	0	100	0	0	1332	dinheiro	0	f
2928	2025-07-15	2025-07-15	t	18	0	1414.2156	0	0	1332		0	f
2929	2025-07-15	2025-07-15	t	18	0	207.023	0	0	1332		0	f
2930	2025-07-15	2025-07-15	t	26	0	1700	0	0	1331	pix	0	f
2931	2025-07-15	2025-07-15	t	18	0	1710.19	0	0	1330		0	f
2932	2025-07-15	2025-07-15	t	18	0	1710.19	0	0	1329		0	f
2933	2025-07-15	2025-07-15	t	18	0	1710.19	0	0	1328		0	f
2934	2025-07-15	2025-07-15	t	\N	17	0	0	150	0	Frete	1	f
2935	2025-07-15	2025-07-15	t	26	0	1700	0	0	1335	pix	0	f
2936	2025-07-15	2025-07-15	t	26	0	1650	0	0	1336	pix	0	f
2937	2025-07-15	2025-07-15	t	26	0	1250	0	0	1337	pix	0	f
2938	2025-07-15	2025-07-15	t	\N	17	0	300	0	0	Propaganda iPhone 11	1	f
2939	2025-07-15	2025-07-15	t	\N	17	0	190	157	0	[]	1	f
2940	2025-07-15	2025-07-15	t	\N	17	0	0	157	0	Frete	1	f
2941	2025-07-15	2025-07-15	t	\N	17	0	77	0	0	Capas e Acessrios iPhone 11	1	f
2942	2025-07-16	2025-07-16	t	\N	17	0	990	158	0	[]	1	f
2943	2025-07-16	2025-07-16	t	\N	17	0	870	159	0	[]	1	f
2944	2025-07-16	2025-07-16	t	26	0	1650	0	0	1340	dinheiro	0	f
2945	2025-07-16	2025-07-16	t	26	0	1000	0	0	1339	pix	0	f
2946	2025-07-16	2025-07-16	t	18	0	703.3032000000001	0	0	1339		0	f
2947	2025-07-20	2025-07-20	t	18	0	1710.19	0	0	1342		0	f
2948	2025-07-20	2025-07-20	t	26	0	1700	0	0	1341	dinheiro	0	f
2949	2025-07-20	2025-07-20	t	26	0	1130	0	0	1343	pix	0	f
2950	2025-07-20	2025-07-20	t	18	0	2775.824	0	0	1343		0	f
2953	2025-07-21	2025-07-21	t	\N	17	0	76152	162	0	[]	1	f
2954	2025-07-21	2025-07-21	t	\N	17	0	6068	163	0	[]	1	f
2955	2025-07-21	2025-07-21	t	\N	17	0	0	162	0	Frete	1	f
2956	2025-07-21	2025-07-21	t	\N	17	0	0	163	0	Frete	1	f
2957	2025-07-21	2025-07-21	t	26	0	350	0	0	1347	pix	0	f
2958	2025-07-21	2025-07-21	t	18	0	1359.151	0	0	1347		0	f
2959	2025-07-21	2025-07-21	t	26	0	1650	0	0	1346	pix	0	f
2960	2025-07-21	2025-07-21	t	18	0	1711.9451999999999	0	0	1345		0	f
2961	2025-07-21	2025-07-21	t	26	0	2000	0	0	1344	pix	0	f
2962	2025-07-21	2025-07-21	t	18	0	1710.19	0	0	1344		0	f
2963	2025-07-21	2025-07-21	t	17	0	105	0	0	1271		0	f
2964	2025-07-21	2025-07-21	t	17	0	96	0	0	1305		0	f
2965	2025-07-21	2025-07-21	t	\N	17	0	140	0	0	Bateria 12 Pro	1	f
2966	2025-07-21	2025-07-21	t	\N	17	0	373	0	0	Capinhas e peliculas	1	f
2967	2025-07-22	2025-07-22	t	\N	17	0	100	0	0	Capinhas e peliculas	1	f
2968	2025-07-22	2025-07-22	t	26	0	1700	0	0	1348	pix	0	f
2969	2025-07-22	2025-07-22	t	\N	17	0	300	0	0	Propaganda iPhone 11	1	f
2970	2025-07-23	2025-07-23	t	26	0	1000	0	0	1351	pix	0	f
2971	2025-07-23	2025-07-23	t	18	0	702.6497999999999	0	0	1351		0	f
2972	2025-07-23	2025-07-23	t	\N	17	0	0	155	0	Frete	1	f
2973	2025-07-23	2025-07-23	t	\N	17	0	0	153	0	Frete	1	f
2974	2025-07-23	2025-07-23	t	\N	-1	0	800	164	1356	Recebimento de Aparelho	1	f
2975	2025-07-23	2025-07-23	t	-1	0	800	0	0	1356	Recebimento de Aparelho	0	f
2976	2025-07-23	2025-07-23	t	26	0	2500	0	0	1354	dinheiro	0	f
2977	2025-07-23	2025-07-23	t	26	0	800	0	0	1355	pix	0	f
2978	2025-07-23	2025-07-23	t	18	0	906.1929	0	0	1355		0	f
2979	2025-07-23	2025-07-23	t	18	0	4806.2064	0	0	1356		0	f
2980	2025-07-24	2025-07-24	t	23	0	4500	0	0	1357		0	f
2981	2025-07-01	2025-08-02	t	\N	22	0	103	0	0	Contador EUA	5.5314581272257595	t
2982	2025-07-01	2025-08-02	t	\N	22	0	33	0	0	Mensalidade Chase	5.531536699282202	t
2983	2025-07-01	2025-08-02	t	\N	17	0	2000	0	0	Aluguel	1	f
2984	2025-07-01	2025-08-02	t	\N	17	0	2109.6	0	0	Wanderley	1	f
2985	2025-07-01	2025-08-02	t	\N	17	0	1805	0	0	Samia	1	f
2986	2025-07-01	2025-08-02	t	\N	17	0	1200	0	0	Estagirio Italo	1	f
2987	2025-07-01	2025-08-02	t	\N	17	0	500	0	0	Vinicius	1	f
2988	2025-08-02	2025-08-02	t	18	0	1906.3254	0	0	1358		0	f
2989	2025-08-02	2025-08-02	t	18	0	1709.3232	0	0	1359		0	f
2990	2025-08-02	2025-08-02	t	18	0	3393.377	0	0	1360		0	f
2991	2025-08-02	2025-08-02	t	18	0	3537.393	0	0	1361		0	f
2992	2025-08-02	2025-08-02	t	18	0	3913.0176	0	0	1362		0	f
2993	2025-08-02	2025-08-02	t	26	0	1900	0	0	1363	dinheiro	0	f
2994	2025-08-02	2025-08-02	t	26	0	1000	0	0	1363		0	f
2996	2025-08-02	2025-08-02	t	26	0	600	0	0	1364	pix	0	f
2997	2025-08-02	2025-08-02	t	26	0	650	0	0	1364	dinheiro	0	f
2998	2025-08-02	2025-08-02	t	26	0	1350	0	0	1365	pix	0	f
2999	2025-08-02	2025-08-02	t	17	0	350	0	0	1365	perda mas na verdade foi vendido por 1350	0	f
3000	2025-08-02	2025-08-02	t	18	0	855.095	0	0	1366		0	f
3001	2025-08-02	2025-08-02	t	18	0	855.095	0	0	1366		0	f
3002	2025-08-02	2025-08-02	t	17	0	1500	0	0	1367	carto de crdito 1840 10 dar pro William 150	0	f
3003	2025-08-02	2025-08-02	t	26	0	400	0	0	1368	pix	0	f
3004	2025-08-02	2025-08-02	t	18	0	252.3951	0	0	1368		0	f
3005	2025-08-02	2025-08-02	t	18	0	606.645	0	0	1368		0	f
3006	2025-08-02	2025-08-02	t	26	0	2000	0	0	1358	pix	0	f
3007	2025-08-02	2025-08-02	t	26	0	120	0	0	1361	TH Cell	0	f
3008	2025-08-02	2025-08-02	t	26	0	400	0	0	1360	dinheiro	0	f
3009	2025-08-02	2025-08-02	t	26	0	3650	0	0	1369		0	f
3010	2025-08-02	2025-08-02	t	26	0	1700	0	0	1370		0	f
3011	2025-08-02	2025-08-02	t	26	0	1700	0	0	1371		0	f
3012	2025-08-04	2025-08-04	t	\N	17	0	0	159	0	Frete	1	f
3013	2025-08-04	2025-08-04	t	\N	17	0	2395	165	0	[]	1	f
3014	2025-08-04	2025-08-04	t	\N	17	0	300	0	0	Propaganda iPhone 11	1	f
3015	2025-08-04	2025-08-04	t	\N	17	0	0	158	0	Frete	1	f
3016	2025-08-05	2025-08-05	t	\N	-1	0	2200	166	1384	Recebimento de Aparelho	1	f
3017	2025-08-05	2025-08-05	t	-1	0	2200	0	0	1384	Recebimento de Aparelho	0	f
3018	2025-08-05	2025-08-05	t	26	0	300	0	0	1381	dinheiro	0	f
3019	2025-08-05	2025-08-05	t	18	0	1414.2156	0	0	1381		0	f
3020	2025-08-05	2025-08-05	t	18	0	1711.9451999999999	0	0	1382		0	f
3021	2025-08-05	2025-08-05	t	26	0	1700	0	0	1384	especie	0	f
3022	2025-08-05	2025-08-05	t	18	0	1656.184	0	0	1385		0	f
3023	2025-08-05	2025-08-05	t	26	0	3700	0	0	1386	pix	0	f
3024	2025-08-05	2025-08-05	t	26	0	1500	0	0	1387		0	f
3025	2025-08-05	2025-08-05	t	26	0	400	0	0	1389	PIX	0	f
3026	2025-08-05	2025-08-05	t	18	0	1305.145	0	0	1389		0	f
3027	2025-08-05	2025-08-05	t	26	0	1462	0	0	1388	pix	0	f
3028	2025-08-05	2025-08-05	t	18	0	190.42	0	0	1388		0	f
3029	2025-08-05	2025-08-05	t	26	0	100	0	0	1363	pix	0	f
3030	2025-08-06	2025-08-06	t	18	0	48.055	0	0	1396		0	f
3031	2025-08-06	2025-08-06	t	18	0	1706.2446	0	0	1395		0	f
3032	2025-08-06	2025-08-06	t	18	0	886.1	0	0	1394		0	f
3033	2025-08-06	2025-08-06	t	18	0	825.8452	0	0	1394		0	f
3034	2025-08-06	2025-08-06	t	26	0	1300	0	0	1393	dinheiro	0	f
3035	2025-08-06	2025-08-06	t	18	0	152.33599999999998	0	0	1393		0	f
3036	2025-08-06	2025-08-06	t	18	0	985.1	0	0	1392		0	f
3037	2025-08-06	2025-08-06	t	18	0	2711.466	0	0	1392		0	f
3038	2025-08-06	2025-08-06	t	17	0	3.4340000000001965	0	0	1392	Perda	0	f
3039	2025-08-06	2025-08-06	t	26	0	1700	0	0	1391	pix	0	f
3040	2025-08-06	2025-08-06	t	26	0	1650	0	0	1396	pix	0	f
3041	2025-08-06	2025-08-06	t	17	0	1.9449999999999363	0	0	1396	perda	0	f
3042	2025-08-07	2025-08-07	t	26	0	2150	0	0	1383		0	f
3043	2025-08-07	2025-08-07	t	26	0	1700	0	0	1400	pix	0	f
3044	2025-08-07	2025-08-07	t	18	0	1512.1680000000001	0	0	1399		0	f
3045	2025-08-07	2025-08-07	t	26	0	200	0	0	1399		0	f
3046	2025-08-07	2025-08-07	t	26	0	1100	0	0	1401	dinheiro	0	f
3047	2025-08-07	2025-08-07	t	18	0	604.0467	0	0	1401		0	f
3048	2025-08-07	2025-08-07	t	\N	17	0	204	0	0	Capinhas e peliculas	1	f
3049	2025-08-10	2025-08-10	t	\N	-1	0	6450	167	1407	Recebimento de Aparelho	1	f
3050	2025-08-10	2025-08-10	t	-1	0	6450	0	0	1407	Recebimento de Aparelho	0	f
3051	2025-08-11	2025-08-11	t	18	0	3710.9868	0	0	1402		0	f
3052	2025-08-11	2025-08-11	t	18	0	3710.9868	0	0	1403		0	f
3053	2025-08-11	2025-08-11	t	18	0	1709.7695999999999	0	0	1404		0	f
3054	2025-08-11	2025-08-11	t	18	0	3772.3487999999998	0	0	1405		0	f
3055	2025-08-11	2025-08-11	t	26	0	1700	0	0	1406	pix	0	f
3056	2025-08-11	2025-08-11	t	17	0	1535	0	0	1408	carto de 1840 10x Samia	0	f
3057	2025-08-11	2025-08-11	t	18	0	855.095	0	0	1407		0	f
3058	2025-08-11	2025-08-11	t	17	0	94.90499999999975	0	0	1407	perda	0	f
3059	2025-08-11	2025-08-11	t	\N	17	0	300	0	0	Propaganda iPhone 11	1	f
3060	2025-08-11	2025-08-11	t	26	0	1700	0	0	1411	pix	0	f
3061	2025-08-11	2025-08-11	t	26	0	3550	0	0	1412	Venda atrasada	0	f
3062	2025-08-12	2025-08-12	t	\N	-1	0	1400	168	1416	Recebimento de Aparelho	1	f
3063	2025-08-12	2025-08-12	t	-1	0	1400	0	0	1416	Recebimento de Aparelho	0	f
3064	2025-08-12	2025-08-12	t	26	0	1700	0	0	1413	pix	0	f
3065	2025-08-12	2025-08-12	t	26	0	1700	0	0	1414	pix	0	f
3066	2025-08-12	2025-08-12	t	26	0	2550	0	0	1415	pix	0	f
3067	2025-08-12	2025-08-12	t	17	0	1950	0	0	1416	pix	0	f
3068	2025-08-12	2025-08-12	t	17	0	200	0	0	1416	perda	0	f
3069	2025-08-12	2025-08-12	t	26	0	2550	0	0	1417	pix	0	f
3070	2025-08-12	2025-08-12	t	18	0	2556.284	0	0	1418		0	f
3071	2025-08-12	2025-08-12	t	26	0	3750	0	0	1419	1450 pix 2300 dinheiro	0	f
3072	2025-08-12	2025-08-12	t	26	0	1700	0	0	1420	pix	0	f
3073	2025-08-12	2025-08-12	t	18	0	1710.19	0	0	1421		0	f
3074	2025-08-12	2025-08-12	t	18	0	1706.2446	0	0	1422		0	f
3075	2025-08-13	2025-08-13	t	26	0	1500	0	0	1423	pix	0	f
\.


--
-- Data for Name: Contas_recebimentocartao; Type: TABLE DATA; Schema: public; Owner: unicatech
--

COPY public."Contas_recebimentocartao" (id, criados, modificado, ativo, valor, parcelas, bandeira, identificador_venda, conta_cartao_id, valor_liquido) FROM stdin;
4	2023-11-12	2023-11-12	t	3240	10	Mastercard	5	18	0
5	2023-11-11	2023-11-12	t	1290	1	Visa	5	18	0
6	2023-11-13	2023-11-14	t	1600	10	Mastercard	5	18	0
7	2023-11-14	2023-11-14	t	2750	10	Mastercard	5	18	0
8	2023-11-14	2023-11-14	t	600	3	Mastercard	5	18	0
9	2023-11-15	2023-11-16	t	3270	10	Elo	5	18	0
10	2023-11-16	2023-11-16	t	600	10	Mastercard	5	18	0
11	2023-11-20	2023-11-21	t	1500	6	Mastercard	5	18	0
12	2023-11-20	2023-11-21	t	1390	10	Mastercard	5	18	0
13	2023-11-21	2023-11-21	t	2850	3	Mastercard	5	18	0
14	2023-11-21	2023-11-21	t	1400	10	Mastercard	5	18	0
15	2023-11-21	2023-11-21	t	1560	10	Mastercard	5	18	0
16	2023-11-21	2023-11-21	t	1548	9	Mastercard	5	18	0
17	2023-11-23	2023-11-23	t	1200	1	Mastercard	7	17	0
18	2023-11-23	2023-11-23	t	1208	8	Mastercard	5	18	0
19	2023-11-23	2023-11-23	t	10	1	Mastercard	5	18	0
20	2023-11-23	2023-11-23	t	10	1	Mastercard	5	17	0
21	2023-11-24	2023-11-24	t	1750	1	Visa	5	18	0
22	2023-11-24	2023-11-24	t	3100	10	Visa	8	18	0
23	2023-11-24	2023-11-24	t	3100	10	Visa	9	18	0
24	2023-11-24	2023-11-24	t	2000	12	Mastercard	8	18	0
25	2023-11-24	2023-11-24	t	2000	10	Mastercard	8	18	0
26	2023-11-24	2023-11-24	t	300	1	Mastercard	5	17	0
27	2023-11-24	2023-11-24	t	800	1	Mastercard	10	17	0
28	2023-11-24	2023-11-24	t	1450	10	Mastercard	10	18	0
609	2024-05-07	2024-05-07	t	1442	12	Mastercard	315	18	1284.9662
30	2023-11-25	2023-11-25	t	60	1	Mastercard	5	17	0
31	2023-11-25	2023-11-25	t	956	4	Mastercard	13	18	0
612	2024-05-08	2024-05-08	t	2256	12	Mastercard	316	18	2010.3216
33	2023-11-25	2023-11-25	t	80	1	Mastercard	5	17	0
34	2023-11-25	2023-11-25	t	1500	10	Mastercard	5	18	0
613	2024-05-08	2024-05-08	t	3095	5	Mastercard	317	18	2903.4195
36	2023-11-27	2023-11-27	t	1120	10	Mastercard	14	18	0
37	2023-11-27	2023-11-28	t	1500	6	Mastercard	5	18	0
38	2023-11-28	2023-11-28	t	1620	10	Mastercard	6	18	0
39	2023-11-28	2023-11-28	t	2435.358	1	Mastercard	6	17	0
40	2023-11-28	2023-11-28	t	329.6586000000025	1	Mastercard	5	17	0
41	2023-11-28	2023-11-28	t	598.23	1	Mastercard	12	17	0
42	2023-11-28	2023-11-28	t	2928	12	Mastercard	15	18	0
43	2023-11-29	2023-11-30	t	990.8	1	Mastercard	8	17	0
44	2023-11-29	2023-11-30	t	1441.23	1	Mastercard	12	17	0
45	2023-11-30	2023-11-30	t	2220	10	Visa	17	18	0
46	2023-12-01	2023-12-01	t	1550	1	Mastercard	16	18	0
47	2023-12-02	2023-12-02	t	2120	4	Mastercard	18	18	0
48	2023-12-02	2023-12-02	t	800	1	Mastercard	18	17	0
49	2023-12-02	2023-12-02	t	2000	1	Mastercard	19	17	0
50	2023-12-02	2023-12-02	t	2000	1	Mastercard	20	17	0
614	2024-05-10	2024-05-10	t	3320	10	Mastercard	322	18	3001.612
52	2023-12-02	2023-12-02	t	1780	10	Mastercard	21	18	0
615	2024-05-11	2024-05-12	t	1989	9	Mastercard	326	18	1810.1889
617	2024-05-14	2024-05-14	t	3156	12	Mastercard	329	18	2812.3116
55	2023-12-04	2023-12-04	t	1440	10	Mastercard	23	18	0
618	2024-05-15	2024-05-15	t	1000	0	Mastercard	331	18	989.1
57	2023-12-02	2023-12-04	t	1700	12	Mastercard	16	18	0
58	2023-12-04	2023-12-04	t	2000	1	Mastercard	25	17	0
59	2023-12-02	2023-12-04	t	1790	10	Mastercard	25	18	0
60	2023-12-04	2023-12-04	t	1170	10	Mastercard	21	18	0
61	2023-12-04	2023-12-04	t	440	1	Mastercard	21	17	0
62	2023-12-04	2023-12-04	t	255.7	1	Mastercard	21	17	0
63	2023-12-05	2023-12-05	t	1632	3	Mastercard	26	18	0
64	2023-12-05	2023-12-05	t	3480	12	Mastercard	26	18	0
65	2023-12-05	2023-12-05	t	370	10	Elo	27	18	0
66	2023-12-05	2023-12-05	t	690	10	Mastercard	27	18	0
620	2024-05-20	2024-05-20	t	1547	1	Mastercard	341	18	1501.2088
68	2023-12-05	2023-12-05	t	80	1	Mastercard	27	17	0
69	2023-12-05	2023-12-05	t	260.53999999999996	1	Mastercard	12	17	0
70	2023-12-05	2023-12-05	t	46.77679999999964	1	Mastercard	26	17	0
71	2023-12-05	2023-12-05	t	87.20500000000084	1	Mastercard	21	17	0
72	2023-12-05	2023-12-05	t	45.47	1	Mastercard	16	17	0
73	2023-12-05	2023-12-05	t	1761.654	1	Mastercard	27	17	0
74	2023-12-05	2023-12-05	t	475.37	1	Mastercard	15	17	0
623	2024-05-21	2024-05-21	t	2256	12	Mastercard	343	18	2010.3216
76	2023-12-05	2023-12-05	t	80	1	Mastercard	16	17	0
77	2023-12-07	2023-12-07	t	1390	10	Mastercard	30	18	0
78	2023-11-17	2023-12-07	t	1800	12	Mastercard	30	18	0
79	2023-12-09	2023-12-09	t	1800	12	Mastercard	31	18	0
80	2023-12-08	2023-12-09	t	1460	2	Mastercard	30	18	0
81	2023-12-09	2023-12-09	t	265	5	Visa	15	18	0
82	2023-12-09	2023-12-09	t	2592	12	Mastercard	32	18	0
83	2023-12-09	2023-12-09	t	120	1	Mastercard	16	17	0
84	2023-12-12	2023-12-12	t	2700	12	Mastercard	33	18	0
85	2023-12-10	2023-12-12	t	1000	10	Mastercard	34	18	0
86	2023-12-11	2023-12-12	t	260	1	Mastercard	34	18	0
87	2023-12-12	2023-12-12	t	918	6	Visa	34	18	0
88	2023-12-12	2023-12-12	t	2592	12	Mastercard	35	18	0
90	2023-12-13	2023-12-13	t	1000	1	Mastercard	37	17	0
91	2023-12-13	2023-12-13	t	1000	1	Mastercard	38	17	0
92	2023-12-13	2023-12-13	t	792	12	Elo	38	18	0
93	2023-12-13	2023-12-13	t	792	12	Elo	38	18	0
94	2023-12-13	2023-12-13	t	2826	18	Mastercard	39	18	0
95	2023-12-13	2023-12-13	t	1792	7	Visa	40	18	0
96	2023-12-13	2023-12-13	t	300	1	Mastercard	34	17	0
97	2023-12-13	2023-12-13	t	2012	4	Mastercard	41	18	0
98	2023-12-13	2023-12-13	t	120	1	Mastercard	34	17	0
99	2023-12-13	2023-12-13	t	266.8926999999999	1	Mastercard	15	17	0
100	2023-12-13	2023-12-13	t	85.53999999999996	1	Mastercard	16	17	0
101	2023-12-13	2023-12-13	t	67.92819999999983	1	Mastercard	34	17	0
102	2023-12-13	2023-12-13	t	19.64	1	Mastercard	40	17	0
103	2023-12-13	2023-12-13	t	737.5749999999998	1	Mastercard	30	17	0
104	2023-12-13	2023-12-13	t	166.52	1	Mastercard	40	17	0
105	2023-12-14	2023-12-14	t	500	1	Mastercard	42	17	0
610	2024-05-07	2024-05-07	t	868	12	Mastercard	315	18	773.4748
107	2023-12-14	2023-12-14	t	1624	7	Mastercard	42	18	0
108	2023-12-14	2023-12-14	t	3270	3	Mastercard	43	18	0
109	2023-12-14	2023-12-14	t	2110	10	Mastercard	44	18	0
110	2023-12-14	2023-12-14	t	1890	10	Mastercard	45	18	0
111	2023-12-14	2023-12-14	t	200	1	Mastercard	45	17	0
112	2023-12-14	2023-12-14	t	280	1	Mastercard	45	17	0
113	2023-12-14	2023-12-14	t	557.8527999999999	1	Mastercard	40	17	0
114	2023-12-14	2023-12-14	t	12.22	1	Mastercard	43	17	0
115	2023-12-14	2023-12-14	t	152.22	1	Mastercard	45	17	0
116	2023-12-14	2023-12-14	t	297	1	Mastercard	43	17	0
117	2023-12-14	2023-12-14	t	392.9029999999998	1	Mastercard	43	17	0
118	2023-12-14	2023-12-14	t	139.03099999999995	1	Mastercard	45	17	0
616	2024-05-11	2024-05-12	t	1296	6	Mastercard	327	18	1208.0016
120	2023-12-16	2023-12-17	t	2088	12	Mastercard	46	18	0
121	2023-12-16	2023-12-17	t	1059	3	Mastercard	46	18	0
122	2023-12-19	2023-12-19	t	2136	12	Mastercard	49	18	0
619	2024-05-15	2024-05-15	t	522	2	Mastercard	334	18	501.1722
124	2023-12-19	2023-12-19	t	650	1	Mastercard	50	17	0
621	2024-05-20	2024-05-20	t	920	10	Mastercard	342	18	831.772
126	2023-12-19	2023-12-19	t	315	1	Mastercard	46	17	0
624	2024-05-21	2024-05-21	t	1750.02	10	Mastercard	346	18	1582.193082
128	2023-12-19	2023-12-19	t	600	10	Mastercard	47	18	0
129	2023-12-20	2023-12-20	t	1000	1	Mastercard	53	17	0
130	2023-12-20	2023-12-20	t	1055	10	Mastercard	53	18	0
131	2023-12-20	2023-12-20	t	1050	10	Mastercard	53	18	0
132	2023-12-20	2023-12-20	t	1050	10	Mastercard	53	18	0
133	2023-12-20	2023-12-20	t	1050	10	Mastercard	53	18	0
134	2023-12-20	2023-12-20	t	1055	10	Mastercard	53	18	0
135	2023-12-20	2023-12-20	t	1055	10	Mastercard	53	18	0
626	2024-05-23	2024-05-23	t	1692	12	Visa	349	18	1507.7412
137	2023-12-20	2023-12-20	t	1890	10	Mastercard	54	18	0
138	2023-12-20	2023-12-20	t	750	3	Mastercard	47	18	0
139	2023-12-20	2023-12-20	t	300	2	Mastercard	47	18	0
140	2023-12-20	2023-12-20	t	1550	10	Mastercard	50	18	0
141	2023-12-20	2023-12-20	t	650	3	Mastercard	48	18	0
142	2023-12-20	2023-12-20	t	720	1	Mastercard	48	18	0
143	2023-12-20	2023-12-20	t	780	10	Mastercard	48	18	0
717	2024-08-20	2024-08-20	t	3096	12	Mastercard	596	18	2758.8456
729	2024-08-27	2024-08-27	t	1450	10	Mastercard	628	18	1310.945
742	2024-09-05	2024-09-05	t	3550.0200000000004	18	Mastercard	650	18	3021.422022
747	2024-09-06	2024-09-06	t	3050	10	Mastercard	655	18	2757.505
754	2024-09-10	2024-09-10	t	2148	12	Mastercard	665	18	1914.0828
759	2024-09-11	2024-09-11	t	3036	12	Mastercard	672	18	2705.3796
150	2023-12-21	2023-12-21	t	4608	12	Mastercard	56	18	0
764	2024-09-12	2024-09-12	t	3050	10	Mastercard	676	18	2757.505
152	2023-12-22	2023-12-22	t	2592	12	Visa	58	18	0
774	2024-09-19	2024-09-19	t	3050	10	Mastercard	689	18	2757.505
779	2024-09-26	2024-09-26	t	3400	10	Mastercard	694	18	3073.94
786	2024-10-10	2024-10-10	t	100	0	Mastercard	706	18	98.91
792	2024-11-02	2024-11-02	t	3384	12	Mastercard	720	18	3015.4824
806	2024-12-07	2024-12-07	t	3110	10	Mastercard	770	18	2811.751
810	2024-12-12	2024-12-12	t	9350	10	Mastercard	783	18	8453.335000000001
816	2024-12-19	2024-12-19	t	1560	6	Mastercard	802	18	1454.076
820	2024-12-23	2024-12-23	t	700	12	Mastercard	817	18	623.77
828	2025-01-06	2025-01-06	t	3110	10	Mastercard	842	18	2811.751
833	2025-01-09	2025-01-09	t	2200	0	Mastercard	853	18	2176.02
839	2025-01-17	2025-01-17	t	890	10	Mastercard	869	18	804.649
164	2023-12-26	2023-12-26	t	2192	8	Mastercard	64	18	0
844	2025-01-31	2025-01-31	t	2550	10	Mastercard	888	18	2305.455
166	2023-12-27	2023-12-27	t	2250	18	Mastercard	66	18	0
846	2025-02-01	2025-02-01	t	2550	10	Mastercard	889	18	2305.455
850	2025-02-14	2025-02-14	t	2460	12	Mastercard	909	18	2165.046
169	2023-12-27	2023-12-27	t	740	12	Mastercard	68	18	0
170	2023-12-27	2023-12-27	t	1990.586	12	Mastercard	68	18	0
171	2023-12-27	2023-12-27	t	680	12	Mastercard	68	18	0
172	2023-12-27	2023-12-27	t	800	12	Mastercard	68	18	0
173	2023-12-27	2023-12-27	t	430	12	Mastercard	68	18	0
853	2025-02-19	2025-02-19	t	47710	10	Mastercard	916	18	42628.884999999995
175	2023-12-27	2023-12-27	t	1875	12	Visa	69	18	0
859	2025-03-01	2025-03-01	t	3120	12	Mastercard	939	18	2764.632
179	2023-12-28	2023-12-28	t	1270	8	Mastercard	63	18	0
180	2023-12-29	2023-12-29	t	2655	15	Mastercard	71	18	0
182	2023-12-29	2023-12-29	t	4024	4	Mastercard	73	18	0
611	2024-05-07	2024-05-07	t	618	12	Mastercard	315	18	550.6998
622	2024-05-20	2024-05-20	t	1300	10	Mastercard	342	18	1175.33
625	2024-05-21	2024-05-21	t	516	1	Mastercard	345	18	500.7264
186	2023-12-30	2023-12-30	t	1100	10	Mastercard	75	18	0
627	2024-05-23	2024-05-23	t	2440	10	Mastercard	352	18	2206.004
630	2024-05-26	2024-05-26	t	418	2	Mastercard	369	18	401.3218
189	2023-12-31	2023-12-31	t	800	8	Mastercard	67	18	0
631	2024-05-27	2024-05-27	t	1340	10	Mastercard	370	18	1211.494
191	2024-01-02	2024-01-02	t	85	1	Mastercard	63	18	0
632	2024-05-28	2024-05-28	t	1830	6	Mastercard	374	18	1705.7430000000002
634	2024-05-29	2024-05-29	t	1336	8	Mastercard	376	18	1222.5736
194	2024-01-03	2024-01-03	t	200	3	Mastercard	63	18	0
195	2024-01-03	2024-01-03	t	1300	10	Visa	75	18	0
196	2024-01-03	2024-01-03	t	381	6	Mastercard	63	18	0
636	2024-05-31	2024-05-31	t	1463	7	Mastercard	382	18	1351.9583
198	2024-01-04	2024-01-04	t	1240	12	Mastercard	78	18	0
638	2024-06-02	2024-06-02	t	3110	10	Elo	384	18	2811.751
642	2024-06-06	2024-06-06	t	1500	10	Mastercard	390	18	1356.15
644	2024-06-07	2024-06-07	t	2250	12	Mastercard	394	18	2004.975
202	2024-01-04	2024-01-04	t	2472	6	Mastercard	79	18	0
203	2024-01-08	2024-01-08	t	3828	12	Mastercard	81	18	0
204	2024-01-08	2024-01-08	t	482	5	Mastercard	80	18	0
205	2024-01-08	2024-01-08	t	482	5	Mastercard	80	18	0
645	2024-06-08	2024-06-08	t	1890	10	Mastercard	398	18	1708.749
646	2024-06-10	2024-06-10	t	1300	10	Mastercard	400	18	1175.33
651	2024-06-12	2024-06-12	t	2300	3	Mastercard	408	18	2187.53
209	2024-01-11	2024-01-11	t	1120	10	Mastercard	83	18	0
210	2024-01-13	2024-01-13	t	160	1	Mastercard	84	18	0
655	2024-06-13	2024-06-13	t	1980	2	Mastercard	411	18	1900.9979999999998
656	2024-06-14	2024-06-14	t	1692	12	Mastercard	412	18	1507.7412
657	2024-06-15	2024-06-15	t	2110	10	Mastercard	416	18	1907.651
658	2024-06-17	2024-06-17	t	168	2	Mastercard	417	18	161.2968
659	2024-06-17	2024-06-17	t	965	5	Mastercard	420	18	905.2665000000001
660	2024-06-19	2024-06-19	t	2110	10	Mastercard	425	18	1907.651
664	2024-06-21	2024-06-21	t	418	2	Mastercard	435	18	401.3218
667	2024-06-23	2024-06-23	t	4392	12	Mastercard	439	18	3913.7112
219	2024-01-16	2024-01-16	t	3078	18	Visa	89	18	0
220	2024-01-16	2024-01-16	t	3078	18	Visa	90	18	0
669	2024-06-28	2024-06-28	t	3000	10	Mastercard	447	18	2712.3
671	2024-07-06	2024-07-06	t	956	4	Mastercard	486	18	903.5156000000001
674	2024-07-09	2024-07-09	t	2256	12	Mastercard	497	18	2010.3216
677	2024-07-15	2024-07-15	t	1398	6	Mastercard	511	18	1303.0758
678	2024-07-17	2024-07-17	t	2890	10	Mastercard	515	18	2612.849
681	2024-07-18	2024-07-18	t	4528	16	Mastercard	519	18	3908.1168
227	2024-01-27	2024-01-27	t	1605	5	Mastercard	104	18	0
683	2024-07-20	2024-07-20	t	2928	12	Mastercard	522	18	2609.1408
229	2024-01-29	2024-01-29	t	1584	12	Mastercard	105	18	0
230	2024-01-29	2024-01-29	t	912	12	Mastercard	105	18	0
686	2024-07-23	2024-07-23	t	2500	10	Mastercard	523	18	2260.25
687	2024-07-24	2024-07-24	t	1450	10	Mastercard	531	18	1310.945
691	2024-07-27	2024-07-27	t	1560	10	Mastercard	537	18	1410.396
234	2024-01-30	2024-01-30	t	1736	7	Mastercard	108	18	0
694	2024-07-30	2024-07-30	t	1860	12	Mastercard	541	18	1657.446
236	2024-01-30	2024-01-30	t	2148	12	Mastercard	110	18	0
696	2024-07-30	2024-07-30	t	3240	15	Mastercard	544	18	2819.124
698	2024-07-31	2024-07-31	t	1925	5	Mastercard	547	18	1805.8425000000002
699	2024-08-01	2024-08-01	t	1450	10	Mastercard	551	18	1310.945
240	2024-02-01	2024-02-01	t	2028	12	Mastercard	113	17	0
700	2024-08-02	2024-08-02	t	2028	12	Mastercard	552	18	1807.1508000000001
242	2024-02-02	2024-02-02	t	540	5	Mastercard	114	18	0
703	2024-08-08	2024-08-08	t	3096	12	Mastercard	566	18	2758.8456
244	2024-02-03	2024-02-03	t	2085	15	Mastercard	115	18	0
705	2024-08-09	2024-08-09	t	2000	10	Mastercard	573	18	1808.2
246	2024-02-03	2024-02-03	t	1188	15	Mastercard	116	18	0
247	2024-02-03	2024-02-03	t	1938	6	Visa	117	18	0
706	2024-08-09	2024-08-09	t	1104	8	Mastercard	575	18	1010.2704
707	2024-08-14	2024-08-14	t	2050	10	Mastercard	580	18	1853.405
711	2024-08-15	2024-08-15	t	3036	12	Mastercard	584	18	2705.3796
712	2024-08-16	2024-08-16	t	1710	9	Mastercard	585	18	1556.271
252	2024-02-05	2024-02-05	t	100	1	Mastercard	120	18	0
718	2024-08-21	2024-08-21	t	210	2	Mastercard	600	18	201.62099999999998
719	2024-08-22	2024-08-22	t	2424	12	Mastercard	603	18	2160.0264
721	2024-08-23	2024-08-23	t	1584	12	Mastercard	612	18	1411.5024
256	2024-02-06	2024-02-06	t	1320	8	Mastercard	121	18	0
724	2024-08-25	2024-08-25	t	2412	12	Mastercard	616	18	2149.3332
258	2024-02-07	2024-02-07	t	1976	8	Mastercard	123	18	0
259	2024-02-09	2024-02-09	t	4320	10	Mastercard	125	18	0
260	2024-02-09	2024-02-09	t	3300	10	Mastercard	125	18	0
730	2024-08-27	2024-08-27	t	2065	7	Mastercard	629	18	1908.2665000000002
732	2024-08-29	2024-08-29	t	314	2	Mastercard	631	18	301.47139999999996
263	2024-02-09	2024-02-09	t	100	1	Mastercard	126	18	0
737	2024-08-30	2024-08-30	t	4500	12	Mastercard	638	18	4009.95
266	2024-02-10	2024-02-10	t	2000	10	Mastercard	130	18	0
628	2024-05-23	2024-05-23	t	590	5	Mastercard	355	18	553.479
633	2024-05-28	2024-05-28	t	1830	6	Mastercard	375	18	1705.7430000000002
635	2024-05-29	2024-05-29	t	700	10	Mastercard	378	18	632.87
637	2024-05-31	2024-05-31	t	1463	7	Mastercard	382	18	1351.9583
639	2024-06-01	2024-06-02	t	2148	12	Mastercard	385	18	1914.0828
643	2024-06-06	2024-06-06	t	3000	10	Mastercard	391	18	2712.3
647	2024-06-10	2024-06-10	t	1810	10	Mastercard	400	18	1636.421
652	2024-06-12	2024-06-12	t	2046	6	Mastercard	409	18	1907.0766
661	2024-06-19	2024-06-19	t	3000	10	Mastercard	426	18	2712.3
665	2024-06-21	2024-06-21	t	972	6	Mastercard	435	18	906.0012
668	2024-06-23	2024-06-23	t	4392	12	Mastercard	441	18	3913.7112
670	2024-06-30	2024-06-30	t	2110	10	Mastercard	449	18	1907.651
672	2024-07-06	2024-07-06	t	418	2	Mastercard	487	18	401.3218
675	2024-07-10	2024-07-10	t	2000.0200000000004	6	Mastercard	500	18	1864.2186420000005
679	2024-07-17	2024-07-17	t	423	3	Mastercard	516	18	402.31530000000004
682	2024-07-18	2024-07-18	t	1614	6	Mastercard	520	18	1504.4094
684	2024-07-22	2024-07-22	t	156	0	Mastercard	524	18	154.2996
688	2024-07-24	2024-07-24	t	1925	5	Mastercard	530	18	1805.8425000000002
692	2024-07-27	2024-07-27	t	1328	12	Mastercard	538	18	1183.3808
695	2024-07-30	2024-07-30	t	860	6	Mastercard	542	18	801.606
697	2024-07-30	2024-07-30	t	3012	6	Mastercard	545	18	2807.4852
701	2024-08-06	2024-08-06	t	3050	10	Mastercard	564	18	2757.505
704	2024-08-08	2024-08-08	t	1506	6	Mastercard	567	18	1403.7426
708	2024-08-14	2024-08-14	t	1000	10	Mastercard	580	18	904.1
713	2024-08-19	2024-08-19	t	4608	18	Mastercard	591	18	3921.8687999999997
720	2024-08-22	2024-08-22	t	2424	12	Mastercard	607	18	2160.0264
722	2024-08-23	2024-08-23	t	1780	10	Mastercard	614	18	1609.298
725	2024-08-26	2024-08-26	t	2000	10	Mastercard	621	18	1808.2
731	2024-08-27	2024-08-27	t	2424	12	Mastercard	630	18	2160.0264
733	2024-08-29	2024-08-29	t	860	5	Mastercard	634	18	806.7660000000001
738	2024-09-02	2024-09-02	t	2736	0	Mastercard	641	18	2706.1776
743	2024-09-05	2024-09-05	t	1950	10	Mastercard	648	18	1762.9950000000001
748	2024-09-06	2024-09-06	t	2280	4	Mastercard	654	18	2154.828
755	2024-09-10	2024-09-10	t	2030	5	Mastercard	664	18	1904.343
760	2024-09-11	2024-09-11	t	430	5	Mastercard	668	18	403.38300000000004
765	2024-09-12	2024-09-12	t	3300	10	Mastercard	674	18	2983.53
775	2024-09-19	2024-09-19	t	2110	10	Mastercard	688	18	1907.651
793	2024-11-02	2024-11-02	t	1060	10	Mastercard	720	18	958.346
821	2024-12-23	2024-12-23	t	2000	12	Mastercard	817	18	1782.2
829	2025-01-06	2025-01-06	t	3312	18	Mastercard	841	18	2818.8432
834	2025-01-09	2025-01-09	t	2780	10	Mastercard	852	18	2513.398
851	2025-02-15	2025-02-15	t	840	3	Mastercard	912	18	792.792
860	2025-03-01	2025-03-01	t	2376	12	Mastercard	941	18	2105.3736
862	2025-03-05	2025-03-05	t	1010	10	Mastercard	951	18	909.101
315	2024-02-15	2024-02-15	t	1614	6	Mastercard	134	18	0
865	2025-03-08	2025-03-08	t	1492	4	Mastercard	956	18	1402.6292
317	2024-02-15	2024-02-15	t	540	5	Mastercard	135	18	0
868	2025-03-08	2025-03-08	t	3168	12	Mastercard	958	18	2807.1648
870	2025-03-10	2025-03-10	t	3120	12	Mastercard	962	18	2764.632
871	2025-03-12	2025-03-12	t	2230	10	Mastercard	978	18	2007.223
874	2025-03-14	2025-03-14	t	3180	10	Mastercard	984	18	2862.318
877	2025-03-15	2025-03-15	t	1950	10	Mastercard	986	18	1755.195
879	2025-03-17	2025-03-17	t	53	1	Mastercard	989	18	50.9383
880	2025-03-18	2025-03-18	t	2292	12	Mastercard	994	18	2030.9412
883	2025-03-20	2025-03-20	t	2268	12	Mastercard	997	18	2009.6748
885	2025-03-20	2025-03-20	t	5445	15	Mastercard	999	18	4710.4695
888	2025-03-23	2025-03-23	t	4416	12	Mastercard	1006	18	3913.0176
328	2024-02-19	2024-02-20	t	1976	8	Mastercard	140	18	0
329	2024-02-20	2024-02-20	t	1925	5	Mastercard	141	18	0
890	2025-03-26	2025-03-26	t	350.02	0	Mastercard	1009	18	344.80470199999996
331	2024-02-21	2024-02-21	t	1592	4	Mastercard	142	18	0
332	2024-02-22	2024-02-22	t	1656	9	Mastercard	143	18	0
892	2025-03-26	2025-03-26	t	2450	10	Mastercard	1011	18	2205.245
895	2025-03-31	2025-03-31	t	2888	8	Mastercard	1022	18	2637.0328
335	2024-02-22	2024-02-22	t	2028	12	Mastercard	145	18	0
897	2025-04-01	2025-04-01	t	2120	10	Mastercard	1026	18	1908.212
901	2025-04-03	2025-04-03	t	3060	12	Mastercard	1040	18	2711.466
903	2025-04-04	2025-04-04	t	3335	10	Mastercard	1046	18	3001.8335
905	2025-04-05	2025-04-05	t	1825	5	Mastercard	1048	18	1703.2725
340	2024-02-24	2024-02-24	t	1398	6	Mastercard	149	18	0
341	2024-02-24	2024-02-24	t	696	6	Mastercard	149	18	0
907	2025-04-07	2025-04-07	t	3010	10	Mastercard	1051	18	2709.301
909	2025-04-08	2025-04-08	t	2208	12	Mastercard	1060	18	1956.5088
344	2024-02-24	2024-02-24	t	1960	8	Mastercard	151	18	0
912	2025-04-11	2025-04-11	t	3010	10	Mastercard	1065	18	2709.301
346	2024-02-24	2024-02-24	t	1782	12	Visa	152	18	0
347	2024-02-24	2024-02-24	t	1000	12	Mastercard	152	18	0
348	2024-02-24	2024-02-24	t	782	18	Visa	152	18	0
349	2024-02-24	2024-02-24	t	1782	18	Visa	152	18	0
914	2025-04-11	2025-04-11	t	1648	16	Mastercard	1069	18	1419.0928
916	2025-04-12	2025-04-12	t	2120	10	Mastercard	1072	18	1908.212
358	2024-02-29	2024-02-29	t	1208	8	Visa	156	18	0
629	2024-05-23	2024-05-23	t	590	5	Mastercard	355	18	553.479
640	2024-06-01	2024-06-02	t	2148	12	Mastercard	386	18	1914.0828
362	2024-03-02	2024-03-02	t	1340	10	Mastercard	159	18	0
648	2024-06-10	2024-06-10	t	5540	10	Mastercard	399	18	5008.714
653	2024-06-12	2024-06-12	t	3222	6	Mastercard	410	18	3003.2262
662	2024-06-19	2024-06-19	t	1120	10	Mastercard	428	18	1012.592
666	2024-06-21	2024-06-21	t	1670	10	Mastercard	432	18	1509.847
673	2024-07-06	2024-07-06	t	4104	3	Mastercard	489	18	3903.3144
676	2024-07-10	2024-07-10	t	2046	6	Mastercard	500	18	1907.0766
680	2024-07-17	2024-07-17	t	3490	10	Mastercard	517	18	3155.309
685	2024-07-22	2024-07-22	t	2000	10	Mastercard	525	18	1808.2
689	2024-07-25	2024-07-25	t	2000	10	Mastercard	536	18	1808.2
693	2024-07-27	2024-07-27	t	1328	12	Mastercard	538	18	1183.3808
373	2024-03-04	2024-03-04	t	2028	12	Mastercard	177	18	0
702	2024-08-06	2024-08-06	t	3096	12	Mastercard	565	18	2758.8456
709	2024-08-14	2024-08-14	t	1285	5	Mastercard	582	18	1205.4585
714	2024-08-19	2024-08-19	t	1140	12	Mastercard	592	18	1015.854
377	2024-03-06	2024-03-06	t	4820	10	Mastercard	180	18	0
723	2024-08-23	2024-08-23	t	1380	4	Mastercard	611	18	1304.238
726	2024-08-26	2024-08-26	t	2000	10	Mastercard	618	18	1808.2
734	2024-08-29	2024-08-29	t	1850	10	Mastercard	633	18	1672.585
381	2024-03-07	2024-03-07	t	2000	10	Mastercard	183	18	0
739	2024-09-03	2024-09-03	t	1890	10	Mastercard	642	18	1708.749
744	2024-09-05	2024-09-05	t	4194	18	Mastercard	650	18	3569.5134
749	2024-09-06	2024-09-06	t	2016	4	Mastercard	653	18	1905.3216000000002
751	2024-09-09	2024-09-09	t	1100	12	Mastercard	659	18	980.21
386	2024-03-08	2024-03-08	t	1070	5	Mastercard	185	18	0
756	2024-09-10	2024-09-10	t	2610	18	Mastercard	663	18	2221.371
761	2024-09-11	2024-09-11	t	2303	7	Mastercard	669	18	2128.2023
389	2024-03-09	2024-03-09	t	1791	3	Mastercard	187	18	0
766	2024-09-12	2024-09-12	t	3300	10	Mastercard	674	18	2983.53
391	2024-03-09	2024-03-09	t	880	8	Mastercard	189	18	0
392	2024-03-12	2024-03-12	t	3222	6	Mastercard	210	18	0
768	2024-09-14	2024-09-14	t	1135	1	Mastercard	678	18	1101.404
771	2024-09-17	2024-09-17	t	2440	10	Mastercard	682	18	2206.004
395	2024-03-13	2024-03-13	t	1830	10	Mastercard	213	18	0
396	2024-03-13	2024-03-13	t	2000	10	Mastercard	213	18	0
397	2024-03-13	2024-03-13	t	1432	8	Mastercard	214	18	0
776	2024-09-24	2024-09-24	t	2483	0	Mastercard	692	18	2455.9353
780	2024-09-30	2024-09-30	t	2000	10	Mastercard	696	18	1808.2
400	2024-03-14	2024-03-14	t	3888	12	Visa	216	18	0
782	2024-10-05	2024-10-05	t	2196	12	Mastercard	701	18	1956.8556
402	2024-03-14	2024-03-14	t	2220	10	Mastercard	217	18	0
783	2024-10-08	2024-10-08	t	1980	12	Mastercard	702	18	1764.378
787	2024-10-16	2024-10-16	t	314	2	Mastercard	710	18	301.47139999999996
405	2024-03-14	2024-03-14	t	360	3	Mastercard	218	18	0
406	2024-03-15	2024-03-15	t	1670	10	Mastercard	219	18	0
788	2024-10-31	2024-10-31	t	318	3	Mastercard	719	18	302.44980000000004
408	2024-03-16	2024-03-16	t	880	8	Mastercard	221	18	0
409	2024-03-16	2024-03-16	t	2556	12	Mastercard	222	18	0
410	2024-03-16	2024-03-16	t	600	10	Mastercard	222	18	0
789	2024-11-02	2024-11-02	t	2088	12	Mastercard	722	18	1860.6168
794	2024-11-05	2024-11-05	t	3950	0	Mastercard	724	18	3906.9449999999997
795	2024-11-06	2024-11-06	t	600	0	Mastercard	727	18	593.46
414	2024-03-18	2024-03-18	t	1950	10	Mastercard	224	18	0
415	2024-03-19	2024-03-19	t	1976	8	Visa	225	18	0
798	2024-11-08	2024-11-08	t	3038	7	Mastercard	730	18	2807.4158
417	2024-03-19	2024-03-19	t	1780	10	Mastercard	226	18	0
800	2024-11-12	2024-11-12	t	4500	12	Mastercard	745	18	4009.95
801	2024-12-04	2024-12-04	t	4430	10	Mastercard	758	18	4005.163
420	2024-03-19	2024-03-19	t	2300	10	Mastercard	227	18	0
421	2024-03-19	2024-03-19	t	530	10	Mastercard	227	17	0
422	2024-03-19	2024-03-19	t	530	10	Mastercard	227	18	0
423	2024-03-19	2024-03-19	t	3996	12	Mastercard	228	18	0
802	2024-12-06	2024-12-06	t	4500	12	Mastercard	763	18	4009.95
803	2024-12-07	2024-12-07	t	800	4	Mastercard	766	18	756.08
426	2024-03-20	2024-03-20	t	3830	10	Mastercard	230	18	0
427	2024-03-20	2024-03-20	t	1432	8	Mastercard	231	18	0
807	2024-12-10	2024-12-10	t	1280	10	Mastercard	773	18	1157.248
811	2024-12-16	2024-12-16	t	3160	10	Mastercard	794	18	2856.956
812	2024-12-18	2024-12-18	t	2820	12	Mastercard	799	18	2512.902
431	2024-03-20	2024-03-20	t	1780	10	Mastercard	232	18	0
432	2024-03-20	2024-03-20	t	1476	12	Mastercard	233	18	0
813	2024-12-19	2024-12-19	t	1560	6	Mastercard	801	18	1454.076
817	2024-12-20	2024-12-20	t	9120	5	Mastercard	804	18	8555.472
822	2024-12-23	2024-12-23	t	3156	12	Mastercard	816	18	2812.3116
436	2024-03-23	2024-03-23	t	996	12	Mastercard	237	18	0
437	2024-03-23	2024-03-23	t	3000	12	Mastercard	237	18	0
438	2024-03-23	2024-03-23	t	1938	6	Mastercard	235	18	0
823	2024-12-26	2024-12-26	t	950	10	Mastercard	823	18	858.895
824	2024-12-28	2024-12-28	t	8480	0	Mastercard	828	18	8387.568
475	2024-03-30	2024-03-30	t	1000	5	Mastercard	241	18	0
476	2024-03-30	2024-03-30	t	975	6	Mastercard	241	18	0
479	2024-03-30	2024-03-30	t	1326	12	Mastercard	243	18	0
480	2024-03-30	2024-03-30	t	15	1	Mastercard	243	18	0
481	2024-03-30	2024-03-30	t	1326	12	Mastercard	243	18	0
482	2024-03-30	2024-03-30	t	1187.2468	1	Mastercard	243	18	0
641	2024-06-02	2024-06-02	t	778	18	Mastercard	386	18	662.1558
484	2024-03-30	2024-03-30	t	100	1	Mastercard	243	18	0
649	2024-06-10	2024-06-10	t	2000	8	Mastercard	403	18	1830.2
654	2024-06-12	2024-06-12	t	972	6	Mastercard	410	18	906.0012
663	2024-06-19	2024-06-19	t	1120	10	Mastercard	428	18	1012.592
690	2024-07-25	2024-07-25	t	1896	3	Mastercard	535	18	1803.2856000000002
710	2024-08-14	2024-08-14	t	2688	6	Mastercard	583	18	2505.4848
715	2024-08-20	2024-08-20	t	2120	10	Mastercard	594	18	1916.692
491	2024-04-03	2024-04-03	t	1950	10	Mastercard	248	18	0
492	2024-04-05	2024-04-05	t	1920	8	Mastercard	249	18	0
727	2024-08-26	2024-08-26	t	1170	10	Mastercard	617	18	1057.797
735	2024-08-29	2024-08-29	t	870	10	Mastercard	633	18	786.567
495	2024-04-06	2024-04-06	t	1480	8	Mastercard	253	18	0
740	2024-09-04	2024-09-04	t	1500	10	Mastercard	644	18	1356.15
497	2024-04-06	2024-04-06	t	1700	10	Mastercard	252	18	0
498	2024-04-06	2024-04-06	t	1670	10	Mastercard	251	18	0
745	2024-09-05	2024-09-05	t	1476	4	Mastercard	652	18	1394.9676000000002
500	2024-04-06	2024-04-06	t	1290	6	Mastercard	250	18	0
750	2024-09-06	2024-09-06	t	1670	10	Mastercard	657	18	1509.847
502	2024-04-09	2024-04-09	t	1980	12	Mastercard	256	18	0
503	2024-04-09	2024-04-09	t	276	12	Mastercard	256	18	0
504	2024-04-09	2024-04-10	t	2256	12	Mastercard	257	18	0
752	2024-09-09	2024-09-09	t	1048	12	Mastercard	659	18	933.8728
757	2024-09-10	2024-09-10	t	2610	18	Mastercard	663	18	2221.371
762	2024-09-11	2024-09-11	t	776	8	Mastercard	670	18	710.1176
508	2024-04-11	2024-04-11	t	2043	9	Mastercard	260	18	0
509	2024-04-11	2024-04-11	t	2220	10	Mastercard	261	18	0
767	2024-09-12	2024-09-12	t	3330	10	Mastercard	674	18	3010.6530000000002
769	2024-09-16	2024-09-16	t	3000	12	Mastercard	681	18	2673.3
512	2024-04-11	2024-04-11	t	1180	5	Mastercard	263	18	0
772	2024-09-19	2024-09-19	t	1000	0	Mastercard	683	18	989.1
777	2024-09-25	2024-09-25	t	3096	12	Mastercard	693	18	2758.8456
515	2024-04-11	2024-04-11	t	1296	6	Mastercard	265	18	0
516	2024-04-12	2024-04-12	t	992	2	Mastercard	266	18	0
781	2024-10-02	2024-10-02	t	3050	10	Mastercard	698	18	2757.505
518	2024-04-12	2024-04-12	t	1950	10	Mastercard	269	18	0
784	2024-10-09	2024-10-09	t	1631	7	Mastercard	703	18	1507.2071
520	2024-04-12	2024-04-12	t	1848	7	Mastercard	270	18	0
521	2024-04-12	2024-04-12	t	1692	12	Mastercard	268	18	0
790	2024-11-02	2024-11-02	t	1780	10	Mastercard	721	18	1609.298
796	2024-11-06	2024-11-06	t	500	0	Mastercard	727	18	494.55
524	2024-04-15	2024-04-15	t	1900	12	Mastercard	271	18	0
525	2024-04-15	2024-04-15	t	356	12	Mastercard	271	18	0
799	2024-11-08	2024-11-08	t	1950	10	Mastercard	731	18	1762.9950000000001
804	2024-12-07	2024-12-07	t	472	4	Mastercard	766	18	446.08720000000005
528	2024-04-17	2024-04-17	t	1950	10	Mastercard	278	18	0
808	2024-12-12	2024-12-12	t	1503	3	Mastercard	780	18	1429.5033
814	2024-12-19	2024-12-19	t	1248	12	Mastercard	801	18	1112.0928
818	2024-12-20	2024-12-20	t	3816	6	Mastercard	805	18	3556.8936000000003
532	2024-04-18	2024-04-18	t	1398	6	Mastercard	280	18	0
825	2024-12-31	2024-12-31	t	2088	12	Mastercard	832	18	1860.6168
830	2025-01-07	2025-01-07	t	1170	3	Mastercard	845	18	1112.787
835	2025-01-09	2025-01-09	t	1780	10	Mastercard	851	18	1609.298
566	2024-04-19	2024-04-19	t	2060	10	Mastercard	282	18	0
863	2025-03-05	2025-03-05	t	849	3	Mastercard	949	18	802.5597
568	2024-04-20	2024-04-20	t	1096	10	Mastercard	284	18	0
569	2024-04-20	2024-04-20	t	1096	10	Mastercard	284	18	0
866	2025-03-08	2025-03-08	t	1500	12	Mastercard	957	18	1329.15
869	2025-03-08	2025-03-08	t	1685	5	Mastercard	959	18	1572.6105
572	2024-04-22	2024-04-22	t	2890	10	Mastercard	285	18	0
573	2024-04-22	2024-04-22	t	1980	12	Mastercard	286	18	0
872	2025-03-12	2025-03-12	t	3072	8	Mastercard	979	18	2805.0432
875	2025-03-14	2025-03-14	t	2500	10	Mastercard	984	18	2250.25
576	2024-04-22	2024-04-22	t	1080	6	Mastercard	287	18	0
878	2025-03-15	2025-03-15	t	1840	10	Mastercard	987	18	1656.184
578	2024-04-22	2024-04-22	t	1890	10	Mastercard	288	18	0
881	2025-03-18	2025-03-18	t	2292	12	Mastercard	994	18	2030.9412
580	2024-04-22	2024-04-22	t	2000	10	Mastercard	289	18	0
581	2024-04-22	2024-04-22	t	1920	8	Mastercard	290	18	0
884	2025-03-20	2025-03-20	t	1410	6	Mastercard	998	18	1306.083
886	2025-03-21	2025-03-21	t	5445	15	Mastercard	1000	18	4710.4695
584	2024-04-23	2024-04-23	t	1125	5	Mastercard	291	18	0
889	2025-03-24	2025-03-24	t	1100	10	Mastercard	1008	18	990.11
586	2024-04-24	2024-04-24	t	2256	12	Mastercard	293	18	0
588	2024-04-25	2024-04-25	t	805	5	Mastercard	294	18	0
589	2024-04-26	2024-04-26	t	3264	12	Mastercard	295	18	0
590	2024-04-26	2024-04-26	t	1780	10	Mastercard	296	18	0
592	2024-04-27	2024-04-27	t	267	3	Mastercard	298	18	0
594	2024-04-27	2024-04-27	t	106	3	Mastercard	299	18	0
595	2024-04-27	2024-04-27	t	4430	10	Mastercard	301	18	0
596	2024-04-29	2024-04-29	t	1750.01	6	Mastercard	302	18	0
597	2024-04-29	2024-04-29	t	1884	6	Mastercard	302	18	0
650	2024-06-10	2024-06-10	t	520	8	Mastercard	403	18	475.85200000000003
716	2024-08-20	2024-08-20	t	840	0	Mastercard	594	18	830.8439999999999
728	2024-08-27	2024-08-27	t	999	9	Mastercard	626	18	909.1899
601	2024-05-02	2024-05-02	t	1870	5	Mastercard	304	18	0
736	2024-08-29	2024-08-29	t	1696	4	Mastercard	636	18	1602.8896
603	2024-05-04	2024-05-04	t	2256	12	Mastercard	308	18	0
604	2024-05-04	2024-05-04	t	2136	8	Mastercard	308	17	0
605	2024-05-04	2024-05-04	t	2136	8	Mastercard	308	18	0
606	2024-05-04	2024-05-04	t	2256	12	Mastercard	309	18	0
741	2024-09-04	2024-09-04	t	3096	12	Mastercard	645	18	2758.8456
746	2024-09-06	2024-09-06	t	2592	12	Mastercard	656	18	2309.7312
753	2024-09-09	2024-09-09	t	2088	12	Mastercard	658	18	1860.6168
758	2024-09-10	2024-09-10	t	1044	2	Mastercard	661	18	1002.3444
763	2024-09-11	2024-09-11	t	50	0	Mastercard	671	18	49.455
770	2024-09-16	2024-09-16	t	3000	10	Mastercard	681	18	2712.3
773	2024-09-19	2024-09-19	t	1980	12	Mastercard	683	18	1764.378
778	2024-09-26	2024-09-26	t	920	10	Mastercard	694	18	831.772
785	2024-10-10	2024-10-10	t	100	0	Mastercard	705	18	98.91
791	2024-11-02	2024-11-02	t	3000	12	Mastercard	720	18	2673.3
797	2024-11-06	2024-11-06	t	3504	8	Mastercard	728	18	3206.5104
805	2024-12-07	2024-12-07	t	477	3	Mastercard	767	18	453.67470000000003
809	2024-12-12	2024-12-12	t	2205	9	Mastercard	781	18	2006.7705
815	2024-12-19	2024-12-19	t	1920	12	Mastercard	801	18	1710.912
819	2024-12-21	2024-12-21	t	780	10	Mastercard	813	18	705.198
826	2024-12-31	2024-12-31	t	2088	12	Mastercard	833	18	1860.6168
827	2025-01-06	2025-01-06	t	1752	12	Mastercard	844	18	1561.2072
831	2025-01-09	2025-01-09	t	1720	10	Mastercard	849	18	1555.0520000000001
832	2025-01-09	2025-01-09	t	5000	0	Mastercard	853	18	4945.5
836	2025-01-14	2025-01-14	t	2286	18	Mastercard	864	18	1945.6145999999999
837	2025-01-15	2025-01-15	t	1380	4	Mastercard	866	18	1304.238
838	2025-01-17	2025-01-17	t	1980	12	Mastercard	870	18	1764.378
840	2025-01-20	2025-01-20	t	3156	12	Mastercard	873	18	2812.3116
841	2025-01-25	2025-01-25	t	1524	12	Mastercard	879	18	1358.0364
842	2025-01-29	2025-01-29	t	3120	8	Mastercard	885	18	2855.112
843	2025-01-31	2025-01-31	t	590	5	Mastercard	888	18	553.479
845	2025-02-01	2025-02-01	t	590	5	Mastercard	889	18	553.479
847	2025-02-05	2025-02-05	t	860	5	Mastercard	894	18	806.7660000000001
848	2025-02-06	2025-02-06	t	156	1	Mastercard	898	18	151.38240000000002
849	2025-02-14	2025-02-14	t	2856	12	Mastercard	910	18	2513.5656
852	2025-02-19	2025-02-19	t	2488	8	Mastercard	917	18	2257.3624
854	2025-02-21	2025-02-21	t	3084	6	Mastercard	919	18	2856.7092000000002
855	2025-02-22	2025-02-22	t	1290	10	Mastercard	920	18	1161.129
857	2025-02-26	2025-02-26	t	837	9	Mastercard	929	18	759.2427
858	2025-03-01	2025-03-01	t	1472	2	Mastercard	938	18	1401.4912
861	2025-03-05	2025-03-05	t	2723	7	Mastercard	947	18	2505.4323
864	2025-03-05	2025-03-05	t	3325	5	Mastercard	950	18	3103.2225
867	2025-03-08	2025-03-08	t	1620	12	Mastercard	957	18	1435.482
873	2025-03-13	2025-03-13	t	2220	5	Mastercard	981	18	2071.926
876	2025-03-15	2025-03-15	t	1086	6	Mastercard	985	18	1005.9618
882	2025-03-18	2025-03-18	t	2968	8	Mastercard	993	18	2710.0808
887	2025-03-22	2025-03-22	t	3120	12	Mastercard	1004	18	2764.632
891	2025-03-26	2025-03-26	t	1400	10	Mastercard	1010	18	1260.14
893	2025-03-26	2025-03-26	t	1842	6	Mastercard	1012	18	1706.2446
894	2025-03-31	2025-03-31	t	372	3	Mastercard	1023	18	351.65160000000003
896	2025-03-31	2025-03-31	t	74	1	Mastercard	1022	18	71.1214
898	2025-04-01	2025-04-01	t	2255	11	Mastercard	1027	18	2013.9405
899	2025-04-02	2025-04-02	t	108	2	Mastercard	1035	18	102.82679999999999
900	2025-04-03	2025-04-03	t	108	2	Mastercard	1041	18	102.82679999999999
902	2025-04-04	2025-04-04	t	1895	10	Mastercard	1046	18	1705.6895
904	2025-04-04	2025-04-04	t	1010	10	Mastercard	1047	18	909.101
906	2025-04-07	2025-04-07	t	3060	12	Mastercard	1052	18	2711.466
908	2025-04-08	2025-04-08	t	1610	5	Mastercard	1057	18	1502.613
910	2025-04-08	2025-04-08	t	1720	5	Mastercard	1055	18	1605.276
911	2025-04-11	2025-04-11	t	1428	12	Mastercard	1063	18	1265.3508
913	2025-04-11	2025-04-11	t	3010	10	Mastercard	1068	18	2709.301
915	2025-04-12	2025-04-12	t	3204	18	Mastercard	1071	18	2717.3124
917	2025-04-14	2025-04-14	t	3060	12	Mastercard	1074	18	2711.466
918	2025-04-14	2025-04-14	t	3060	12	Mastercard	1075	18	2711.466
919	2025-04-14	2025-04-14	t	4416	12	Mastercard	1076	18	3913.0176
920	2025-04-14	2025-04-14	t	632	2	Mastercard	1077	18	601.7271999999999
921	2025-04-16	2025-04-16	t	4400	0	Mastercard	1078	18	4334.44
922	2025-04-16	2025-04-16	t	770	7	Mastercard	1078	18	708.477
923	2025-04-17	2025-04-17	t	954	3	Mastercard	1084	18	901.8162
924	2025-04-22	2025-04-22	t	31010	10	Mastercard	1089	18	27912.101
925	2025-04-22	2025-04-22	t	3010	10	Mastercard	1090	18	2709.301
926	2025-04-22	2025-04-22	t	205	0	Mastercard	1092	18	201.94549999999998
927	2025-04-22	2025-04-22	t	1062	3	Mastercard	1092	18	1003.9086
928	2025-04-22	2025-04-22	t	3010	10	Mastercard	1093	18	2709.301
929	2025-04-23	2025-04-23	t	5562	12	Mastercard	1096	18	4928.4882
930	2025-04-23	2025-04-23	t	5652	12	Mastercard	1096	18	5008.2372
931	2025-04-24	2025-04-24	t	1494	9	Mastercard	1101	18	1355.2074
932	2025-04-24	2025-04-24	t	1494	9	Mastercard	1101	18	1355.2074
933	2025-04-24	2025-04-24	t	1295	10	Mastercard	1100	18	1165.6295
934	2025-04-24	2025-04-24	t	1295	9	Mastercard	1100	18	1174.6945
935	2025-04-26	2025-04-26	t	1800	3	Mastercard	1105	18	1701.54
936	2025-04-28	2025-04-28	t	2952	12	Mastercard	1106	18	2615.7672
937	2025-04-30	2025-04-30	t	2952	12	Mastercard	1107	18	2615.7672
938	2025-04-30	2025-04-30	t	2952	12	Mastercard	1108	18	2615.7672
939	2025-04-30	2025-04-30	t	6825	13	Mastercard	1111	18	6006.6825
940	2025-05-02	2025-05-02	t	160	4	Mastercard	1115	18	150.416
941	2025-05-04	2025-05-04	t	2830	12	Mastercard	1116	18	2507.663
942	2025-05-05	2025-05-05	t	140	0	Mastercard	1121	18	137.914
943	2025-05-05	2025-05-05	t	1570	10	Mastercard	1120	18	1413.157
944	2025-05-06	2025-05-06	t	750	0	Mastercard	1124	18	738.8249999999999
945	2025-05-06	2025-05-06	t	1041	1	Mastercard	1124	18	1000.5051
946	2025-05-06	2025-05-06	t	150	1	Mastercard	1125	18	144.165
947	2025-05-07	2025-05-07	t	1720	5	Mastercard	1126	18	1605.276
948	2025-05-09	2025-05-09	t	2706	6	Mastercard	1129	18	2506.5678
949	2025-05-09	2025-05-09	t	2772	12	Mastercard	1133	18	2456.2692
950	2025-05-10	2025-05-10	t	2706	6	Mastercard	1135	18	2506.5678
951	2025-05-10	2025-05-10	t	2667	7	Mastercard	1137	18	2453.9067
952	2025-05-13	2025-05-13	t	2667	7	Mastercard	1140	18	2453.9067
953	2025-05-13	2025-05-13	t	2730	10	Mastercard	1139	18	2457.273
954	2025-05-13	2025-05-13	t	175	5	Mastercard	1141	18	163.32750000000001
955	2025-05-14	2025-05-14	t	313	1	Mastercard	1142	18	300.8243
956	2025-05-14	2025-05-14	t	1730	10	Mastercard	1144	18	1557.173
957	2025-05-14	2025-05-14	t	1475	5	Mastercard	1145	18	1376.6175
958	2025-05-16	2025-05-16	t	1614	1	Mastercard	1150	18	1551.2153999999998
959	2025-05-20	2025-05-20	t	3792	12	Mastercard	1155	18	3360.0912
960	2025-05-20	2025-05-20	t	2814	6	Mastercard	1157	18	2606.6082
961	2025-05-21	2025-05-21	t	625	1	Mastercard	1163	18	600.6875
962	2025-05-21	2025-05-21	t	2590	0	Mastercard	1161	18	2551.409
963	2025-05-23	2025-05-23	t	2000	4	Mastercard	1172	18	1880.2
964	2025-05-23	2025-05-23	t	716	4	Mastercard	1172	18	673.1116000000001
965	2025-05-23	2025-05-23	t	3340	10	Mastercard	1169	18	3006.334
966	2025-05-24	2025-05-24	t	2620	10	Mastercard	1171	18	2358.262
967	2025-05-26	2025-05-26	t	2510	10	Mastercard	1175	18	2259.251
968	2025-05-26	2025-05-26	t	2840	10	Mastercard	1173	18	2556.284
969	2025-05-29	2025-05-29	t	1290	5	Mastercard	1179	18	1203.957
970	2025-05-29	2025-05-29	t	748	4	Mastercard	1178	18	703.1948
971	2025-05-31	2025-05-31	t	1880	5	Mastercard	1181	18	1754.604
972	2025-05-31	2025-05-31	t	1140	12	Mastercard	1182	18	1010.154
973	2025-05-31	2025-05-31	t	1619	12	Mastercard	1182	18	1434.5959
974	2025-05-31	2025-05-31	t	4180	12	Mastercard	1185	18	3703.898
975	2025-05-31	2025-05-31	t	2550	6	Mastercard	1186	18	2362.065
976	2025-05-31	2025-05-31	t	1644	12	Mastercard	1187	18	1456.7484
977	2025-06-03	2025-06-03	t	2652	6	Mastercard	1192	18	2456.5476
978	2025-06-03	2025-06-03	t	1290	10	Mastercard	1193	18	1161.129
979	2025-06-03	2025-06-03	t	3396	12	Mastercard	1195	18	3009.1956
980	2025-06-04	2025-06-04	t	1464	6	Mastercard	1201	18	1356.1032
981	2025-06-07	2025-06-07	t	2772	12	Mastercard	1208	18	2456.2692
982	2025-06-07	2025-06-07	t	1704	8	Mastercard	1209	18	1555.9224
983	2025-06-07	2025-06-07	t	2840	10	Mastercard	1212	18	2556.284
984	2025-06-07	2025-06-07	t	4416	12	Mastercard	1213	18	3913.0176
985	2025-06-07	2025-06-07	t	2740	10	Mastercard	1214	18	2466.274
986	2025-06-07	2025-06-07	t	1518	6	Mastercard	1206	18	1406.1234
987	2025-06-07	2025-06-07	t	2840	10	Mastercard	1204	18	2556.284
988	2025-06-07	2025-06-07	t	2840	10	Mastercard	1204	18	2556.284
989	2025-06-08	2025-06-08	t	2952	12	Mastercard	1221	18	2615.7672
990	2025-06-08	2025-06-08	t	2730	10	Mastercard	1219	18	2457.273
991	2025-06-08	2025-06-08	t	1075	5	Mastercard	1217	18	1003.2975
992	2025-06-10	2025-06-10	t	1620	10	Mastercard	1223	18	1458.162
993	2025-06-10	2025-06-10	t	2988	9	Mastercard	1224	18	2710.4148
994	2025-06-10	2025-06-10	t	2100	12	Mastercard	1225	18	1860.81
995	2025-06-10	2025-06-10	t	2750	11	Mastercard	1226	18	2456.025
996	2025-06-11	2025-06-11	t	4249	14	Mastercard	1230	18	3709.8019
997	2025-06-11	2025-06-11	t	4249	7	Mastercard	1230	18	3909.5049
998	2025-06-11	2025-06-11	t	2150	5	Mastercard	1233	18	2006.595
999	2025-06-11	2025-06-11	t	2720	10	Mastercard	1234	18	2448.272
1000	2025-06-11	2025-06-11	t	2730	10	Mastercard	1234	18	2457.273
1001	2025-06-11	2025-06-11	t	5516	14	Mastercard	1235	18	4816.0196
1002	2025-06-14	2025-06-14	t	3790	10	Mastercard	1238	18	3411.379
1003	2025-06-16	2025-06-16	t	2680	10	Mastercard	1240	18	2412.268
1004	2025-06-16	2025-06-16	t	1410	6	Mastercard	1239	18	1306.083
1005	2025-06-17	2025-06-17	t	1068	4	Mastercard	1241	18	1004.0268000000001
1006	2025-06-17	2025-06-17	t	2256	8	Mastercard	1242	18	2059.9536
1007	2025-06-17	2025-06-17	t	1950	10	Mastercard	1244	18	1755.195
1008	2025-06-19	2025-06-19	t	2544	6	Mastercard	1249	18	2356.5072
1009	2025-06-19	2025-06-19	t	2544	6	Mastercard	1249	18	2356.5072
1010	2025-06-19	2025-06-19	t	2268	12	Mastercard	1247	18	2009.6748
1011	2025-06-19	2025-06-19	t	1950	10	Mastercard	1246	18	1755.195
1012	2025-06-23	2025-06-23	t	1510	10	Mastercard	1260	18	1359.151
1013	2025-06-23	2025-06-23	t	2898	18	Mastercard	1261	18	2457.7938
1014	2025-06-24	2025-06-24	t	1600	5	Mastercard	1265	18	1493.28
1015	2025-06-27	2025-06-27	t	2510	10	Mastercard	1274	18	2259.251
1016	2025-06-27	2025-06-27	t	105	1	Mastercard	1274	18	100.9155
1017	2025-06-30	2025-06-30	t	1825	5	Mastercard	1278	18	1703.2725
1018	2025-06-30	2025-06-30	t	2730	10	Mastercard	1279	18	2457.273
1019	2025-06-30	2025-06-30	t	1582	7	Mastercard	1281	18	1455.5982000000001
1020	2025-07-01	2025-07-01	t	1932	12	Mastercard	1285	18	1711.9451999999999
1021	2025-07-02	2025-07-02	t	6444	12	Mastercard	1288	18	5710.0284
1022	2025-07-02	2025-07-02	t	1985	5	Mastercard	1286	18	1852.6005
1023	2025-07-03	2025-07-03	t	3499	10	Mastercard	1290	18	3149.4499
1024	2025-07-05	2025-07-05	t	1248	12	Mastercard	1297	18	1105.8528
1025	2025-07-05	2025-07-05	t	2772	12	Mastercard	1296	18	2456.2692
1026	2025-07-05	2025-07-05	t	2736	12	Mastercard	1294	18	2424.3696
1027	2025-07-05	2025-07-05	t	689	12	Mastercard	1294	18	610.5229
1028	2025-07-05	2025-07-05	t	763	12	Mastercard	1294	18	676.0943
1029	2025-07-05	2025-07-05	t	2667	7	Mastercard	1292	18	2453.9067
1030	2025-07-05	2025-07-05	t	1400	10	Mastercard	1298	18	1260.14
1031	2025-07-07	2025-07-07	t	2760	12	Mastercard	1299	18	2445.636
1032	2025-07-07	2025-07-07	t	480	3	Mastercard	1300	18	453.744
1033	2025-07-07	2025-07-07	t	6444	12	Mastercard	1302	18	5710.0284
1034	2025-07-08	2025-07-08	t	2016	7	Mastercard	1309	18	1854.9216000000001
1035	2025-07-09	2025-07-09	t	1800	12	Mastercard	1313	18	1594.98
1036	2025-07-09	2025-07-09	t	1900	10	Mastercard	1314	18	1710.19
1037	2025-07-09	2025-07-09	t	1900	10	Mastercard	1315	18	1710.19
1038	2025-07-09	2025-07-09	t	700	0	Mastercard	1316	18	689.5699999999999
1039	2025-07-09	2025-07-09	t	1075	5	Mastercard	1316	18	1003.2975
1040	2025-07-10	2025-07-10	t	55	1	Mastercard	1322	18	52.860499999999995
1041	2025-07-10	2025-07-10	t	1900	10	Mastercard	1321	18	1710.19
1042	2025-07-10	2025-07-10	t	1620	10	Mastercard	1323	18	1458.162
1043	2025-07-10	2025-07-10	t	1932	12	Mastercard	1319	18	1711.9451999999999
1044	2025-07-10	2025-07-10	t	1068	4	Mastercard	1318	18	1004.0268000000001
1045	2025-07-10	2025-07-10	t	70	1	Mastercard	1318	18	67.277
1046	2025-07-14	2025-07-14	t	1960	14	Mastercard	1327	18	1711.276
1047	2025-07-15	2025-07-15	t	1596	12	Mastercard	1332	18	1414.2156
1048	2025-07-15	2025-07-15	t	230	10	Mastercard	1332	18	207.023
1049	2025-07-15	2025-07-15	t	1900	10	Mastercard	1330	18	1710.19
1050	2025-07-15	2025-07-15	t	1900	10	Mastercard	1329	18	1710.19
1051	2025-07-15	2025-07-15	t	1900	10	Mastercard	1328	18	1710.19
1052	2025-07-16	2025-07-16	t	744	3	Mastercard	1339	18	703.3032000000001
1053	2025-07-20	2025-07-20	t	1900	10	Mastercard	1342	18	1710.19
1054	2025-07-20	2025-07-20	t	3040	8	Mastercard	1343	18	2775.824
1055	2025-07-21	2025-07-21	t	1510	10	Mastercard	1347	18	1359.151
1056	2025-07-21	2025-07-21	t	1932	12	Mastercard	1345	18	1711.9451999999999
1057	2025-07-21	2025-07-21	t	1900	10	Mastercard	1344	18	1710.19
1058	2025-07-23	2025-07-23	t	738	2	Mastercard	1351	18	702.6497999999999
1059	2025-07-23	2025-07-23	t	999	9	Mastercard	1355	18	906.1929
1060	2025-07-23	2025-07-23	t	5424	12	Mastercard	1356	18	4806.2064
1061	2025-08-02	2025-08-02	t	2058	6	Mastercard	1358	18	1906.3254
1062	2025-08-02	2025-08-02	t	1872	8	Mastercard	1359	18	1709.3232
1063	2025-08-02	2025-08-02	t	3770	10	Mastercard	1360	18	3393.377
1064	2025-08-02	2025-08-02	t	3930	10	Mastercard	1361	18	3537.393
1065	2025-08-02	2025-08-02	t	4416	12	Mastercard	1362	18	3913.0176
1066	2025-08-02	2025-08-02	t	1250	0	Mastercard	1368	18	1231.375
1067	2025-08-02	2025-08-02	t	950	10	Mastercard	1366	18	855.095
1068	2025-08-02	2025-08-02	t	950	10	Mastercard	1366	18	855.095
1069	2025-08-02	2025-08-02	t	267	3	Mastercard	1368	18	252.3951
1070	2025-08-02	2025-08-02	t	650	5	Mastercard	1368	18	606.645
1071	2025-08-05	2025-08-05	t	1596	12	Mastercard	1381	18	1414.2156
1072	2025-08-05	2025-08-05	t	1932	12	Mastercard	1382	18	1711.9451999999999
1073	2025-08-05	2025-08-05	t	1840	10	Mastercard	1385	18	1656.184
1074	2025-08-05	2025-08-05	t	1450	10	Mastercard	1389	18	1305.145
1075	2025-08-05	2025-08-05	t	200	2	Mastercard	1388	18	190.42
1076	2025-08-06	2025-08-06	t	50	1	Mastercard	1396	18	48.055
1077	2025-08-06	2025-08-06	t	1842	6	Mastercard	1395	18	1706.2446
1078	2025-08-06	2025-08-06	t	1000	12	Mastercard	1394	18	886.1
1079	2025-08-06	2025-08-06	t	932	12	Mastercard	1394	18	825.8452
1080	2025-08-06	2025-08-06	t	160	2	Mastercard	1393	18	152.33599999999998
1081	2025-08-06	2025-08-06	t	1000	0	Mastercard	1392	18	985.1
1082	2025-08-06	2025-08-06	t	3060	12	Mastercard	1392	18	2711.466
1083	2025-08-07	2025-08-07	t	1680	10	Mastercard	1399	18	1512.1680000000001
1084	2025-08-07	2025-08-07	t	639	3	Mastercard	1401	18	604.0467
1085	2025-08-11	2025-08-11	t	4188	12	Mastercard	1402	18	3710.9868
1086	2025-08-11	2025-08-11	t	4188	12	Mastercard	1403	18	3710.9868
1087	2025-08-11	2025-08-11	t	2016	18	Mastercard	1404	18	1709.7695999999999
1088	2025-08-11	2025-08-11	t	4448	18	Mastercard	1405	18	3772.3487999999998
1089	2025-08-11	2025-08-11	t	950	10	Mastercard	1407	18	855.095
1090	2025-08-12	2025-08-12	t	2840	10	Mastercard	1418	18	2556.284
1091	2025-08-12	2025-08-12	t	1900	10	Mastercard	1421	18	1710.19
1092	2025-08-12	2025-08-12	t	1842	6	Mastercard	1422	18	1706.2446
\.


--
-- Data for Name: Despesas_cadastrodespesa; Type: TABLE DATA; Schema: public; Owner: unicatech
--

COPY public."Despesas_cadastrodespesa" (id, criados, modificado, ativo, nome_despesa, periodicidade, valor, conta_debito_id) FROM stdin;
16	2024-01-05	2024-01-21	t	Impostos Baterias e Flex	0	240	17
23	2024-02-13	2024-02-13	t	Propaganda iPhone 11 1800	0	70	17
24	2024-02-16	2024-02-16	t	Propaganda iPhone 11 1800	0	245	17
25	2024-02-16	2024-02-18	t	Propaganda iPhone 11 1800	0	245	17
30	2024-04-02	2024-04-14	t	Propaganda iphone 11 128 2000	0	245	17
31	2024-04-09	2024-04-14	t	Propaganda iphone 11 128 2000	0	135	17
32	2024-04-14	2024-04-14	t	Propaganda iphone 11 128 2000	0	350	17
33	2024-04-17	2024-04-17	t	Cola Ultravioleta	0	580	17
34	2024-04-18	2024-04-18	t	Capinhas e Peliculas	0	165	17
67	2024-04-24	2024-04-24	t	Desbloqueio 13 Pro max 	0	130	17
68	2024-04-26	2024-04-26	t	Bateria iPhone 11	0	1020	18
69	2024-05-05	2024-05-05	t	25 carcaas iphone 13 rosa 5 telas iphone 13	0	413.5	22
70	2024-05-05	2024-05-05	t	25 carcaas iphone 13 rosa 5 telas iphone 13 Aliexpress	0	79	17
71	2024-05-08	2024-05-08	t	xido de crio	0	250	17
72	2024-05-08	2024-05-08	t	Flex fone iPhone 11	0	196	17
73	2024-05-08	2024-05-08	t	leo para tela	0	60	17
74	2024-05-08	2024-05-08	t	Propaganda iphone 13	0	245	17
29	2024-05-05	2024-04-12	f	William	4	600	17
75	2024-05-13	2024-05-13	t	Propaganda iphone 13	0	111	17
76	2024-05-14	2024-05-14	t	Capas e Peliculas	0	120	17
77	2024-05-14	2024-05-14	t	Lanche	0	80.45	17
78	2024-05-14	2024-05-14	t	Bomba dagua mquina de polir	0	101.65	17
79	2024-05-15	2024-05-15	t	Capinhas e Pelculas	0	120	17
80	2024-05-15	2024-05-16	t	Capinhas e Pelculas	0	120	17
81	2024-05-16	2024-05-16	t	Bateria 11 Pro e tela 11 Pro Max	0	470	17
82	2024-05-21	2024-05-21	t	Taxa dos Carregadores Correios	0	79	17
83	2024-05-21	2024-05-21	t	Propaganda iphone 11 128 2000	0	350	17
84	2024-05-22	2024-05-22	t	Propaganda iphone 11 128 1900	0	13.17	17
85	2024-05-22	2024-05-22	t	Taxa dos Carregadores Correios	0	37.96	17
86	2024-05-22	2024-05-22	t	Taxa dos Carregadores Correios	0	37.96	17
87	2024-05-23	2024-05-23	t	Peliculas de Ceramica iPhone 11	0	160	17
88	2024-06-03	2024-06-03	t	Capas e Peliculas	0	176	17
89	2024-06-04	2024-06-04	t	Recuperao Instagram	0	1700	17
90	2024-06-04	2024-06-04	t	Propaganda iphone 13 preto	0	245	17
91	2024-06-04	2024-06-04	t	2 cadeiras 	0	400	17
92	2024-06-05	2024-06-05	t	50 Baterias iPhone 11	0	2600	17
93	2024-06-08	2024-06-08	t	Bateria 11 garantia	0	150	17
94	2024-06-10	2024-06-10	t	Propaganda 13 pro max	0	245	17
95	2024-06-14	2024-06-15	t	Capinhas e Pelculas	0	133	17
96	2024-06-12	2024-06-15	t	Cesta dia dos namorados	0	80	17
97	2024-06-12	2024-06-15	t	Pizza	0	60	17
98	2024-06-17	2024-06-17	t	Label Hua e carregadores	0	120	17
99	2024-06-17	2024-06-17	t	5 Telas iphone 13  flex wifi flex dock de carga et al	0	1430	17
20	2024-02-25	2024-02-13	f	Internet	4	90	23
102	2024-06-20	2024-06-20	t	Translado Maquineta nova Fortaleza Sobral	0	100	17
103	2024-06-20	2024-06-20	t	Translado Maquineta nova Fortaleza Sobral	0	100	17
104	2024-06-20	2024-06-20	t	Translado Maquineta nova Fortaleza Sobral	0	100	17
105	2024-06-20	2024-06-20	t	Translado Maquineta nova Fortaleza Sobral	0	100	17
106	2024-06-20	2024-06-20	t	teste	0	1	17
107	2024-06-20	2024-06-20	f	teste	0	1	17
108	2024-06-20	2024-06-20	t	20 Peliculas iphone 13	0	120	17
109	2024-06-20	2024-06-20	t	10 telas iphone 11	0	751.8	17
110	2024-06-21	2024-06-21	t	2 telas iphone 11 we fix	0	350	17
111	2024-06-22	2024-06-22	t	Frete Aliexpress Carregadores	0	72	17
112	2024-06-24	2024-06-24	t	Mesa para almoo	0	399	17
113	2024-06-25	2024-06-25	t	5 colas uv e 1 tapete de polir	0	461	17
114	2024-06-28	2024-06-28	t	Capinhas e Pelculas	0	102	17
115	2024-06-28	2024-06-28	t	2 telas iphone 11 we fix	0	350	17
116	2024-07-01	2024-06-30	t	2 Separadoras 2 Retificas tira Oca et al	0	1150	17
117	2024-07-01	2024-07-01	t	Alcool Isopropilico	0	40	17
118	2024-07-01	2024-07-01	t	2 colas	0	45	17
101	2024-06-20	2024-06-19	f	Estagiario Vinicius	4	300	17
100	2024-06-13	2024-06-19	f	Estagirio Italo	4	300	17
122	2024-07-03	2024-07-03	t	Capinhas e Peliculas	0	89	17
121	2024-07-10	2024-07-03	f	50 Vidro Oca ARo ip 11 50 Vidro Oca Aro ip 13 25 carcaas 11 25 carcaas 13	0	4034	17
123	2024-07-03	2024-07-03	t	25 carcaas iphone 13 50 ocas ip 13 50 ocas ip 11	0	2728	17
124	2024-07-03	2024-07-03	t	Frete Aliexpress 3 de julho	0	88	17
125	2024-07-04	2024-07-04	t	50 vidros iphone 13 coca e aro	0	614	17
126	2024-07-12	2024-07-12	f	7 telas iphone 13	0	1691	17
127	2024-07-12	2024-07-12	t	7 telas iphone 13	0	1691	26
128	2024-07-22	2024-07-22	t	10 telas iphone 11 frete	0	98	17
129	2024-07-22	2024-07-22	t	Moldes iphone 11 maquina de polir	0	335	17
130	2024-07-23	2024-07-23	t	5 telas iphone 13 10 tels iphone 11 10 vidro com touch iphone 11 5 flex power iphone 11	0	2244	17
131	2024-07-27	2024-07-27	t	Bateria iPhone 11 Pro Max	0	180	17
132	2024-07-29	2024-07-29	t	Propaganda iphone 13	0	245	17
133	2024-07-30	2024-07-30	t	Ponta Estrela chave qianli	0	90	17
26	2024-01-01	2024-03-31	f	Funcionrio Smya	4	1250	17
18	2024-02-01	2024-01-21	f	Contador EUA	4	167	22
5	2024-01-01	2023-12-25	f	Aluguel	4	2000	17
136	2024-08-01	2024-07-31	f	Contador EUA	4	167	16
134	2024-08-01	2024-07-31	f	Aluguel	4	2000	17
120	2024-07-20	2024-07-02	f	Estagirio Italo	4	800	17
119	2024-07-20	2024-07-02	f	Estagiario Vinicius	4	800	17
28	2024-04-20	2024-04-12	f	Wanderley	4	2000	17
135	2024-08-01	2024-07-31	f	Funcionrio Smya	4	1250	17
164	2024-08-29	2024-08-29	f	Wanderley	4	2000	17
137	2024-08-01	2024-08-01	f	Aluguel	4	2000	18
138	2024-08-01	2024-08-01	f	Funcionrio Smya	4	1250	18
140	2024-08-01	2024-08-01	t	4000 panos de limpeza de tela	0	150	17
141	2024-08-02	2024-08-02	t	Capinhas e Peliculas	0	315	17
142	2024-08-06	2024-08-06	t	20 carcaas iphone 11 brancas 5 flex auricular	0	1403	17
143	2024-08-06	2024-08-06	t	Frete 20 carcaas iphone 11	0	113	17
144	2024-08-06	2024-08-06	t	Taxi carto celulares koya	0	200	17
145	2024-08-07	2024-08-07	t	Bomba dagua mquina de polir	0	134	17
146	2024-08-07	2024-08-07	t	50 baterias iphone 11	0	2600	17
147	2024-08-10	2024-08-10	t	Propaganda iphone 13	0	245	17
148	2024-08-13	2024-08-13	t	Pedido 2 telas 12 pro max 2 telas xr	0	105	17
149	2024-08-13	2024-08-13	t	2 telas de 12 pro max 2 telas xr	0	771	17
150	2024-08-17	2024-08-17	t	Capinhas e Peliculas	0	123	17
151	2024-08-19	2024-08-19	t	10 Fios de Cobra para remover tela	0	222	17
152	2024-08-19	2024-08-19	t	Solda para bateria	0	160	17
153	2024-08-19	2024-08-19	t	6 Flex Auricular iphone 13	0	150	17
154	2024-08-19	2024-08-19	t	Roldana maquina de polir	0	65	17
155	2024-08-20	2024-08-20	t	25 peliculas 13 14 peliculas 11	0	136	17
156	2024-08-21	2024-08-21	t	Propaganda iphone 13	0	245	17
157	2024-08-27	2024-08-27	t	2 Bombas dagua	0	166	17
158	2024-08-27	2024-08-27	t	Capinhas e Peliculas	0	175	17
159	2024-08-27	2024-08-27	t	Devolucao capinhas Americo	0	38	17
160	2024-09-01	2024-08-28	t	teste	0	1	17
162	2024-08-29	2024-08-29	t	2 estagiarios + Wanderley	0	3600	17
167	2024-08-30	2024-08-30	t	Telas e baterias Hassam	0	2930	17
166	2024-08-30	2024-08-30	t	Telas e baterias Hua	0	2686.98	17
168	2024-09-01	2024-09-01	t	Telas e peas Hua	0	2792.14	17
169	2024-09-01	2024-09-01	t	Telas e peas Hassan	0	2995	17
170	2024-09-03	2024-09-03	t	Propaganda iphone 13	0	245	17
171	2024-09-03	2024-09-03	t	Capinhas e Pelculas	0	185	17
172	2024-09-09	2024-09-09	t	Reenvio telas Hassan	0	250	17
173	2024-09-09	2024-09-09	t	Retorno de aaparelho	0	292.5	17
174	2024-09-10	2024-09-10	t	Estorno valor dbito	0	271.29	17
175	2024-09-10	2024-09-10	t	Capinhas e Pelculas	0	150.5	17
176	2024-09-10	2024-09-10	t	Peliculas iphone 11	0	50	17
177	2024-09-11	2024-09-11	t	15 CABOS USB-C	0	135	17
178	2024-09-11	2024-09-11	t	Bolo do Italo	0	64	17
179	2024-09-16	2024-09-16	t	2 telas 12 pro max	0	686.12	17
180	2024-09-17	2024-09-17	t	Capinhas e Pelculas	0	152	17
181	2024-09-21	2024-09-21	t	Propaganda iphone 13	0	390	17
182	2024-09-28	2024-09-28	t	2 cameras ip13 5 dock de carga ip13 5 flex do fone ip13	0	320	17
224	2025-02-03	2025-02-03	t	propaganda 16 pro max	0	315	17
183	2024-10-01	2024-10-01	t	Capinhas e peliculas	0	160	17
184	2024-10-01	2024-10-01	t	Bateria 12 pro max	0	170	17
163	2024-09-01	2024-08-29	f	Estagiario Vinicius	4	800	17
185	2024-10-04	2024-10-06	t	Estagirio Vinicius	0	800	17
186	2024-10-29	2024-10-29	t	Capinhas e Pelculas	0	612	17
139	2024-08-01	2024-08-01	f	Contador EUA	4	167	22
165	2024-09-01	2024-08-29	f	Wanderley	4	2000	17
161	2024-09-01	2024-08-29	f	Estagirio Italo	4	800	17
187	2024-11-12	2024-11-12	t	Propaganda 16 pro max	0	245	17
188	2024-11-12	2024-11-12	t	Mercantil Nara	0	150	17
189	2024-11-18	2024-11-18	t	Mercantil Nara	0	80	17
190	2024-11-25	2024-11-25	t	Samia	0	100	17
191	2024-12-06	2024-12-06	t	Propaganda iphone 13	0	245	26
192	2024-12-06	2024-12-06	t	samia supermercado	0	90	17
193	2024-12-07	2024-12-07	t	Capinhas e Pelculas	0	153	26
194	2024-12-10	2024-12-10	t	Entrega Aparelho Topic	0	11	17
195	2024-12-10	2024-12-10	t	samia supermercado	0	88	17
196	2024-12-15	2024-12-15	t	Erro cadastro iphone 16 pro max	0	3750	17
197	2024-12-16	2024-12-16	t	propaganda 16 pro max	0	350	17
198	2024-12-18	2024-12-18	t	Capinhas e Pelculas	0	245	17
199	2024-12-18	2024-12-18	t	samia supermercado	0	98	17
200	2024-12-18	2024-12-18	t	Entrega Aparelho Topic	0	7	17
201	2024-12-19	2024-12-19	t	propaganda 16 pro max	0	200	17
202	2024-12-26	2024-12-26	t	propaganda 16 pro max	0	200	17
206	2024-12-31	2024-12-31	t	Contador	0	650	17
207	2024-12-31	2024-12-31	t	Manutencao Chase	0	200	17
204	2024-12-31	2024-12-31	f	Samia	0	2500	17
205	2024-12-31	2024-12-31	f	Italo	0	1600	17
203	2024-12-31	2024-12-31	f	Wanderley	0	4000	17
225	2025-02-11	2025-02-11	t	Samia Supermercado	0	90	17
226	2025-02-14	2025-02-14	t	15 CABOS USB-C	0	375	17
227	2025-02-14	2025-02-14	t	Capinhas e Pelculas	0	210	17
228	2025-02-19	2025-02-19	t	Mercantil Nara	0	100	17
229	2025-02-26	2025-02-26	t	Propaganda iphone 13	0	301	17
230	2025-03-05	2025-03-05	t	Panos de troca de vidro	0	436	17
232	2025-03-07	2025-03-08	t	Capinhas e Pelculas	0	136	17
233	2025-03-10	2025-03-10	t	Propaganda iphone 13	0	301	17
234	2025-03-13	2025-03-13	t	Bateria iPhone 11 pro e iPhone 12	0	280	17
235	2025-03-21	2025-03-21	t	Parafusos da carcaa 1200	0	170	17
236	2025-03-28	2025-03-28	t	Capinhas e Pelculas	0	480	17
245	2025-04-01	2025-04-01	t	Contador EUA	4	103	22
246	2025-04-01	2025-04-01	t	Mensalidade Chase	4	33	22
212	2025-01-01	2025-01-01	t	teste	0	1	17
213	2025-01-01	2025-01-01	t	teste	0	1	17
214	2025-01-06	2025-01-06	t	Contador EUA	0	630	17
215	2025-01-08	2025-01-08	t	samia supermercado	0	100	17
216	2025-01-09	2025-01-09	t	Capinhas e Pelculas	0	134	17
217	2025-01-18	2025-01-18	t	Samia Supermercado	0	100	17
218	2025-01-18	2025-01-18	t	Pilhas	0	10	17
219	2025-01-18	2025-01-18	t	Capinhas e Pelculas	0	40	17
220	2025-01-20	2025-01-20	t	Samia Supermercado	0	100	17
221	2025-01-27	2025-01-27	t	Mercantil Nara	0	100	17
222	2025-01-15	2025-02-01	t	Retirar	0	11000	17
223	2025-01-01	2025-02-01	t	Retirar	0	11000	17
210	2024-12-31	2024-12-31	f	Estagirio Italo	4	800	17
237	2025-03-29	2025-03-29	f	Estagirio Italo	4	1000	17
208	2025-01-01	2024-12-31	f	Wanderley	4	2000	17
209	2024-12-31	2024-12-31	f	Aluguel	4	2000	17
211	2024-12-31	2024-12-31	f	Samia	4	1250	17
231	2025-03-06	2025-03-06	f	Contador EUA	4	105	22
239	2025-04-01	2025-04-01	f	teste2	4	1	17
238	2025-04-01	2025-04-01	f	teste	4	1	17
240	2025-04-01	2025-04-01	f	teste1	4	1	17
241	2025-04-01	2025-04-01	t	Aluguel	4	2000	17
247	2025-04-01	2025-04-01	t	Propaganda iphone 13	0	1200	17
248	2025-04-01	2025-04-01	t	Propaganda iphone 13	0	1000	17
249	2025-04-02	2025-04-02	t	Mercantil Nara	0	100	17
250	2025-04-03	2025-04-03	t	Tela iphone 11 pro	0	160	17
251	2025-04-07	2025-04-07	t	Bateria Xr	0	130	17
252	2025-04-07	2025-04-07	t	Mercantil Nara	0	100	17
253	2025-04-10	2025-04-10	t	Propaganda iphone 13	0	200	17
254	2025-04-11	2025-04-11	t	Remoo Blacklist Heartunlocks	0	150	17
255	2025-04-12	2025-04-12	t	Bateria iphone 13	0	140	17
256	2025-04-14	2025-04-14	t	Propaganda iphone 13	0	503	17
257	2025-04-17	2025-04-17	t	Propaganda iphone 13	0	280	17
258	2025-04-23	2025-04-23	t	Mercantil Nara	0	100	17
259	2025-05-01	2025-05-01	t	Wanderley	4	2109.6	17
242	2025-04-01	2025-04-01	f	Wanderley	4	2000	17
244	2025-04-01	2025-04-01	f	Estagirio Italo	4	1000	17
260	2025-05-01	2025-05-01	t	Samia	4	1805	17
243	2025-04-01	2025-04-01	f	Samia 	4	1405	17
261	2024-11-01	2025-05-01	t	Despesas conjuntas aluguel Samia etc	0	6050	17
262	2024-11-01	2025-05-01	t	Despesas conjuntas aluguel Samia etc	0	6050	17
263	2025-05-02	2025-05-02	t	5 CABOS USB-C	0	125	17
264	2025-05-07	2025-05-07	t	Propaganda iphone 13	0	350	17
265	2025-05-14	2025-05-14	t	Capinhas e Pelculas	0	180	17
266	2025-05-19	2025-05-19	t	Propaganda iphone 13	0	200	17
267	2025-05-26	2025-05-26	t	Capinhas e Pelculas	0	350	17
268	2025-05-27	2025-05-27	t	Propaganda iphone 13	0	350	17
269	2025-06-08	2025-06-08	t	Propaganda iphone 13	0	300	17
270	2025-06-10	2025-06-10	t	Capinhas e Pelculas	0	382	17
271	2025-06-16	2025-06-16	t	Propaganda iphone 13	0	220	17
272	2025-06-23	2025-06-23	t	Capinhas e Pelculas	0	134	17
273	2025-06-26	2025-06-26	t	Propaganda iPhone 11	0	300	17
274	2025-06-26	2025-06-26	t	Sacolas	0	530	17
275	2025-07-01	2025-06-30	t	Estagirio Italo	4	1200	17
276	2025-07-02	2025-07-02	t	Propaganda iPhone 11	0	350	17
277	2025-07-08	2025-07-08	t	Capinhas e peliculas	0	440	17
278	2025-07-09	2025-07-09	t	Propaganda iPhone 11	0	300	17
279	2025-07-15	2025-07-15	t	Propaganda iPhone 11	0	300	17
280	2025-07-15	2025-07-15	t	Capas e Acessrios iPhone 11	0	77	17
281	2025-07-21	2025-07-21	t	Bateria 12 Pro	0	140	17
282	2025-07-21	2025-07-21	t	Capinhas e peliculas	0	373	17
283	2025-07-22	2025-07-22	t	Capinhas e peliculas	0	100	17
284	2025-07-22	2025-07-22	t	Propaganda iPhone 11	0	300	17
285	2025-08-02	2025-08-02	t	Vinicius	4	500	17
286	2025-08-04	2025-08-04	t	Propaganda iPhone 11	0	300	17
287	2025-08-07	2025-08-07	t	Capinhas e peliculas	0	204	17
288	2025-08-11	2025-08-11	t	Propaganda iPhone 11	0	300	17
\.


--
-- Data for Name: Despesas_despesa; Type: TABLE DATA; Schema: public; Owner: unicatech
--

COPY public."Despesas_despesa" (id, criados, modificado, ativo, despesa_id, movimentacao_id) FROM stdin;
3	2023-12-01	2024-01-21	t	5	437
4	2024-01-05	2024-01-21	t	16	441
6	2024-01-01	2024-01-31	t	5	463
7	2024-01-01	2024-01-31	t	18	464
11	2024-02-13	2024-02-13	t	23	542
12	2024-02-16	2024-02-16	t	24	551
13	2024-02-16	2024-02-18	t	25	552
14	2024-01-01	2024-02-25	t	20	589
15	2024-02-01	2024-03-02	t	5	599
16	2024-02-01	2024-03-02	t	18	600
17	2024-02-01	2024-03-26	t	20	751
26	2024-02-01	2024-03-31	t	26	806
27	2024-03-01	2024-04-01	t	5	807
28	2024-03-01	2024-04-01	t	18	808
29	2024-03-01	2024-04-01	t	26	809
31	2024-04-02	2024-04-14	t	30	849
32	2024-04-09	2024-04-14	t	31	850
33	2024-04-14	2024-04-14	t	32	851
34	2024-04-17	2024-04-17	t	33	861
35	2024-04-18	2024-04-18	t	34	868
69	2024-04-24	2024-04-24	t	67	923
70	2024-03-01	2024-04-25	t	20	927
71	2024-04-26	2024-04-26	t	68	929
72	2024-04-01	2024-05-01	t	5	940
73	2024-04-01	2024-05-01	t	18	941
74	2024-04-01	2024-05-01	t	26	942
75	2024-04-01	2024-05-05	t	29	957
76	2024-05-05	2024-05-05	t	69	958
77	2024-05-05	2024-05-05	t	70	959
78	2024-05-08	2024-05-08	t	71	969
79	2024-05-08	2024-05-08	t	72	970
80	2024-05-08	2024-05-08	t	73	971
81	2024-05-08	2024-05-08	t	74	972
82	2024-05-13	2024-05-13	t	75	988
83	2024-05-14	2024-05-14	t	76	991
84	2024-05-14	2024-05-14	t	77	992
85	2024-05-14	2024-05-14	t	78	993
86	2024-05-15	2024-05-15	t	79	994
87	2024-05-15	2024-05-16	t	80	1005
88	2024-05-16	2024-05-16	t	81	1006
90	2024-05-21	2024-05-21	t	82	1020
91	2024-05-21	2024-05-21	t	83	1021
92	2024-05-22	2024-05-22	t	84	1029
93	2024-05-22	2024-05-22	t	85	1041
94	2024-05-22	2024-05-22	t	86	1042
95	2024-05-23	2024-05-23	t	87	1046
96	2024-04-01	2024-05-25	t	20	1062
97	2024-05-01	2024-06-01	t	5	1095
98	2024-05-01	2024-06-01	t	18	1096
99	2024-05-01	2024-06-01	t	26	1097
100	2024-06-03	2024-06-03	t	88	1104
102	2024-06-04	2024-06-04	t	90	1106
103	2024-06-04	2024-06-04	t	91	1107
104	2024-06-05	2024-06-05	t	92	1112
105	2024-06-08	2024-06-08	t	93	1130
106	2024-06-10	2024-06-10	t	94	1144
107	2024-06-14	2024-06-15	t	95	1166
108	2024-06-12	2024-06-15	t	96	1167
109	2024-06-12	2024-06-15	t	97	1168
110	2024-06-17	2024-06-17	t	98	1180
111	2024-06-17	2024-06-17	t	99	1181
115	2024-06-20	2024-06-20	t	102	1196
118	2024-06-20	2024-06-20	f	105	1199
117	2024-06-20	2024-06-20	f	104	1198
116	2024-06-20	2024-06-20	f	103	1197
119	2024-06-20	2024-06-20	f	106	1200
120	2024-06-20	2024-06-20	f	107	1201
121	2024-06-20	2024-06-20	t	108	1204
122	2024-06-20	2024-06-20	t	109	1205
123	2024-06-21	2024-06-21	t	110	1206
124	2024-06-22	2024-06-22	t	111	1217
125	2024-06-24	2024-06-24	t	112	1224
126	2024-06-25	2024-06-25	t	113	1232
127	2024-06-28	2024-06-28	t	114	1234
128	2024-06-28	2024-06-28	t	115	1235
129	2024-07-01	2024-06-30	t	116	1239
130	2024-06-01	2024-07-01	t	5	1240
131	2024-06-01	2024-07-01	t	18	1241
132	2024-06-01	2024-07-01	t	26	1242
133	2024-07-01	2024-07-01	t	117	1243
134	2024-07-01	2024-07-01	t	118	1244
114	2024-05-01	2024-06-20	f	101	1195
101	2024-06-04	2024-06-04	f	89	1105
112	2024-05-01	2024-06-19	f	100	1193
136	2024-07-03	2024-07-03	t	122	1253
135	2024-07-10	2024-07-03	f	121	1252
137	2024-07-03	2024-07-03	t	123	1254
138	2024-07-03	2024-07-03	t	124	1255
139	2024-07-04	2024-07-04	t	125	1267
140	2024-07-12	2024-07-12	f	126	1326
141	2024-07-12	2024-07-12	t	127	1327
145	2024-07-22	2024-07-22	t	128	1358
146	2024-07-22	2024-07-22	t	129	1360
147	2024-07-23	2024-07-23	t	130	1363
148	2024-07-27	2024-07-27	t	131	1397
149	2024-07-29	2024-07-29	t	132	1400
150	2024-07-30	2024-07-30	t	133	1405
153	2024-07-01	2024-07-31	f	26	1413
152	2024-07-01	2024-07-31	f	18	1412
151	2024-07-01	2024-07-31	f	5	1411
156	2024-07-01	2024-07-31	f	136	1416
155	2024-07-01	2024-07-31	f	135	1415
154	2024-07-01	2024-07-31	f	134	1414
157	2024-07-01	2024-08-01	t	137	1417
158	2024-07-01	2024-08-01	t	138	1418
159	2024-07-01	2024-08-01	t	139	1419
160	2024-08-01	2024-08-01	t	140	1420
161	2024-08-02	2024-08-02	t	141	1430
162	2024-08-06	2024-08-06	t	142	1440
163	2024-08-06	2024-08-06	t	143	1441
164	2024-08-06	2024-08-06	t	144	1445
165	2024-08-07	2024-08-07	t	145	1446
143	2024-06-01	2024-07-20	f	119	1353
68	2024-03-01	2024-04-20	f	28	903
166	2024-08-07	2024-08-07	t	146	1447
167	2024-08-10	2024-08-10	t	147	1460
168	2024-08-13	2024-08-13	t	148	1466
169	2024-08-13	2024-08-13	t	149	1467
170	2024-08-17	2024-08-17	t	150	1486
171	2024-08-19	2024-08-19	t	151	1487
172	2024-08-19	2024-08-19	t	152	1488
173	2024-08-19	2024-08-19	t	153	1489
174	2024-08-19	2024-08-19	t	154	1490
178	2024-08-20	2024-08-20	t	155	1503
179	2024-08-21	2024-08-21	t	156	1506
180	2024-08-27	2024-08-27	t	157	1554
181	2024-08-27	2024-08-27	t	158	1559
182	2024-08-27	2024-08-27	t	159	1560
183	2024-09-01	2024-08-28	f	160	1573
144	2024-06-01	2024-07-20	f	120	1354
177	2024-07-01	2024-08-20	f	120	1496
176	2024-07-01	2024-08-20	f	119	1495
89	2024-04-01	2024-05-20	f	28	1015
113	2024-05-01	2024-06-20	f	28	1194
142	2024-06-01	2024-07-20	f	28	1352
175	2024-07-01	2024-08-20	f	28	1494
184	2024-08-29	2024-08-29	t	162	1590
245	2024-12-26	2024-12-26	t	202	1971
187	2024-08-30	2024-08-30	f	167	1595
186	2024-08-30	2024-08-30	f	166	1594
188	2024-08-01	2024-09-01	t	137	1599
189	2024-08-01	2024-09-01	t	138	1600
190	2024-08-01	2024-09-01	t	139	1601
191	2024-08-01	2024-09-01	t	161	1602
193	2024-08-01	2024-09-01	t	165	1604
194	2024-09-01	2024-09-01	t	168	1605
195	2024-09-01	2024-09-01	t	169	1606
196	2024-09-03	2024-09-03	t	170	1608
197	2024-09-03	2024-09-03	t	171	1611
198	2024-09-09	2024-09-09	t	172	1637
199	2024-09-09	2024-09-09	f	173	1638
200	2024-09-10	2024-09-10	t	174	1642
201	2024-09-10	2024-09-10	t	175	1645
202	2024-09-10	2024-09-10	t	176	1646
203	2024-09-11	2024-09-11	t	177	1656
204	2024-09-11	2024-09-11	t	178	1669
205	2024-09-16	2024-09-16	t	179	1686
206	2024-09-17	2024-09-17	t	180	1690
207	2024-09-21	2024-09-21	t	181	1711
208	2024-09-28	2024-09-28	t	182	1718
211	2024-09-01	2024-09-30	f	139	1723
210	2024-09-01	2024-09-30	f	138	1722
209	2024-09-01	2024-09-30	f	137	1721
212	2024-09-01	2024-09-30	f	161	1724
249	2024-12-31	2024-12-31	t	206	1987
214	2024-09-01	2024-09-30	f	165	1726
185	2024-07-01	2024-08-29	f	164	1591
215	2024-09-01	2024-10-01	t	138	1727
216	2024-09-01	2024-10-01	t	137	1728
217	2024-09-01	2024-10-01	t	161	1729
219	2024-09-01	2024-10-01	t	165	1731
220	2024-09-01	2024-10-01	t	139	1732
221	2024-10-01	2024-10-01	t	183	1733
222	2024-10-01	2024-10-01	t	184	1734
192	2024-08-01	2024-09-01	f	163	1603
213	2024-09-01	2024-09-30	f	163	1725
218	2024-09-01	2024-10-01	f	163	1730
223	2024-10-04	2024-10-06	t	185	1740
224	2024-10-29	2024-10-29	t	186	1768
229	2024-10-01	2024-10-31	f	139	1776
228	2024-10-01	2024-10-31	f	165	1775
227	2024-10-01	2024-10-31	f	161	1774
226	2024-10-01	2024-10-31	f	137	1773
225	2024-10-01	2024-10-31	f	138	1772
230	2024-11-12	2024-11-12	t	187	1821
231	2024-11-12	2024-11-12	t	188	1822
232	2024-11-18	2024-11-18	t	189	1833
233	2024-11-25	2024-11-25	t	190	1840
234	2024-12-06	2024-12-06	t	191	1854
235	2024-12-06	2024-12-06	t	192	1858
236	2024-12-07	2024-12-07	t	193	1859
237	2024-12-10	2024-12-10	t	194	1879
238	2024-12-10	2024-12-10	t	195	1880
239	2024-12-15	2024-12-15	t	196	1914
240	2024-12-16	2024-12-16	t	197	1916
241	2024-12-18	2024-12-18	t	198	1921
242	2024-12-18	2024-12-18	t	199	1922
243	2024-12-18	2024-12-18	t	200	1923
244	2024-12-19	2024-12-19	t	201	1931
250	2024-12-31	2024-12-31	t	207	1988
251	2024-12-01	2024-12-31	t	208	1991
252	2024-12-01	2024-12-31	t	209	1992
254	2024-12-01	2024-12-31	t	211	1994
247	2024-12-31	2024-12-31	f	204	1985
248	2024-12-31	2024-12-31	f	205	1986
246	2024-12-31	2024-12-31	f	203	1984
255	2024-11-01	2025-01-01	t	208	1995
256	2024-11-01	2025-01-01	t	209	1996
258	2024-11-01	2025-01-01	t	211	1998
266	2024-09-01	2025-01-01	f	211	2006
264	2024-09-01	2025-01-01	f	209	2004
263	2024-09-01	2025-01-01	f	208	2003
262	2024-10-01	2025-01-01	f	211	2002
260	2024-10-01	2025-01-01	f	209	2000
259	2024-10-01	2025-01-01	f	208	1999
267	2025-01-01	2025-01-01	f	212	2007
268	2025-01-01	2025-01-01	f	213	2008
269	2025-01-06	2025-01-06	t	214	2016
270	2025-01-08	2025-01-08	t	215	2025
271	2025-01-09	2025-01-09	t	216	2034
272	2025-01-18	2025-01-18	t	217	2067
273	2025-01-18	2025-01-18	t	218	2068
274	2025-01-18	2025-01-18	t	219	2069
275	2025-01-20	2025-01-20	t	220	2081
276	2025-01-27	2025-01-27	t	221	2090
277	2025-01-15	2025-02-01	f	222	2102
278	2025-01-01	2025-02-01	f	223	2103
279	2025-01-01	2025-02-01	t	211	2106
281	2025-01-01	2025-02-01	t	209	2108
282	2025-01-01	2025-02-01	t	208	2109
283	2025-02-03	2025-02-03	t	224	2110
284	2025-02-11	2025-02-11	t	225	2132
285	2025-02-14	2025-02-14	t	226	2135
286	2025-02-14	2025-02-14	t	227	2136
287	2025-02-19	2025-02-19	t	228	2161
288	2025-02-26	2025-02-26	t	229	2175
289	2025-02-01	2025-03-01	t	211	2200
291	2025-02-01	2025-03-01	t	209	2202
292	2025-02-01	2025-03-01	t	208	2203
293	2025-03-05	2025-03-05	t	230	2218
294	2025-02-01	2025-03-06	t	231	2234
295	2025-03-07	2025-03-08	t	232	2256
296	2025-03-10	2025-03-10	t	233	2260
297	2025-03-13	2025-03-13	t	234	2275
298	2025-03-21	2025-03-21	t	235	2312
299	2025-03-28	2025-03-28	t	236	2352
253	2024-12-01	2024-12-31	f	210	1993
257	2024-11-01	2025-01-01	f	210	1997
261	2024-10-01	2025-01-01	f	210	2001
265	2024-09-01	2025-01-01	f	210	2005
280	2025-01-01	2025-02-01	f	210	2107
290	2025-02-01	2025-03-01	f	210	2201
300	2025-02-01	2025-03-29	t	237	2353
305	2025-03-01	2025-03-31	f	237	2365
304	2025-03-01	2025-03-31	f	208	2364
303	2025-03-01	2025-03-31	f	209	2363
302	2025-03-01	2025-03-31	f	211	2362
301	2025-03-01	2025-03-31	f	231	2361
307	2025-03-01	2025-04-01	f	239	2367
308	2025-03-01	2025-04-01	f	239	2369
309	2025-03-01	2025-04-01	f	239	2370
306	2025-03-01	2025-04-01	f	238	2366
354	2025-05-19	2025-05-19	t	266	2605
355	2025-05-26	2025-05-26	t	267	2640
310	2025-03-01	2025-04-01	f	240	2371
311	2025-03-01	2025-04-01	t	243	2372
312	2025-03-01	2025-04-01	t	244	2373
313	2025-03-01	2025-04-01	t	245	2374
314	2025-03-01	2025-04-01	t	246	2375
315	2025-03-01	2025-04-01	t	241	2376
316	2025-03-01	2025-04-01	t	242	2377
317	2025-04-01	2025-04-01	f	247	2378
318	2025-04-01	2025-04-01	t	248	2379
319	2025-04-02	2025-04-02	t	249	2391
320	2025-04-03	2025-04-03	t	250	2401
321	2025-04-07	2025-04-07	t	251	2424
322	2025-04-07	2025-04-07	t	252	2425
323	2025-04-10	2025-04-10	t	253	2443
324	2025-04-11	2025-04-11	t	254	2444
325	2025-04-12	2025-04-12	t	255	2452
326	2025-04-14	2025-04-14	t	256	2457
327	2025-04-17	2025-04-17	t	257	2472
328	2025-04-23	2025-04-23	t	258	2495
334	2025-04-01	2025-04-30	f	242	2517
333	2025-04-01	2025-04-30	f	241	2516
332	2025-04-01	2025-04-30	f	246	2515
331	2025-04-01	2025-04-30	f	245	2514
330	2025-04-01	2025-04-30	f	244	2513
329	2025-04-01	2025-04-30	f	243	2512
340	2025-04-01	2025-04-30	f	242	2523
339	2025-04-01	2025-04-30	f	241	2522
338	2025-04-01	2025-04-30	f	246	2521
337	2025-04-01	2025-04-30	f	245	2520
336	2025-04-01	2025-04-30	f	244	2519
335	2025-04-01	2025-04-30	f	243	2518
342	2025-04-01	2025-05-01	t	244	2528
343	2025-04-01	2025-05-01	t	245	2529
344	2025-04-01	2025-05-01	t	246	2530
345	2025-04-01	2025-05-01	t	241	2531
347	2025-04-01	2025-05-01	t	259	2533
348	2025-04-01	2025-05-01	t	260	2534
341	2025-04-01	2025-05-01	f	243	2527
346	2025-04-01	2025-05-01	f	242	2532
349	2024-11-01	2025-05-01	f	261	2535
350	2024-11-01	2025-05-01	f	262	2536
351	2025-05-02	2025-05-02	t	263	2541
352	2025-05-07	2025-05-07	t	264	2556
353	2025-05-14	2025-05-14	t	265	2585
356	2025-05-27	2025-05-27	t	268	2643
357	2025-05-01	2025-06-02	t	244	2674
358	2025-05-01	2025-06-02	t	245	2675
359	2025-05-01	2025-06-02	t	246	2676
360	2025-05-01	2025-06-02	t	241	2677
361	2025-05-01	2025-06-02	t	259	2678
362	2025-05-01	2025-06-02	t	260	2679
363	2025-06-08	2025-06-08	t	269	2727
364	2025-06-10	2025-06-10	t	270	2746
365	2025-06-16	2025-06-16	t	271	2771
366	2025-06-23	2025-06-23	t	272	2810
367	2025-06-26	2025-06-26	t	273	2819
368	2025-06-26	2025-06-26	t	274	2827
369	2025-05-01	2025-06-30	f	275	2838
370	2025-05-01	2025-06-30	f	275	2839
371	2025-05-01	2025-06-30	f	275	2840
372	2025-06-01	2025-07-01	t	245	2848
373	2025-06-01	2025-07-01	t	246	2849
374	2025-06-01	2025-07-01	t	241	2850
375	2025-06-01	2025-07-01	t	259	2851
376	2025-06-01	2025-07-01	t	260	2852
377	2025-06-01	2025-07-01	t	275	2853
378	2025-07-02	2025-07-02	t	276	2862
379	2025-07-08	2025-07-08	t	277	2893
380	2025-07-09	2025-07-09	t	278	2898
381	2025-07-15	2025-07-15	t	279	2938
382	2025-07-15	2025-07-15	t	280	2941
383	2025-07-21	2025-07-21	t	281	2965
384	2025-07-21	2025-07-21	t	282	2966
385	2025-07-22	2025-07-22	t	283	2967
386	2025-07-22	2025-07-22	t	284	2969
387	2025-07-01	2025-08-02	t	245	2981
388	2025-07-01	2025-08-02	t	246	2982
389	2025-07-01	2025-08-02	t	241	2983
390	2025-07-01	2025-08-02	t	259	2984
391	2025-07-01	2025-08-02	t	260	2985
392	2025-07-01	2025-08-02	t	275	2986
393	2025-07-01	2025-08-02	t	285	2987
394	2025-08-04	2025-08-04	t	286	3014
395	2025-08-07	2025-08-07	t	287	3048
396	2025-08-11	2025-08-11	t	288	3059
\.


--
-- Data for Name: Produtos_categoriaproduto; Type: TABLE DATA; Schema: public; Owner: unicatech
--

COPY public."Produtos_categoriaproduto" (id, criados, modificado, ativo, categoria) FROM stdin;
1	2023-05-29	2023-05-29	t	iPhone
2	2023-05-29	2023-05-29	t	Macbook
3	2023-05-29	2023-05-29	t	iPad
4	2023-12-26	2023-12-26	t	Acessrios
5	2024-12-22	2024-12-22	t	Peas
\.


--
-- Data for Name: Produtos_produto; Type: TABLE DATA; Schema: public; Owner: unicatech
--

COPY public."Produtos_produto" (id, criados, modificado, ativo, "SKU", "NomeProduto", estoque, categoria_id) FROM stdin;
13	2023-10-30	2023-10-30	t		iPhone 12 Pro 128Gb Prata	0	1
39	2023-12-26	2023-12-26	t		Cabo USB-C	7	4
108	2025-04-08	2025-04-08	t		iPhone 12 128Gb Verde	0	1
63	2024-06-05	2024-06-05	t		iPhone 14 Pro Max 256Gb Roxo	0	1
14	2023-10-30	2023-10-30	t		iPhone 13 Pro Max 256Gb Gold	0	1
95	2025-02-13	2025-02-13	t		iPhone 15 128Gb Rosa	0	1
54	2024-03-23	2024-03-23	t		iPhone 11 128Gb Vermelho	6	1
77	2024-08-27	2024-08-27	t		iPhone 13 Pro 128Gb Verde	2	1
62	2024-06-05	2024-06-05	t		iPhone 13 Pro Max 128Gb Prata	0	1
49	2024-03-13	2024-03-13	t		LACRADO iPhone 13 128Gb Branco	0	1
80	2024-09-16	2024-09-16	t		Bateria iPhone 11	36	5
43	2024-01-11	2024-01-11	t		iPhone 15 Pro Max 256Gb Prata	0	1
31	2023-11-30	2023-11-30	t		iPhone 11 Pro 256Gb Prata	0	1
78	2024-08-27	2024-08-27	t		iPhone 13 128Gb Preto	0	1
58	2024-05-01	2024-05-01	t		iPhone 14 Plus 128Gb Azul	0	1
25	2023-11-17	2023-11-17	t		iPhone 11 64Gb Verde	0	1
11	2023-10-30	2023-10-30	t		iPhone 12 Pro Max 256Gb Gold	0	1
68	2024-07-04	2024-07-04	t		iPhone 12 Pro Max 128Gb Preto	0	1
8	2023-10-30	2023-10-30	t		iPhone 11 Pro Max 64Gb Prata	0	1
33	2023-11-30	2023-11-30	t		iPhone 13 256Gb Branco	0	1
30	2023-11-30	2023-11-30	t		iPhone 11 Pro 256Gb Gold	0	1
103	2025-02-26	2025-02-26	t		iPhone 13 512Gb Branco	0	1
89	2024-11-09	2024-11-09	t		LACRADO iPhone 16 Pro Max 256Gb Prata	0	1
109	2025-04-22	2025-04-22	t		iPhone 12 256Gb Azul	0	1
32	2023-11-30	2023-11-30	t		iPhone 13 128Gb Branco	1	1
17	2023-10-30	2023-10-30	t		iPhone 13 Pro Max 256Gb Preto	0	1
87	2024-10-29	2024-10-29	t		iPhone 13 Pro 128Gb Gold	0	1
55	2024-04-17	2024-04-17	t		LACRADO iPhone 15 Pro Max 256Gb Natural	0	1
50	2024-03-16	2024-03-16	t		iPhone Xr 128Gb Preto	0	1
15	2023-10-30	2023-10-30	t		iPhone 8 Plus 64Gb Gold	0	1
64	2024-06-05	2024-06-05	t		iPhone 14 Pro Max 256Gb Preto	5	1
36	2023-11-30	2023-11-30	t		iPhone 12 Pro Max 128Gb Prata	0	1
12	2023-10-30	2023-10-30	t		iPhone 12 Pro 128Gb Gold	0	1
29	2023-11-30	2023-11-30	t		iPhone 11 128Gb Roxo	6	1
47	2024-02-23	2024-02-23	t		iPhone 13 128Gb Vermelho	0	1
48	2024-03-13	2024-03-13	t		LACRADO iPhone 13 128Gb Rosa	0	1
5	2023-10-30	2023-10-30	t		iPhone 11 Pro 64Gb Gold	0	1
74	2024-08-12	2024-08-12	t		iPhone 14 128Gb Azul	0	1
35	2023-11-30	2023-11-30	t		iPhone 13 256Gb Azul	0	1
21	2023-11-17	2023-11-17	t		iPhone 13 Pro Max 128Gb Gold	0	1
38	2023-12-26	2023-12-26	t		Carregador Turbo 20W	8	4
41	2023-12-31	2023-12-31	t		iPhone 11 64Gb Amarelo	0	1
23	2023-11-17	2023-11-17	t		iPhone 11 64Gb Vermelho	0	1
6	2023-10-30	2023-10-30	t		iPhone 11 Pro 64Gb Prata	0	1
85	2024-10-29	2024-10-29	t		iPhone 14 Pro Max 128Gb Prata	0	1
59	2024-05-15	2024-05-15	t		iPhone 11 Pro Max 64Gb Gold	0	1
83	2024-10-29	2024-10-29	t		iPhone 14 Pro Max 128Gb Preto	0	1
93	2025-01-05	2025-01-05	t		Flex Fone iPhone 13	10	5
67	2024-07-04	2024-07-04	t		iPhone 12 Pro Max 128Gb Azul	0	1
10	2023-10-30	2023-10-30	t		iPhone 12 Pro Max 128Gb Gold	0	1
92	2025-01-05	2025-01-05	t		Vidro iPhone 13	89	5
22	2023-11-17	2023-11-17	t		iPhone 11 64Gb Preto	0	1
88	2024-11-09	2024-11-09	t		LACRADO iPhone 16 Pro Max 256Gb Desert	0	1
46	2024-02-23	2024-02-23	t		iPhone 13 128Gb Verde	0	1
79	2024-08-27	2024-08-27	t		iPhone 13 Pro 128Gb Preto	0	1
101	2025-02-26	2025-02-26	t		iPhone 13 512Gb Azul	0	1
27	2023-11-17	2023-11-17	t		iPhone 13 128Gb Azul	0	1
97	2025-02-13	2025-02-13	t		iPhone 15 128Gb Preto	1	1
19	2023-11-17	2023-11-17	t		iPhone 13 Pro Max 128Gb Preto	4	1
51	2024-03-23	2024-03-23	t		iPhone 11 128Gb Amarelo	3	1
100	2025-02-19	2025-02-19	t		teste1	0	1
65	2024-06-05	2024-06-05	t		iPhone 14 Pro Max 256Gb Gold	0	1
24	2023-11-17	2023-11-17	t		iPhone 11 64Gb Roxo	2	1
66	2024-06-05	2024-06-05	t		iPhone 14 Pro Max 256Gb Prata	0	1
96	2025-02-13	2025-02-13	t		iPhone 15 128Gb Azul	2	1
90	2024-12-22	2024-12-22	t		Carcaa iPhone 13 rosa	20	5
76	2024-08-27	2024-08-27	t		iPhone 13 Pro 128Gb Azul	8	1
52	2024-03-23	2024-03-23	t		iPhone 11 128Gb Preto	21	1
98	2025-02-13	2025-02-13	t		iPhone 15 256Gb Preto	0	1
34	2023-11-30	2023-11-30	t		iPhone 13 128Gb Rosa	0	1
69	2024-07-04	2024-07-04	t		iPhone 13 Pro Max 128Gb Verde	2	1
102	2025-02-26	2025-02-26	t		iPhone 13 512Gb Rosa	0	1
60	2024-05-22	2024-05-22	t		iPhone 14 Pro Max 128Gb Roxo	0	1
81	2024-10-28	2024-10-28	t		Bateria iPhone 13	57	5
99	2025-02-13	2025-02-13	t		iPhone 15 256Gb Rosa	0	1
107	2025-03-24	2025-03-24	t		Cabo USB-C USB-C	15	4
20	2023-11-17	2023-11-17	t		iPhone 13 Pro Max 128Gb Azul	5	1
53	2024-03-23	2024-03-23	t		iPhone 11 128Gb Verde	1	1
105	2025-02-26	2025-02-26	t		iPhone 13 512Gb Preto	0	1
94	2025-01-29	2025-01-29	t		Tela iPhone 13 Princess	0	5
104	2025-02-26	2025-02-26	t		iPhone 13 512Gb Verde	0	1
82	2024-10-28	2024-10-28	t		Carcaa iPhone 13 Branca	13	5
16	2023-10-30	2023-10-30	t		iPhone Xr 64Gb Preto	0	1
86	2024-10-29	2024-10-29	t		iPhone 14 Pro Max 128Gb Gold	0	1
28	2023-11-30	2023-11-30	t		iPhone 11 128Gb Branco	2	1
40	2023-12-31	2023-12-31	t		iPhone 11 64Gb Branco	0	1
9	2023-10-30	2023-10-30	t		iPhone 12 64Gb Branco	1	1
133	2025-07-21	2025-07-21	t		iPhone 14 Pro 128Gb Preto	0	1
121	2025-05-26	2025-05-26	t		iPhone 14 Pro 128Gb Prata	3	1
126	2025-05-26	2025-05-26	t		Bateria iPhone 13 Pro Max	7	5
124	2025-05-26	2025-05-26	t		Bateria iPhone 13 Pro	0	5
125	2025-05-26	2025-05-26	t		Bateria iPhone 14 Pro	0	5
116	2025-05-08	2025-05-08	t		Carcaa iPhone 11 Branca	3	5
127	2025-05-26	2025-05-26	t		Vidro + Touch iPhone 11	30	5
122	2025-05-26	2025-05-26	t		Dock de carga iPhone 13 Pro	2	5
117	2025-05-26	2025-05-26	t		Tela iPhone 11 Princess	30	5
120	2025-05-26	2025-05-26	t		iPhone 14 Pro 128Gb Gold	0	1
114	2025-04-25	2025-04-25	t		iPhone 15 Pro Max 256Gb Preto	0	1
118	2025-05-26	2025-05-26	t		iPhone 11 256Gb Branco	0	1
115	2025-04-25	2025-04-25	t		iPhone 15 Pro Max 256Gb Branco	0	1
129	2025-06-15	2025-06-15	t		Dock de Carga iPhone 11	20	5
128	2025-06-15	2025-06-15	t		Dock de Carga iPhone 13	5	5
111	2025-04-25	2025-04-25	t		iPhone 15 Pro Max 256Gb Natural	0	1
123	2025-05-26	2025-05-26	t		Cmera Traseira iPhone 14 Pro	0	5
130	2025-06-15	2025-06-15	t		Cmera Traseira iPhone 11	4	5
119	2025-05-26	2025-05-26	t		iPhone 14 Pro 128Gb Roxo	0	1
132	2025-07-09	2025-07-09	t		Flex Faceid iPhone 11	10	5
131	2025-07-07	2025-07-07	t		Flex Power Volume Up/Down iPhone 15 Pro Max	3	5
113	2025-04-25	2025-04-25	t		iPhone 15 Pro Max 256Gb Azul	1	1
\.


--
-- Data for Name: Vendas_cliente; Type: TABLE DATA; Schema: public; Owner: unicatech
--

COPY public."Vendas_cliente" (id, criados, modificado, ativo, "nomeCliente") FROM stdin;
1	2023-05-15	2023-05-15	t	George
2	2023-05-15	2023-05-15	t	Vilemar
3	2023-05-15	2023-05-15	t	Felipe
4	2023-05-15	2023-05-15	t	Amrico
5	2023-11-23	2023-11-23	t	Erverton Aracatiau
6	2023-11-24	2023-11-24	t	Natalina
7	2023-11-24	2023-11-24	t	Josivan
9	2023-11-25	2023-11-25	t	Kaian
10	2023-11-25	2023-11-25	t	Maria Kayla
11	2023-11-27	2023-11-27	t	Claudio
12	2023-11-30	2023-11-30	t	Josu
13	2023-12-02	2023-12-02	t	Jaqueline
14	2023-12-02	2023-12-02	t	Casal
15	2023-12-02	2023-12-02	t	Casal 2
16	2023-12-02	2023-12-02	t	Karolayne
17	2023-12-04	2023-12-04	t	Ana Gerlandia
18	2023-12-04	2023-12-04	t	Bruno Costa
19	2023-12-04	2023-12-04	t	Luzinara
20	2023-12-04	2023-12-04	t	Helenice
21	2023-12-05	2023-12-05	t	Hanger
22	2023-12-05	2023-12-05	t	Baiano
23	2023-12-09	2023-12-09	t	Joo Paula
24	2023-12-09	2023-12-09	t	Willer
25	2023-12-11	2023-12-11	t	Biatriz
26	2023-12-12	2023-12-12	t	Kethlen
27	2023-12-12	2023-12-12	t	Nicole
28	2023-12-13	2023-12-13	t	Menina com Filhos
29	2023-12-13	2023-12-13	t	Rosilene
30	2023-12-13	2023-12-13	t	Ana Ferreira
31	2023-12-13	2023-12-13	t	Maria Sousa
32	2023-12-14	2023-12-14	t	Antonio Gomes
33	2023-12-14	2023-12-14	t	Lilia Soares
34	2023-12-14	2023-12-14	t	Maria Jose
35	2023-12-15	2023-12-15	t	Manoel Junior
36	2023-12-18	2023-12-18	t	Wanderley
37	2023-12-19	2023-12-19	t	Kauane
38	2023-12-19	2023-12-19	t	Estemara
39	2023-12-19	2023-12-19	t	Javan
40	2023-12-20	2023-12-20	t	Canafistula
41	2023-12-20	2023-12-20	t	Joao Victor
42	2023-12-21	2023-12-21	t	Menino da Votorantim 
43	2023-12-22	2023-12-22	t	Rayenne
44	2023-12-22	2023-12-22	t	Carliane
45	2023-12-23	2023-12-23	t	Jamyla
46	2023-12-23	2023-12-23	t	Gleice do Claudio
47	2023-12-26	2023-12-26	t	Italo
48	2023-12-26	2023-12-26	t	Samuel
49	2023-12-26	2023-12-26	t	David
50	2023-12-27	2023-12-27	t	Ruyan
51	2023-12-27	2023-12-27	t	Jos Luis
52	2023-12-27	2023-12-27	t	Francisco Vieira
53	2023-12-27	2023-12-27	t	Joao Souza
54	2023-12-29	2023-12-29	t	Terezinha
55	2023-12-29	2023-12-29	t	Salatiel
56	2023-12-29	2023-12-29	t	Carlos Eduardo
57	2023-12-30	2023-12-30	t	Carlos Gustavo
58	2024-01-02	2024-01-02	t	Leiliane
59	2024-01-03	2024-01-03	t	John
60	2024-01-04	2024-01-04	t	Thielly
61	2024-01-04	2024-01-04	t	Casal com a me
62	2024-01-08	2024-01-08	t	Thamires
63	2024-01-08	2024-01-08	t	Isabele
64	2024-01-10	2024-01-10	t	Muller
65	2024-01-10	2024-01-10	t	Venda Avulsa
66	2024-01-11	2024-01-11	t	Luana
67	2024-01-13	2024-01-13	t	Alessandra
68	2024-01-15	2024-01-15	t	Tamires
69	2024-01-15	2024-01-15	t	Vania
70	2024-01-16	2024-01-16	t	Nicole Propaganda
71	2024-01-17	2024-01-17	t	Rayane
72	2024-01-26	2024-01-26	t	Nara Samia
73	2024-01-27	2024-01-27	t	Sandra
74	2024-01-29	2024-01-29	t	Tatiane
75	2024-01-30	2024-01-30	t	Neurilane
76	2024-01-30	2024-01-30	t	Adriano
77	2024-01-31	2024-01-31	t	Vitria
78	2024-02-01	2024-02-01	t	Nayara N
79	2024-02-02	2024-02-02	t	Paulinho
80	2024-02-03	2024-02-03	t	Maria Luiza
81	2024-02-03	2024-02-03	t	Francisco
82	2024-02-03	2024-02-03	t	Antonio Rodrigues
83	2024-02-05	2024-02-05	t	Gustavo
84	2024-02-05	2024-02-05	t	Evandro
85	2024-02-06	2024-02-06	t	Jordania
86	2024-02-06	2024-02-06	t	Wagner
87	2024-02-07	2024-02-07	t	Maria Amlia
88	2024-02-07	2024-02-07	t	Maria Victoria
89	2024-02-09	2024-02-09	t	Higor
90	2024-02-09	2024-02-09	t	Kael
91	2024-02-09	2024-02-09	t	Hellen
92	2024-02-10	2024-02-10	t	Luziele
93	2024-02-14	2024-02-14	t	Leticia Uruoca
94	2024-02-15	2024-02-15	t	Rejane
95	2024-02-15	2024-02-15	t	Romulo
96	2024-02-15	2024-02-15	t	Hellen
97	2024-02-20	2024-02-20	t	Handreara
98	2024-02-20	2024-02-20	t	Francisco Gomes
99	2024-02-20	2024-02-20	t	Jose Ferreira
100	2024-02-20	2024-02-20	t	Monalisa
101	2024-02-21	2024-02-21	t	Pamela
102	2024-02-22	2024-02-22	t	Ingrid
103	2024-02-22	2024-02-22	t	Vitoria
104	2024-02-22	2024-02-22	t	Francisco Souza
105	2024-02-23	2024-02-23	t	Thiago
106	2024-02-23	2024-02-23	t	Ariel
107	2024-02-23	2024-02-23	t	Davi
108	2024-02-24	2024-02-24	t	Raissa
109	2024-02-24	2024-02-24	t	Maria Teixeira
110	2024-02-24	2024-02-24	t	Maria Sales
111	2024-02-24	2024-02-24	t	Raimundo Coelho
112	2024-02-24	2024-02-24	t	Juliana
122	2024-02-26	2024-02-26	t	Nara
123	2024-02-26	2024-02-26	t	Kelnies
124	2024-02-29	2024-02-29	t	Camile
125	2024-02-29	2024-02-29	t	Ingrid
126	2024-03-02	2024-03-02	t	Jonildo
127	2024-03-02	2024-03-02	t	Luan
128	2024-03-02	2024-03-02	t	Ariel Barros
129	2024-03-02	2024-03-02	t	Antonia Rodrigues
130	2024-03-04	2024-03-04	t	Maria Yana
131	2024-03-04	2024-03-04	t	Alda
132	2024-03-06	2024-03-06	t	Michele Carneiro
133	2024-03-06	2024-03-06	t	Antnio Bezerra
134	2024-03-07	2024-03-07	t	Maria Clara
135	2024-03-07	2024-03-07	t	Rayra
136	2024-03-08	2024-03-08	t	Oliveira
137	2024-03-08	2024-03-08	t	Carlos
138	2024-03-08	2024-03-08	t	Ysmael
139	2024-03-08	2024-03-08	t	Italo Leandro
140	2024-03-09	2024-03-09	t	Thauane
141	2024-03-09	2024-03-09	t	Ana Lais
142	2024-03-09	2024-03-09	t	Maria Vasconcelos
143	2024-03-09	2024-03-09	t	Amigo Muller
144	2024-03-12	2024-03-12	t	Maria Oliveira
145	2024-03-13	2024-03-13	t	Nicole Oliveira
146	2024-03-13	2024-03-13	t	Ana Michela
147	2024-03-14	2024-03-14	t	Ana Souza
148	2024-03-14	2024-03-14	t	Leonardo Rocha
149	2024-03-14	2024-03-14	t	Dbora
150	2024-03-15	2024-03-15	t	Raimundo Vieira
151	2024-03-16	2024-03-16	t	Dionisio
152	2024-03-16	2024-03-16	t	Fernanda Duarte
153	2024-03-16	2024-03-16	t	Jhonatan
154	2024-03-18	2024-03-18	t	Fabiana
155	2024-03-19	2024-03-19	t	Edilane
156	2024-03-19	2024-03-19	t	Leidiane
157	2024-03-20	2024-03-20	t	Alexandrina
158	2024-03-20	2024-03-20	t	Alyson
159	2024-03-20	2024-03-20	t	Luciana
160	2024-03-20	2024-03-20	t	Ary
161	2024-03-20	2024-03-20	t	Yasmin
162	2024-03-21	2024-03-21	t	Vitria
163	2024-03-23	2024-03-23	t	Niciele
164	2024-03-23	2024-03-23	t	Glaucivania
165	2024-03-23	2024-03-23	t	Lucilene
166	2024-03-26	2024-03-26	t	Margarida
167	2024-03-26	2024-03-26	t	Glauber
168	2024-03-30	2024-03-30	t	Bruna
169	2024-03-30	2024-03-30	t	Nagle
170	2024-03-30	2024-03-30	t	Ronielle
171	2024-04-01	2024-04-01	t	Geovana
172	2024-04-01	2024-04-01	t	Samia
173	2024-04-02	2024-04-02	t	Ariane
174	2024-04-03	2024-04-03	t	Caroline
175	2024-04-03	2024-04-03	t	Any
176	2024-04-05	2024-04-05	t	Louise
177	2024-04-06	2024-04-06	t	Charlene
178	2024-04-06	2024-04-06	t	Reginaldo
179	2024-04-06	2024-04-06	t	Natalia
180	2024-04-06	2024-04-06	t	Carla
181	2024-04-09	2024-04-09	t	Evelyn
182	2024-04-09	2024-04-09	t	vila
183	2024-04-10	2024-04-10	t	Elan
184	2024-04-11	2024-04-11	t	Elan
185	2024-04-11	2024-04-11	t	Thales
186	2024-04-11	2024-04-11	t	Jackson
187	2024-04-11	2024-04-11	t	Leandro
188	2024-04-11	2024-04-11	t	Eveline
189	2024-04-11	2024-04-11	t	Nayane
190	2024-04-11	2024-04-11	t	Francisca Maria
191	2024-04-12	2024-04-12	t	Iane
192	2024-04-12	2024-04-12	t	Lucimaria
193	2024-04-12	2024-04-12	t	Kaciane
194	2024-04-12	2024-04-12	t	Romario
195	2024-04-15	2024-04-15	t	Kaylane
196	2024-04-15	2024-04-15	t	Matheus
197	2024-04-16	2024-04-16	t	Joao Ferreira
198	2024-04-17	2024-04-17	t	Camila Benvenuti
199	2024-04-17	2024-04-17	t	Lucas
200	2024-04-18	2024-04-18	t	Francisca Alexandra
201	2024-04-18	2024-04-18	t	Orlanda
202	2024-04-18	2024-04-18	t	Aparecido
203	2024-04-19	2024-04-19	t	Camila
204	2024-04-20	2024-04-20	t	Max Robson
205	2024-04-22	2024-04-22	t	Luis Gabriel
206	2024-04-22	2024-04-22	t	Iane Crisley
207	2024-04-22	2024-04-22	t	Jos Monte
208	2024-04-22	2024-04-22	t	Vitria Xavier
209	2024-04-22	2024-04-22	t	Prola
210	2024-04-22	2024-04-22	t	Karllus
211	2024-04-23	2024-04-23	t	Francisco Tavares
212	2024-04-23	2024-04-23	t	Leandro
213	2024-04-24	2024-04-24	t	Aparecida Ferreira
214	2024-04-25	2024-04-25	t	Fernando
215	2024-04-26	2024-04-26	t	Maria Vitria
216	2024-04-26	2024-04-26	t	Thayson
217	2024-04-26	2024-04-26	t	Eliardo
218	2024-04-27	2024-04-27	t	Natan
219	2024-04-27	2024-04-27	t	Vasconcelos
220	2024-04-29	2024-04-29	t	Leticia Barros
221	2024-05-02	2024-05-02	t	Douglas
222	2024-05-02	2024-05-02	t	Wesley
223	2024-05-04	2024-05-04	t	Ana Gabriela
224	2024-05-04	2024-05-04	t	Marcos
225	2024-05-06	2024-05-06	t	Samara
226	2024-05-06	2024-05-06	t	William
227	2024-05-07	2024-05-07	t	Roger
228	2024-05-08	2024-05-08	t	Alexandre
229	2024-05-08	2024-05-08	t	Maria Rita
230	2024-05-09	2024-05-09	t	Thays
231	2024-05-10	2024-05-10	t	Arthur
232	2024-05-12	2024-05-12	t	Ingrid
233	2024-05-13	2024-05-13	t	Wanderley
234	2024-05-14	2024-05-14	t	Michael
235	2024-05-15	2024-05-15	t	Kak Santos
236	2024-05-15	2024-05-15	t	Alan
237	2024-05-15	2024-05-15	t	Suesley
238	2024-05-16	2024-05-16	t	Junior Cmeras
239	2024-05-16	2024-05-16	t	Dulce Costa
240	2024-05-16	2024-05-16	t	Nagila
241	2024-05-17	2024-05-17	t	Joilson
242	2024-05-20	2024-05-20	t	Eduardo Santos
243	2024-05-20	2024-05-20	t	Jos Nilson
244	2024-05-21	2024-05-21	t	Mariana
245	2024-05-21	2024-05-21	t	Ana Clia
246	2024-05-21	2024-05-21	t	Thais
247	2024-05-23	2024-05-23	t	Neuza Duarte
248	2024-05-23	2024-05-23	t	Wellington
249	2024-05-23	2024-05-23	t	Paulo Roberto
250	2024-05-23	2024-05-23	t	Diana
251	2024-05-23	2024-05-23	t	Francisca Nascimento
252	2024-05-23	2024-05-23	t	Jamile
253	2024-05-25	2024-05-25	t	Cleane
254	2024-05-25	2024-05-25	t	Mary
255	2024-05-25	2024-05-25	t	Pedro
256	2024-05-25	2024-05-25	t	Silas
257	2024-05-27	2024-05-27	t	Maria Carneiro
258	2024-05-27	2024-05-27	t	Andreza
259	2024-05-28	2024-05-28	t	Ingrid
260	2024-05-28	2024-05-28	t	Breno
261	2024-05-28	2024-05-28	t	Francisco Magalhes
262	2024-05-29	2024-05-29	t	Andreza
263	2024-05-29	2024-05-29	t	Margarida
264	2024-05-29	2024-05-29	t	Francineuda
265	2024-05-31	2024-05-31	t	Paulo Cesar
266	2024-05-31	2024-05-31	t	Maria de Sousa
267	2024-06-02	2024-06-02	t	Drenildo
268	2024-06-02	2024-06-02	t	Maria Lucineide
269	2024-06-02	2024-06-02	t	Antonia Alves
270	2024-06-05	2024-06-05	t	Cludio
271	2024-06-06	2024-06-06	t	Claudio
272	2024-06-06	2024-06-06	t	Nalidia
273	2024-06-06	2024-06-06	t	Nathaly
274	2024-06-06	2024-06-06	t	Francisca Bezerra
275	2024-06-07	2024-06-07	t	Raimundo Cavalcante
276	2024-06-08	2024-06-08	t	Joo Felipe
277	2024-06-08	2024-06-08	t	Janaina
278	2024-06-08	2024-06-08	t	Patreze
279	2024-06-10	2024-06-10	t	Antonio Mendes
280	2024-06-10	2024-06-10	t	Ana Michelle
281	2024-06-10	2024-06-10	t	Amanda
282	2024-06-11	2024-06-11	t	Cleiton
283	2024-06-11	2024-06-11	t	Hercules
284	2024-06-12	2024-06-12	t	Margarete
285	2024-06-13	2024-06-13	t	Renata
286	2024-06-14	2024-06-14	t	Alisson
287	2024-06-14	2024-06-14	t	Nicole
288	2024-06-18	2024-06-18	t	Henrique
289	2024-06-19	2024-06-19	t	Francisco Mesquita
290	2024-06-19	2024-06-19	t	Isac
291	2024-06-19	2024-06-19	t	Bezerra
292	2024-06-19	2024-06-19	t	Simone
293	2024-06-20	2024-06-20	t	Francisca Santa
294	2024-06-21	2024-06-21	t	Italo
295	2024-06-21	2024-06-21	t	Vanessa
296	2024-06-25	2024-06-25	t	Cosmo
297	2024-06-25	2024-06-25	t	Kayane
298	2024-06-28	2024-06-28	t	Israel
299	2024-07-01	2024-07-01	t	Andressa
300	2024-07-02	2024-07-02	t	Julia
301	2024-07-02	2024-07-02	t	Barbara
302	2024-07-02	2024-07-02	t	Janderson
303	2024-07-04	2024-07-04	t	Moezio
304	2024-07-06	2024-07-06	t	Cleidiane
305	2024-07-06	2024-07-06	t	Cristina
306	2024-07-06	2024-07-06	t	Priscilla
307	2024-07-06	2024-07-06	t	Maria Mendes
308	2024-07-06	2024-07-06	t	Roberto
309	2024-07-08	2024-07-08	t	Lucio
310	2024-07-08	2024-07-08	t	Gleycon
311	2024-07-08	2024-07-08	t	Tony Ribeiro
312	2024-07-09	2024-07-09	t	Douglas
313	2024-07-09	2024-07-09	t	Deuzilane
314	2024-07-09	2024-07-09	t	Carol
315	2024-07-10	2024-07-10	t	Vitor
316	2024-07-10	2024-07-10	t	Tio
317	2024-07-10	2024-07-10	t	Regiane
318	2024-07-10	2024-07-10	t	Levir
319	2024-07-10	2024-07-10	t	Gisele
320	2024-07-12	2024-07-12	t	Junior
321	2024-07-12	2024-07-12	t	Junior
322	2024-07-13	2024-07-13	t	Jhony
323	2024-07-13	2024-07-13	t	Junim HF
324	2024-07-13	2024-07-13	t	Edson
325	2024-07-13	2024-07-13	t	Ana Flavia
326	2024-07-15	2024-07-15	t	Joo Paulo
327	2024-07-15	2024-07-15	t	Francilene
328	2024-07-16	2024-07-16	t	Alice
329	2024-07-17	2024-07-17	t	Ester
330	2024-07-17	2024-07-17	t	Laiane
331	2024-07-17	2024-07-17	t	Maria Leda
332	2024-07-17	2024-07-17	t	Marilane
333	2024-07-18	2024-07-18	t	Helio
334	2024-07-18	2024-07-18	t	Karen
335	2024-07-19	2024-07-19	t	Edmar
336	2024-07-20	2024-07-20	t	Lauren
337	2024-07-22	2024-07-22	t	Maria Carneiro
338	2024-07-22	2024-07-22	t	Joao Neto
339	2024-07-23	2024-07-23	t	Mikael
340	2024-07-23	2024-07-23	t	Emanuel
341	2024-07-23	2024-07-23	t	Emerson
342	2024-07-24	2024-07-24	t	Liliane
343	2024-07-24	2024-07-24	t	Alice
344	2024-07-24	2024-07-24	t	Hermerson
345	2024-07-24	2024-07-24	t	Ronaldo
346	2024-07-25	2024-07-25	t	Antonio Gomes
347	2024-07-25	2024-07-25	t	Antonio Gomes
348	2024-07-27	2024-07-27	t	Kau
349	2024-07-30	2024-07-30	t	Aryane
350	2024-07-30	2024-07-30	t	Rayane
351	2024-07-30	2024-07-30	t	Davi
352	2024-07-31	2024-07-31	t	Rafaela
353	2024-07-31	2024-07-31	t	Jovicleia
354	2024-08-01	2024-08-01	t	Rafael
355	2024-08-02	2024-08-02	t	Lucimeire
356	2024-08-02	2024-08-02	t	Sofia
357	2024-08-02	2024-08-02	t	Sousa
358	2024-08-05	2024-08-05	t	Margarida
359	2024-08-06	2024-08-06	t	Carla
360	2024-08-06	2024-08-06	t	Maria Severino
361	2024-08-06	2024-08-06	t	Valdirene
362	2024-08-08	2024-08-08	t	Elida
363	2024-08-08	2024-08-08	t	Mariane
364	2024-08-08	2024-08-08	t	Uesley
365	2024-08-09	2024-08-09	t	Matheus
366	2024-08-09	2024-08-09	t	Alfredo
367	2024-08-09	2024-08-09	t	Ezequiel
368	2024-08-09	2024-08-09	t	Ana
369	2024-08-12	2024-08-12	t	Sara
370	2024-08-14	2024-08-14	t	Carlos Emanuel
371	2024-08-14	2024-08-14	t	Antonia
372	2024-08-14	2024-08-14	t	Valeska
373	2024-08-14	2024-08-14	t	Shirley
374	2024-08-15	2024-08-15	t	Maria Lopes
375	2024-08-16	2024-08-16	t	Carlos Vinicius
376	2024-08-19	2024-08-19	t	Ellen
377	2024-08-20	2024-08-20	t	Maria Eliota
378	2024-08-20	2024-08-20	t	Ian
379	2024-08-21	2024-08-21	t	Ana Julia
380	2024-08-21	2024-08-21	t	Alto Ordinario
381	2024-08-22	2024-08-22	t	Leila
382	2024-08-22	2024-08-22	t	Davi
383	2024-08-22	2024-08-22	t	Caroline
384	2024-08-22	2024-08-22	t	Jenilson
385	2024-08-23	2024-08-23	t	Edutec
386	2024-08-23	2024-08-23	t	Kaylane
387	2024-08-23	2024-08-23	t	Ana CLara
388	2024-08-23	2024-08-23	t	Ana Paula
389	2024-08-23	2024-08-23	t	Regislane
390	2024-08-26	2024-08-26	t	Ariel
391	2024-08-26	2024-08-26	t	Rodrigo
392	2024-08-26	2024-08-26	t	Kelton
393	2024-08-26	2024-08-26	t	Cristineide
394	2024-08-26	2024-08-26	t	Samires
395	2024-08-27	2024-08-27	t	Marcos Batista
396	2024-08-27	2024-08-27	t	Kelton
397	2024-08-27	2024-08-27	t	Antonio Douglas
398	2024-08-27	2024-08-27	t	Francisco Araujo
399	2024-08-27	2024-08-27	t	Lya
400	2024-08-28	2024-08-28	t	Larissie
401	2024-08-28	2024-08-28	t	Edinete
402	2024-08-28	2024-08-28	t	Gleiciane
403	2024-08-28	2024-08-28	t	Pedro
404	2024-08-28	2024-08-28	t	Raquele
405	2024-08-30	2024-08-30	t	Jos Alan
406	2024-08-30	2024-08-30	t	Raiane
407	2024-09-02	2024-09-02	t	Judite
408	2024-09-03	2024-09-03	t	Djamira
409	2024-09-04	2024-09-04	t	Maria
410	2024-09-05	2024-09-05	t	Valdir Luan
411	2024-09-05	2024-09-05	t	Gerardo
412	2024-09-05	2024-09-05	t	Francisco Duarte
413	2024-09-06	2024-09-06	t	Marcio
414	2024-09-06	2024-09-06	t	Jos Vasconcelos
415	2024-09-06	2024-09-06	t	Maria Lima
416	2024-09-06	2024-09-06	t	Francisca Melo
417	2024-09-09	2024-09-09	t	Tania Maria
418	2024-09-09	2024-09-09	t	Jos Felix
419	2024-09-10	2024-09-10	t	Francisco Souza
420	2024-09-10	2024-09-10	t	Antonio Celio
421	2024-09-10	2024-09-10	t	Maria Araujo
422	2024-09-10	2024-09-10	t	Yarley
423	2024-09-11	2024-09-11	t	Tain Costa
424	2024-09-11	2024-09-11	t	Yara
425	2024-09-11	2024-09-11	t	Maria Justino
426	2024-09-12	2024-09-12	t	Emerson
427	2024-09-12	2024-09-12	t	Dalila
428	2024-09-12	2024-09-12	t	Maicon
429	2024-09-14	2024-09-14	t	Sharlene
430	2024-09-14	2024-09-14	t	Ana Gloria
431	2024-09-14	2024-09-14	t	Guilherme
432	2024-09-17	2024-09-17	t	Gabriele
433	2024-09-19	2024-09-19	t	Cristiane
434	2024-09-19	2024-09-19	t	Dimas
435	2024-09-19	2024-09-19	t	Maria marinho
436	2024-09-19	2024-09-19	t	Jamile
437	2024-09-19	2024-09-19	t	Luiz Carlos
438	2024-09-19	2024-09-19	t	Maria Luiza
439	2024-09-24	2024-09-24	t	Larissa
440	2024-09-25	2024-09-25	t	Luciano
441	2024-09-26	2024-09-26	t	Marise
442	2024-09-28	2024-09-28	t	Francisco Arimar
443	2024-09-30	2024-09-30	t	Kaue
444	2024-10-02	2024-10-02	t	Geovana
445	2024-10-05	2024-10-05	t	Francisco Sousa
446	2024-10-08	2024-10-08	t	Wladia
447	2024-10-09	2024-10-09	t	Luis Feitosa
448	2024-10-10	2024-10-10	t	Daniel
449	2024-10-10	2024-10-10	t	Alex
450	2024-10-11	2024-10-11	t	Retorno Fornecedor
451	2024-10-25	2024-10-25	t	Alleson
452	2024-10-31	2024-10-31	t	Marcos
453	2024-10-31	2024-10-31	t	Lurdinha
454	2024-11-02	2024-11-02	t	Tchesca
455	2024-11-02	2024-11-02	t	Karina
456	2024-11-05	2024-11-05	t	Ximenes
457	2024-11-06	2024-11-06	t	Debora
458	2024-11-06	2024-11-06	t	Rosy
459	2024-11-08	2024-11-08	t	Mirela
460	2024-11-08	2024-11-08	t	Maria Vieira
461	2024-11-09	2024-11-09	t	Maria Mesquita
462	2024-11-09	2024-11-09	t	Taiane
463	2024-11-09	2024-11-09	t	Maria Iolanda
464	2024-11-13	2024-11-13	t	Nailton
465	2024-11-13	2024-11-13	t	Conceio
466	2024-11-15	2024-11-15	t	Nailton
467	2024-11-15	2024-11-15	t	Raphael Sales
468	2024-12-04	2024-12-04	t	Jovania
469	2024-12-06	2024-12-06	t	Maria Santos
470	2024-12-07	2024-12-07	t	Diego
471	2024-12-07	2024-12-07	t	Maxwell
472	2024-12-07	2024-12-07	t	Marcelo
473	2024-12-07	2024-12-07	t	Vinicius
474	2024-12-10	2024-12-10	t	Marcela
475	2024-12-10	2024-12-10	t	Kauan
476	2024-12-10	2024-12-10	t	Unicatech
477	2024-12-12	2024-12-12	t	Thais
478	2024-12-12	2024-12-12	t	Liz
479	2024-12-12	2024-12-12	t	Valdiza
480	2024-12-12	2024-12-12	t	Raissa
481	2024-12-12	2024-12-12	t	TH Cell
482	2024-12-12	2024-12-12	t	Fernando
483	2024-12-12	2024-12-12	t	Thiago
484	2024-12-12	2024-12-12	t	Heloisa
485	2024-12-19	2024-12-19	t	Gabriel
486	2024-12-19	2024-12-19	t	Ivone
487	2024-12-19	2024-12-19	t	Cristina
488	2024-12-20	2024-12-20	t	Gabriela
489	2024-12-21	2024-12-21	t	Deyse
490	2024-12-21	2024-12-21	t	Joaquim
491	2024-12-26	2024-12-26	t	Daiana
492	2024-12-26	2024-12-26	t	Domingos
493	2024-12-28	2024-12-28	t	Michele
494	2024-12-28	2024-12-28	t	Gloria
495	2024-12-28	2024-12-28	t	FM
496	2024-12-31	2024-12-31	t	Luiz Felipe
497	2025-01-06	2025-01-06	t	Geovana
498	2025-01-06	2025-01-06	t	Icaro
499	2025-01-07	2025-01-07	t	Angela
500	2025-01-09	2025-01-09	t	Kaylane
501	2025-01-09	2025-01-09	t	Marielle
502	2025-01-09	2025-01-09	t	Carine
503	2025-01-09	2025-01-09	t	Rita de Cssia
504	2025-01-14	2025-01-14	t	Leandra
505	2025-01-14	2025-01-14	t	Maria Nascimento
506	2025-01-15	2025-01-15	t	Jos Nascimeto
507	2025-01-17	2025-01-17	t	Efigenia Cordeiro
508	2025-01-31	2025-01-31	t	Cleide
509	2025-02-01	2025-02-01	t	Germana
510	2025-02-01	2025-02-01	t	Joelma
511	2025-02-05	2025-02-05	t	Marisa
512	2025-02-07	2025-02-07	t	Fabricio
513	2025-02-07	2025-02-07	t	Sabrina
514	2025-02-14	2025-02-14	t	Maxwana
515	2025-02-14	2025-02-14	t	Luciano
516	2025-02-15	2025-02-15	t	Graciane
517	2025-02-19	2025-02-19	t	Refrigerante
518	2025-02-19	2025-02-19	t	Bianca
519	2025-02-22	2025-02-22	t	Ivana
520	2025-02-25	2025-02-25	t	Serafim
521	2025-02-25	2025-02-25	t	Dorivania
522	2025-02-26	2025-02-26	t	Rauyri
523	2025-02-26	2025-02-26	t	Cristiano
524	2025-02-26	2025-02-26	t	Clara
525	2025-03-01	2025-03-01	t	Karen
526	2025-03-01	2025-03-01	t	Camila Ripardo
527	2025-03-01	2025-03-01	t	Franciele
528	2025-03-01	2025-03-01	t	Heloyse
529	2025-03-01	2025-03-01	t	Kilvia
530	2025-03-05	2025-03-05	t	Tais
531	2025-03-05	2025-03-05	t	Talita
532	2025-03-05	2025-03-05	t	Manoel
533	2025-03-06	2025-03-06	t	Pricila
534	2025-03-06	2025-03-06	t	Pedro
535	2025-03-06	2025-03-06	t	Cibele
536	2025-03-06	2025-03-06	t	Alisson
537	2025-03-08	2025-03-08	t	Silvelena
538	2025-03-08	2025-03-08	t	Rita
539	2025-03-11	2025-03-11	t	Tales
540	2025-03-14	2025-03-14	t	Gleiciane
541	2025-03-14	2025-03-14	t	Hemerson
542	2025-03-14	2025-03-14	t	Ariane
543	2025-03-15	2025-03-15	t	Ciro
544	2025-03-15	2025-03-15	t	Johnson
545	2025-03-15	2025-03-15	t	Alane
546	2025-03-18	2025-03-18	t	Lzaro
547	2025-03-18	2025-03-18	t	Lzaro
548	2025-03-18	2025-03-18	t	Centro das Tintas
549	2025-03-18	2025-03-18	t	Centro das Tintas
550	2025-03-20	2025-03-20	t	Ana Flavia
551	2025-03-20	2025-03-20	t	Dani
552	2025-03-26	2025-03-26	t	Vitor
553	2025-03-26	2025-03-26	t	Janiele
554	2025-03-26	2025-03-26	t	Raylane
555	2025-03-26	2025-03-26	t	Guilherme
556	2025-03-27	2025-03-27	t	Paulinho
557	2025-03-31	2025-03-31	t	Tereza
558	2025-03-31	2025-03-31	t	Sandyla
559	2025-04-01	2025-04-01	t	Keila
560	2025-04-01	2025-04-01	t	Ana Paula
561	2025-04-01	2025-04-01	t	Giselly
563	2025-04-02	2025-04-02	t	Ana Beatriz
564	2025-04-03	2025-04-03	t	Gerlyson
565	2025-04-03	2025-04-03	t	Vitor Hugo
566	2025-04-05	2025-04-05	t	Erica
567	2025-04-07	2025-04-07	t	Samille
568	2025-04-07	2025-04-07	t	Jos Wesley
569	2025-04-08	2025-04-08	t	Islenildo
570	2025-04-08	2025-04-08	t	Manu
571	2025-04-08	2025-04-08	t	Francisco das Chagas
572	2025-04-08	2025-04-08	t	Nicole
573	2025-04-08	2025-04-08	t	Carlos Alan
574	2025-04-09	2025-04-09	t	Miguel
575	2025-04-11	2025-04-11	t	Dimas
576	2025-04-11	2025-04-11	t	Ruan
577	2025-04-11	2025-04-11	t	Roberto
578	2025-04-11	2025-04-11	t	Karina
579	2025-04-11	2025-04-11	t	Jarbas
580	2025-04-11	2025-04-11	t	Maria de Ftima
581	2025-04-14	2025-04-14	t	Benjamim
582	2025-04-14	2025-04-14	t	Jessica
583	2025-04-14	2025-04-14	t	Ranniva
584	2025-04-14	2025-04-14	t	Isaac
585	2025-04-16	2025-04-16	t	Maria Josuane
586	2025-04-16	2025-04-16	t	Fabrisson
587	2025-04-17	2025-04-17	t	Sabrina
588	2025-04-17	2025-04-17	t	Aleandro
601	2025-04-22	2025-04-22	t	Ana Caroline
602	2025-04-22	2025-04-22	t	Isabela
603	2025-04-22	2025-04-22	t	Jhon Arias
604	2025-04-22	2025-04-22	t	Leandra
605	2025-04-22	2025-04-22	t	Brenda Maria
606	2025-04-24	2025-04-24	t	Lisiane
607	2025-04-24	2025-04-24	t	Ana
608	2025-04-24	2025-04-24	t	Lara
609	2025-04-30	2025-04-30	t	Alisson
610	2025-04-30	2025-04-30	t	Matheus
611	2025-05-02	2025-05-02	t	Edjander
612	2025-05-06	2025-05-06	t	Mrcia
613	2025-05-07	2025-05-07	t	Kayn
614	2025-05-09	2025-05-09	t	Darla
615	2025-05-09	2025-05-09	t	Gisele
616	2025-05-09	2025-05-09	t	Cintia
617	2025-05-09	2025-05-09	t	Monique
618	2025-05-09	2025-05-09	t	Bruno
619	2025-05-09	2025-05-09	t	Maria Alice
620	2025-05-10	2025-05-10	t	Caio
621	2025-05-10	2025-05-10	t	Carlos Henrique
633	2025-05-10	2025-05-10	t	teste
634	2025-05-13	2025-05-13	t	Antonio Julio
635	2025-05-13	2025-05-13	t	Eduarda
636	2025-05-14	2025-05-14	t	Victoria
637	2025-05-14	2025-05-14	t	Iris
638	2025-05-14	2025-05-14	t	Guilherme Nunes
639	2025-05-16	2025-05-16	t	Vitor Lucas
640	2025-05-20	2025-05-20	t	Riquelme
641	2025-05-20	2025-05-20	t	Poliana
642	2025-05-20	2025-05-20	t	Aline Brito
643	2025-05-20	2025-05-20	t	Karol
644	2025-05-21	2025-05-21	t	Rosiane
645	2025-05-21	2025-05-21	t	Kelly
646	2025-05-23	2025-05-23	t	Beatriz
647	2025-05-23	2025-05-23	t	Carlos Alexandre
648	2025-05-23	2025-05-23	t	Carvalho
649	2025-05-28	2025-05-28	t	Ramiro
650	2025-05-29	2025-05-29	t	Ana Tereza
651	2025-05-31	2025-05-31	t	Alberto Jnior
652	2025-05-31	2025-05-31	t	Flvia
653	2025-05-31	2025-05-31	t	Mirele
654	2025-05-31	2025-05-31	t	Maria do LIvramento
656	2025-06-03	2025-06-03	t	Sara Renara
657	2025-06-03	2025-06-03	t	Antonio Ronildo
658	2025-06-04	2025-06-04	t	Francisca Rafaela
659	2025-06-06	2025-06-06	t	Ana Kelly
660	2025-06-06	2025-06-06	t	Ana Leticia
661	2025-06-07	2025-06-07	t	Suiane
662	2025-06-07	2025-06-07	t	Antonio Leandro
663	2025-06-07	2025-06-07	t	Grazielle
664	2025-06-07	2025-06-07	t	Manoel Cassio
665	2025-06-08	2025-06-08	t	Solange
666	2025-06-08	2025-06-08	t	Milena
667	2025-06-08	2025-06-08	t	Leonardo
668	2025-06-08	2025-06-08	t	Veraniza
669	2025-06-10	2025-06-10	t	Ana Thamysia
670	2025-06-10	2025-06-10	t	Ana Lara
671	2025-06-10	2025-06-10	t	Emilly
672	2025-06-11	2025-06-11	t	Pele
673	2025-06-11	2025-06-11	t	Gilmara
674	2025-06-11	2025-06-11	t	Jos Rafael
675	2025-06-11	2025-06-11	t	Joyce
676	2025-06-11	2025-06-11	t	Mario
677	2025-06-11	2025-06-11	t	Kassane
678	2025-06-14	2025-06-14	t	Eduardo Pinho
679	2025-06-16	2025-06-16	t	Junior Melo
680	2025-06-17	2025-06-17	t	Julio
681	2025-06-17	2025-06-17	t	Vivi Vasconcelos
682	2025-06-19	2025-06-19	t	Ismael
683	2025-06-19	2025-06-19	t	Edivania
684	2025-06-19	2025-06-19	t	Shvilla
685	2025-06-21	2025-06-21	t	Adriana
686	2025-06-21	2025-06-21	t	Kaynny
687	2025-06-23	2025-06-23	t	Maria Lariane
688	2025-06-23	2025-06-23	t	Selma
689	2025-06-26	2025-06-26	t	Viviane
690	2025-06-26	2025-06-26	t	Tain
691	2025-06-27	2025-06-27	t	Elania
692	2025-06-28	2025-06-28	t	Antonio Lucas
693	2025-06-30	2025-06-30	t	Maria Fabricia
694	2025-06-30	2025-06-30	t	Maria Eduarda
695	2025-06-30	2025-06-30	t	Jucielly
696	2025-06-30	2025-06-30	t	Maria Sasha
697	2025-07-01	2025-07-01	t	Eliza
698	2025-07-02	2025-07-02	t	Andre
699	2025-07-02	2025-07-02	t	Jailson
700	2025-07-03	2025-07-03	t	Pablo
701	2025-07-03	2025-07-03	t	Rogildo
702	2025-07-03	2025-07-03	t	Kailane
703	2025-07-05	2025-07-05	t	Toms
704	2025-07-05	2025-07-05	t	Jose Roney
705	2025-07-05	2025-07-05	t	Jeremias
706	2025-07-07	2025-07-07	t	Jos
707	2025-07-07	2025-07-07	t	Rosalvo
708	2025-07-09	2025-07-09	t	Ivina
709	2025-07-09	2025-07-09	t	Patricia
710	2025-07-09	2025-07-09	t	Brenda
711	2025-07-09	2025-07-09	t	Joo Carlos
712	2025-07-10	2025-07-10	t	Yan
713	2025-07-10	2025-07-10	t	Tobias
714	2025-07-10	2025-07-10	t	Rayssa
715	2025-07-10	2025-07-10	t	Suyara
716	2025-07-14	2025-07-14	t	Germana
717	2025-07-15	2025-07-15	t	Joo Neto
718	2025-07-15	2025-07-15	t	Francisco Ronilson
719	2025-07-15	2025-07-15	t	Eridan
720	2025-07-15	2025-07-15	t	Yasmin
721	2025-07-15	2025-07-15	t	Francisco de Assis
722	2025-07-15	2025-07-15	t	Tamires Farias
723	2025-07-15	2025-07-15	t	Suellen
724	2025-07-15	2025-07-15	t	Yego
725	2025-07-16	2025-07-16	t	Virgilio
726	2025-07-20	2025-07-20	t	Eduardo
727	2025-07-20	2025-07-20	t	Clinju
728	2025-07-20	2025-07-20	t	Iohana
729	2025-07-21	2025-07-21	t	Elizarbio
730	2025-07-21	2025-07-21	t	Dalva
731	2025-07-23	2025-07-23	t	Hevelise
732	2025-07-23	2025-07-23	t	Robson
733	2025-07-23	2025-07-23	t	Dayana
734	2025-08-02	2025-08-02	t	Josmairla
735	2025-08-02	2025-08-02	t	Expedito Eugenio
736	2025-08-02	2025-08-02	t	Josias
737	2025-08-02	2025-08-02	t	Elissandra
738	2025-08-02	2025-08-02	t	Expedito
739	2025-08-02	2025-08-02	t	Josimar
740	2025-08-05	2025-08-05	t	Moiss
741	2025-08-05	2025-08-05	t	Jayane
742	2025-08-05	2025-08-05	t	Jefferson
743	2025-08-05	2025-08-05	t	Clean
744	2025-08-06	2025-08-06	t	Aurilio
745	2025-08-06	2025-08-06	t	Sheila
746	2025-08-06	2025-08-06	t	Leticia
747	2025-08-06	2025-08-06	t	Kelvio
748	2025-08-07	2025-08-07	t	Samanta
749	2025-08-07	2025-08-07	t	Micael
750	2025-08-07	2025-08-07	t	Maria do Carmo
751	2025-08-10	2025-08-10	t	Cicero
752	2025-08-10	2025-08-10	t	Layla
753	2025-08-10	2025-08-10	t	Paulo Ricardo
754	2025-08-10	2025-08-10	t	Aline
755	2025-08-12	2025-08-12	t	Iflices
756	2025-08-12	2025-08-12	t	Gleviane
757	2025-08-12	2025-08-12	t	Tiago
758	2025-08-12	2025-08-12	t	Antnio Ferreira
759	2025-08-12	2025-08-12	t	Kamilly
760	2025-08-12	2025-08-12	t	Charles
761	2025-08-12	2025-08-12	t	Joo Lucas
\.


--
-- Data for Name: Vendas_venda; Type: TABLE DATA; Schema: public; Owner: unicatech
--

COPY public."Vendas_venda" (id, criados, modificado, ativo, "identificadorVenda", "quantidadeProduto", "precoProduto", descricao, produto_id, cliente_id, lucro) FROM stdin;
394	2023-11-24	2023-11-24	t	6	1	1200		15	4	380.3639999999999
149	2023-10-31	2023-11-04	f	4	1	1200		15	4	380.3639999999999
150	2023-10-31	2023-11-04	f	4	1	1050		15	4	230.36399999999992
151	2023-10-31	2023-11-04	f	4	2	1500		16	4	909.192
152	2023-10-31	2023-11-04	f	4	1	2350		5	4	666.5559999999998
153	2023-10-31	2023-11-04	f	4	1	2350		8	4	322.99599999999987
155	2023-10-31	2023-11-04	f	4	1	2700		8	4	672.9959999999999
156	2023-10-31	2023-11-04	f	4	2	2400		9	4	1128.8159999999993
133	2023-11-04	2023-11-04	f	2	1	1200		15	4	380.3639999999999
134	2023-11-04	2023-11-04	f	2	1	1050		15	4	230.36399999999992
135	2023-11-04	2023-11-04	f	2	1	1200		15	4	380.3639999999999
136	2023-11-04	2023-11-04	f	2	2	1100		15	4	560.7279999999998
157	2023-10-31	2023-11-04	f	4	2	3400		12	4	1941.08
158	2023-10-31	2023-11-04	f	4	1	3750		10	4	805.1999999999998
159	2023-10-31	2023-11-04	f	4	1	4050		11	4	908.8799999999997
160	2023-10-31	2023-11-04	f	4	1	5000		14	4	1294.4599999999996
161	2023-10-31	2023-11-04	f	4	1	5000		17	4	1294.4599999999996
137	2023-11-04	2023-11-04	f	3	1	1200		15	4	380.3639999999999
138	2023-11-04	2023-11-04	f	3	2	1050		15	4	460.72799999999984
139	2023-11-04	2023-11-04	f	3	1	2000		14	4	-1705.5400000000004
140	2023-11-04	2023-11-04	f	3	1	2000		17	4	-1705.5400000000004
141	2023-11-04	2023-11-04	f	3	1	1200		15	4	380.3639999999999
142	2023-11-04	2023-11-04	f	3	2	1050		15	4	460.72799999999984
143	2023-11-04	2023-11-04	f	3	1	3000		14	4	-705.5400000000004
144	2023-11-04	2023-11-04	f	3	1	3000		17	4	-705.5400000000004
145	2023-11-04	2023-11-04	f	3	1	1200		15	4	380.3639999999999
146	2023-11-04	2023-11-04	f	3	1	1050		15	4	230.36399999999992
147	2023-11-04	2023-11-04	f	3	1	3000		14	4	-705.5400000000004
148	2023-11-04	2023-11-04	f	3	1	3000		17	4	-705.5400000000004
402	2023-11-24	2023-11-24	f	9	1	1000		13	2	-1429.46
405	2023-11-25	2023-11-25	t	11	1	1600		16	9	554.596
409	2023-11-27	2023-11-27	t	15	1	3600		10	4	655.1999999999998
410	2023-11-30	2023-11-30	t	16	1	3350		13	4	920.54
417	2023-12-04	2023-12-04	t	22	1	2000	IMEI 356798112460877	24	17	2000
421	2023-12-05	2023-12-05	t	26	1	4700	IMEI 350879900375661	19	4	4700
425	2023-12-06	2023-12-07	t	30	1	2500	IMEIS 353249106520253, 353233108974940	30	4	2500
426	2023-12-06	2023-12-07	t	30	1	2500	IMEIS 353249106520253, 353233108974940	31	4	2500
427	2023-12-09	2023-12-09	t	31	1	1600	IMEI 356440104336126	16	23	554.596
429	2023-12-11	2023-12-11	t	33	1	2400	IMEI 353247105093041	6	25	741.0959999999998
430	2023-12-12	2023-12-12	t	34	1	2500	IMEI 3532381030608526	31	4	2500
433	2023-12-13	2023-12-13	t	37	1	1000	IMEI 356111093334394	15	28	180.36399999999992
438	2023-12-14	2023-12-14	t	42	1	2700	IMEI 353239104471435	30	32	2700
442	2023-12-15	2023-12-15	t	46	1	3200	IMEI 355402936092666	34	4	3200
162	2023-11-04	2023-11-04	f	5	2	1200		15	4	760.7279999999998
398	2023-11-24	2023-11-24	f	9	1	2799		8	1	771.9959999999999
403	2023-11-24	2023-11-24	t	9	1	2799		8	7	771.9959999999999
406	2023-11-25	2023-11-25	t	12	1	2300		9	4	464.4079999999999
411	2023-11-30	2023-11-30	t	17	1	2000		24	12	2000
418	2023-12-04	2023-12-04	t	23	1	3600	IMEI 352180442993691	35	18	3600
423	2023-12-05	2023-12-05	t	28	1	1200	IMEI 359486322487446	16	14	154.596
428	2023-12-09	2023-12-09	t	32	1	2300	IMEI 356867116408032	28	24	2300
431	2023-12-12	2023-12-12	t	35	1	2300	IMEI 3529031119561982	28	26	2300
434	2023-12-13	2023-12-13	t	38	1	2400	IMEI 353245100809874	5	29	716.5559999999998
439	2023-12-14	2023-12-14	t	43	1	3800	IMEI 354860898470595	10	33	855.1999999999998
443	2023-12-15	2023-12-15	t	47	1	2300	IMEI 353978102945649\r\n352906118223710	28	35	2300
444	2023-12-15	2023-12-15	t	47	1	2300	IMEI 353978102945649\r\n352906118223710	29	35	2300
399	2023-11-24	2023-11-24	f	9	1	2799		8	7	771.9959999999999
414	2023-12-02	2023-12-02	t	19	1	2000		24	14	2000
419	2023-12-04	2023-12-04	t	24	1	1800	IMEI 352892111592201	24	19	1800
424	2023-12-05	2023-12-05	t	29	1	3450	IMEI 353909590429770	12	22	1020.54
432	2023-12-12	2023-12-12	t	36	1	2300	IMEI 356866117277453	29	27	2300
435	2023-12-13	2023-12-13	t	39	1	2400	IMEI 353232101845610	5	30	716.5559999999998
440	2023-12-14	2023-12-14	t	44	1	1900	IMEI 3528961112287425	24	34	1900
129	2023-11-04	2023-11-04	f	1	1	1200		15	4	380.3639999999999
395	2023-11-24	2023-11-24	f	7	1	0.01		16	1	-1045.3940000000002
396	2023-11-23	2023-11-24	f	7	1	1200		15	5	380.3639999999999
415	2023-12-02	2023-12-02	t	20	1	2000		22	15	2000
436	2023-12-13	2023-12-13	t	40	1	2400	IMEI 353243109041979	5	4	716.5559999999998
441	2023-12-14	2023-12-14	t	45	1	2200	IMEI 353248104063787	6	4	541.0959999999998
377	2023-11-17	2023-11-17	f	6	1	2400		8	4	372.99599999999987
378	2023-11-17	2023-11-22	t	6	1	2700		8	4	672.9959999999999
163	2023-11-04	2023-11-04	f	5	2	1500		16	4	909.192
164	2023-11-04	2023-11-04	f	5	1	2350		5	4	666.5559999999998
165	2023-11-04	2023-11-04	f	5	1	2350		6	4	691.0959999999998
167	2023-11-04	2023-11-04	f	5	1	2700		8	4	672.9959999999999
168	2023-11-04	2023-11-04	f	5	2	2400		9	4	1128.8159999999993
169	2023-11-04	2023-11-04	f	5	2	3400		12	4	1941.08
238	2023-11-04	2023-11-05	f	5	2	1200		15	4	760.7279999999998
239	2023-11-04	2023-11-05	f	5	2	1500		16	4	909.192
240	2023-11-04	2023-11-05	f	5	1	2350		5	4	666.5559999999998
241	2023-11-04	2023-11-05	f	5	1	2350		6	4	691.0959999999998
243	2023-11-04	2023-11-05	f	5	1	2700		8	4	672.9959999999999
244	2023-11-04	2023-11-05	f	5	2	2400		9	4	1128.8159999999993
245	2023-11-04	2023-11-05	f	5	2	3400		12	4	1941.08
246	2023-11-04	2023-11-05	f	5	1	3600		10	4	655.1999999999998
247	2023-11-04	2023-11-05	f	5	1	3950		11	4	808.8799999999997
248	2023-11-04	2023-11-05	f	5	1	5000		14	4	1294.4599999999996
249	2023-11-04	2023-11-05	f	5	1	5000		17	4	1294.4599999999996
170	2023-11-04	2023-11-04	f	5	1	3750		10	4	805.1999999999998
171	2023-11-04	2023-11-04	f	5	1	4050		11	4	908.8799999999997
172	2023-11-04	2023-11-04	f	5	1	5000		14	4	1294.4599999999996
173	2023-11-04	2023-11-04	f	5	1	5000		17	4	1294.4599999999996
174	2023-11-04	2023-11-04	f	5	1	1200		15	4	380.3639999999999
175	2023-11-04	2023-11-04	f	5	2	1500		16	4	909.192
176	2023-11-04	2023-11-04	f	5	1	2350		5	4	666.5559999999998
177	2023-11-04	2023-11-04	f	5	1	2350		6	4	691.0959999999998
351	2023-11-04	2023-11-05	f	5	1	2350		6	4	691.0959999999998
353	2023-11-04	2023-11-05	f	5	1	2700		8	4	672.9959999999999
354	2023-11-04	2023-11-05	f	5	2	2400		9	4	1128.8159999999993
355	2023-11-04	2023-11-05	f	5	2	3400		12	4	1941.08
356	2023-11-04	2023-11-05	f	5	1	3600		10	4	655.1999999999998
357	2023-11-04	2023-11-05	f	5	1	3950		11	4	808.8799999999997
358	2023-11-04	2023-11-05	f	5	1	5000		14	4	1294.4599999999996
359	2023-11-04	2023-11-05	f	5	1	5000		17	4	1294.4599999999996
360	2023-11-04	2023-11-05	f	5	1	1200		15	4	380.3639999999999
361	2023-11-04	2023-11-05	f	5	2	1500		16	4	909.192
362	2023-11-04	2023-11-05	f	5	1	2350		5	4	666.5559999999998
363	2023-11-04	2023-11-05	f	5	2	1050		15	4	460.72799999999984
250	2023-11-04	2023-11-05	f	5	1	1200		15	4	380.3639999999999
251	2023-11-04	2023-11-05	f	5	2	1500		16	4	909.192
252	2023-11-04	2023-11-05	f	5	1	2350		5	4	666.5559999999998
253	2023-11-04	2023-11-05	f	5	1	2350		6	4	691.0959999999998
255	2023-11-04	2023-11-05	f	5	1	2700		8	4	672.9959999999999
368	2023-11-04	2023-11-05	f	5	2	3400		12	4	1941.08
256	2023-11-04	2023-11-05	f	5	2	2400		9	4	1128.8159999999993
257	2023-11-04	2023-11-05	f	5	2	3400		12	4	1941.08
258	2023-11-04	2023-11-05	f	5	1	3600		10	4	655.1999999999998
259	2023-11-04	2023-11-05	f	5	1	3950		11	4	808.8799999999997
202	2023-11-04	2023-11-04	f	5	1	2350		5	4	666.5559999999998
203	2023-11-04	2023-11-04	f	5	1	2350		6	4	691.0959999999998
205	2023-11-04	2023-11-04	f	5	1	2700		8	4	672.9959999999999
206	2023-11-04	2023-11-04	f	5	2	2400		9	4	1128.8159999999993
207	2023-11-04	2023-11-04	f	5	2	3400		12	4	1941.08
208	2023-11-04	2023-11-04	f	5	1	3600		10	4	655.1999999999998
209	2023-11-04	2023-11-04	f	5	1	3950		11	4	808.8799999999997
210	2023-11-04	2023-11-04	f	5	1	5000		14	4	1294.4599999999996
211	2023-11-04	2023-11-04	f	5	1	5000		17	4	1294.4599999999996
212	2023-11-04	2023-11-05	f	5	1	1200		15	4	380.3639999999999
213	2023-11-04	2023-11-05	f	5	2	1500		16	4	909.192
214	2023-11-04	2023-11-05	f	5	1	2350		5	4	666.5559999999998
215	2023-11-04	2023-11-05	f	5	1	2350		6	4	691.0959999999998
217	2023-11-04	2023-11-05	f	5	1	2700		8	4	672.9959999999999
218	2023-11-04	2023-11-05	f	5	2	2400		9	4	1128.8159999999993
219	2023-11-04	2023-11-05	f	5	2	3400		12	4	1941.08
220	2023-11-04	2023-11-05	f	5	1	3600		10	4	655.1999999999998
221	2023-11-04	2023-11-05	f	5	1	3950		11	4	808.8799999999997
379	2023-11-23	2023-11-23	f	7	1	1200		15	5	380.3639999999999
222	2023-11-04	2023-11-05	f	5	1	5000		14	4	1294.4599999999996
223	2023-11-04	2023-11-05	f	5	1	5000		17	4	1294.4599999999996
224	2023-11-04	2023-11-05	f	5	1	1050		15	4	230.36399999999992
225	2023-11-04	2023-11-05	f	5	1	1200		15	4	380.3639999999999
226	2023-11-04	2023-11-05	f	5	2	1500		16	4	909.192
227	2023-11-04	2023-11-05	f	5	1	2350		5	4	666.5559999999998
364	2023-11-04	2023-11-05	f	5	1	2350		6	4	691.0959999999998
228	2023-11-04	2023-11-05	f	5	1	2350		6	4	691.0959999999998
180	2023-11-04	2023-11-04	f	5	2	2400		9	4	1128.8159999999993
181	2023-11-04	2023-11-04	f	5	2	3400		12	4	1941.08
182	2023-11-04	2023-11-04	f	5	1	3750		10	4	805.1999999999998
183	2023-11-04	2023-11-04	f	5	1	4050		11	4	908.8799999999997
184	2023-11-04	2023-11-04	f	5	1	5000		14	4	1294.4599999999996
185	2023-11-04	2023-11-04	f	5	1	5000		17	4	1294.4599999999996
186	2023-11-04	2023-11-04	f	5	1	1050		15	4	230.36399999999992
187	2023-11-04	2023-11-04	f	5	1	1200		15	4	380.3639999999999
188	2023-11-04	2023-11-04	f	5	2	1500		16	4	909.192
189	2023-11-04	2023-11-04	f	5	1	2350		5	4	666.5559999999998
190	2023-11-04	2023-11-04	f	5	1	2350		6	4	691.0959999999998
230	2023-11-04	2023-11-05	f	5	1	2700		8	4	672.9959999999999
231	2023-11-04	2023-11-05	f	5	2	2400		9	4	1128.8159999999993
232	2023-11-04	2023-11-05	f	5	2	3400		12	4	1941.08
233	2023-11-04	2023-11-05	f	5	1	3600		10	4	655.1999999999998
234	2023-11-04	2023-11-05	f	5	1	3950		11	4	808.8799999999997
235	2023-11-04	2023-11-05	f	5	1	5000		14	4	1294.4599999999996
236	2023-11-04	2023-11-05	f	5	1	5000		17	4	1294.4599999999996
237	2023-11-04	2023-11-05	f	5	1	1050		15	4	230.36399999999992
260	2023-11-04	2023-11-05	f	5	1	5000		14	4	1294.4599999999996
261	2023-11-04	2023-11-05	f	5	1	5000		17	4	1294.4599999999996
262	2023-11-04	2023-11-05	f	5	1	1050		15	4	230.36399999999992
263	2023-11-04	2023-11-05	f	5	2	1200		15	4	760.7279999999998
264	2023-11-04	2023-11-05	f	5	2	1500		16	4	909.192
265	2023-11-04	2023-11-05	f	5	1	2350		5	4	666.5559999999998
266	2023-11-04	2023-11-05	f	5	1	2350		6	4	691.0959999999998
268	2023-11-04	2023-11-05	f	5	1	2700		8	4	672.9959999999999
269	2023-11-04	2023-11-05	f	5	2	2400		9	4	1128.8159999999993
270	2023-11-04	2023-11-05	f	5	2	3400		12	4	1941.08
271	2023-11-04	2023-11-05	f	5	1	3600		10	4	655.1999999999998
272	2023-11-04	2023-11-05	f	5	1	3950		11	4	808.8799999999997
273	2023-11-04	2023-11-05	f	5	1	5000		14	4	1294.4599999999996
274	2023-11-04	2023-11-05	f	5	1	5000		17	4	1294.4599999999996
366	2023-11-04	2023-11-05	f	5	1	2700		8	4	672.9959999999999
192	2023-11-04	2023-11-04	f	5	1	2700		8	4	672.9959999999999
193	2023-11-04	2023-11-04	f	5	2	2400		9	4	1128.8159999999993
194	2023-11-04	2023-11-04	f	5	2	3400		12	4	1941.08
195	2023-11-04	2023-11-04	f	5	1	3600		10	4	655.1999999999998
196	2023-11-04	2023-11-04	f	5	1	3950		11	4	808.8799999999997
197	2023-11-04	2023-11-04	f	5	1	5000		14	4	1294.4599999999996
198	2023-11-04	2023-11-04	f	5	1	5000		17	4	1294.4599999999996
199	2023-11-04	2023-11-04	f	5	1	1050		15	4	230.36399999999992
200	2023-11-04	2023-11-04	f	5	2	1200		15	4	760.7279999999998
201	2023-11-04	2023-11-04	f	5	2	1500		16	4	909.192
275	2023-11-04	2023-11-05	f	5	1	1200		15	4	380.3639999999999
276	2023-11-04	2023-11-05	f	5	2	1500		16	4	909.192
277	2023-11-04	2023-11-05	f	5	1	2350		5	4	666.5559999999998
278	2023-11-04	2023-11-05	f	5	1	2350		6	4	691.0959999999998
280	2023-11-04	2023-11-05	f	5	1	2700		8	4	672.9959999999999
281	2023-11-04	2023-11-05	f	5	2	2400		9	4	1128.8159999999993
282	2023-11-04	2023-11-05	f	5	2	3400		12	4	1941.08
283	2023-11-04	2023-11-05	f	5	1	3600		10	4	655.1999999999998
284	2023-11-04	2023-11-05	f	5	1	3950		11	4	808.8799999999997
285	2023-11-04	2023-11-05	f	5	1	5000		14	4	1294.4599999999996
286	2023-11-04	2023-11-05	f	5	1	5000		17	4	1294.4599999999996
287	2023-11-04	2023-11-05	f	5	1	1050		15	4	230.36399999999992
288	2023-11-04	2023-11-05	f	5	1	1200		15	4	380.3639999999999
289	2023-11-04	2023-11-05	f	5	2	1500		16	4	909.192
290	2023-11-04	2023-11-05	f	5	1	2350		5	4	666.5559999999998
291	2023-11-04	2023-11-05	f	5	1	2350		6	4	691.0959999999998
293	2023-11-04	2023-11-05	f	5	1	2700		8	4	672.9959999999999
294	2023-11-04	2023-11-05	f	5	2	2400		9	4	1128.8159999999993
295	2023-11-04	2023-11-05	f	5	2	3400		12	4	1941.08
296	2023-11-04	2023-11-05	f	5	1	3600		10	4	655.1999999999998
297	2023-11-04	2023-11-05	f	5	1	3950		11	4	808.8799999999997
298	2023-11-04	2023-11-05	f	5	1	5000		14	4	1294.4599999999996
299	2023-11-04	2023-11-05	f	5	1	5000		17	4	1294.4599999999996
300	2023-11-04	2023-11-05	f	5	2	1050		15	4	460.72799999999984
179	2023-11-04	2023-11-04	f	5	1	2700		8	4	672.9959999999999
301	2023-11-04	2023-11-05	f	5	1	1200		15	4	380.3639999999999
302	2023-11-04	2023-11-05	f	5	2	1500		16	4	909.192
303	2023-11-04	2023-11-05	f	5	1	2350		5	4	666.5559999999998
304	2023-11-04	2023-11-05	f	5	1	2350		6	4	691.0959999999998
306	2023-11-04	2023-11-05	f	5	1	2700		8	4	672.9959999999999
307	2023-11-04	2023-11-05	f	5	2	2400		9	4	1128.8159999999993
308	2023-11-04	2023-11-05	f	5	2	3400		12	4	1941.08
309	2023-11-04	2023-11-05	f	5	1	3600		10	4	655.1999999999998
310	2023-11-04	2023-11-05	f	5	1	3950		11	4	808.8799999999997
311	2023-11-04	2023-11-05	f	5	1	5000		14	4	1294.4599999999996
312	2023-11-04	2023-11-05	f	5	1	5000		17	4	1294.4599999999996
313	2023-11-04	2023-11-05	f	5	1	1050		15	4	230.36399999999992
317	2023-11-04	2023-11-05	f	5	1	2350		6	4	691.0959999999998
319	2023-11-04	2023-11-05	f	5	1	2700		8	4	672.9959999999999
320	2023-11-04	2023-11-05	f	5	2	2400		9	4	1128.8159999999993
321	2023-11-04	2023-11-05	f	5	2	3400		12	4	1941.08
322	2023-11-04	2023-11-05	f	5	1	3600		10	4	655.1999999999998
323	2023-11-04	2023-11-05	f	5	1	3950		11	4	808.8799999999997
324	2023-11-04	2023-11-05	f	5	1	5000		14	4	1294.4599999999996
325	2023-11-04	2023-11-05	f	5	1	5000		17	4	1294.4599999999996
314	2023-11-04	2023-11-05	f	5	2	1200		15	4	760.7279999999998
315	2023-11-04	2023-11-05	f	5	2	1500		16	4	909.192
316	2023-11-04	2023-11-05	f	5	1	2350		5	4	666.5559999999998
326	2023-11-04	2023-11-05	f	5	1	2350		6	4	691.0959999999998
328	2023-11-04	2023-11-05	f	5	1	2700		8	4	672.9959999999999
329	2023-11-04	2023-11-05	f	5	2	2400		9	4	1128.8159999999993
330	2023-11-04	2023-11-05	f	5	2	3400		12	4	1941.08
331	2023-11-04	2023-11-05	f	5	1	3600		10	4	655.1999999999998
332	2023-11-04	2023-11-05	f	5	1	3950		11	4	808.8799999999997
333	2023-11-04	2023-11-05	f	5	1	5000		14	4	1294.4599999999996
334	2023-11-04	2023-11-05	f	5	1	5000		17	4	1294.4599999999996
335	2023-11-04	2023-11-05	f	5	1	1200		15	4	380.3639999999999
367	2023-11-04	2023-11-05	f	5	2	2400		9	4	1128.8159999999993
336	2023-11-04	2023-11-05	f	5	2	1500		16	4	909.192
337	2023-11-04	2023-11-05	f	5	1	2350		5	4	666.5559999999998
338	2023-11-04	2023-11-05	f	5	1	1050		15	4	230.36399999999992
339	2023-11-04	2023-11-05	f	5	1	2350		6	4	691.0959999999998
341	2023-11-04	2023-11-05	f	5	1	2700		8	4	672.9959999999999
342	2023-11-04	2023-11-05	f	5	2	2400		9	4	1128.8159999999993
343	2023-11-04	2023-11-05	f	5	2	3400		12	4	1941.08
344	2023-11-04	2023-11-05	f	5	1	3600		10	4	655.1999999999998
345	2023-11-04	2023-11-05	f	5	1	3950		11	4	808.8799999999997
346	2023-11-04	2023-11-05	f	5	1	5000		14	4	1294.4599999999996
347	2023-11-04	2023-11-05	f	5	1	5000		17	4	1294.4599999999996
348	2023-11-04	2023-11-05	f	5	2	1200		15	4	760.7279999999998
349	2023-11-04	2023-11-05	f	5	2	1500		16	4	909.192
350	2023-11-04	2023-11-05	f	5	1	2350		5	4	666.5559999999998
369	2023-11-04	2023-11-05	f	5	1	3600		10	4	655.1999999999998
370	2023-11-04	2023-11-05	f	5	1	3950		11	4	808.8799999999997
371	2023-11-04	2023-11-05	f	5	1	5000		14	4	1294.4599999999996
372	2023-11-04	2023-11-05	f	5	1	5000		17	4	1294.4599999999996
373	2023-11-04	2023-11-05	f	5	1	1200		15	4	380.3639999999999
374	2023-11-04	2023-11-05	f	5	2	1500		16	4	909.192
375	2023-11-04	2023-11-05	f	5	1	2350		5	4	666.5559999999998
376	2023-11-04	2023-11-05	f	5	1	1050		15	4	230.36399999999992
380	2023-11-04	2023-11-23	t	5	1	2350		6	4	691.0959999999998
382	2023-11-04	2023-11-23	t	5	1	2700		8	4	672.9959999999999
383	2023-11-04	2023-11-23	t	5	2	2400		9	4	1128.8159999999993
384	2023-11-04	2023-11-23	t	5	2	3400		12	4	1941.08
385	2023-11-04	2023-11-23	t	5	1	3600		10	4	655.1999999999998
386	2023-11-04	2023-11-23	t	5	1	3950		11	4	808.8799999999997
387	2023-11-04	2023-11-23	t	5	1	5000		14	4	1294.4599999999996
388	2023-11-04	2023-11-23	t	5	1	5000		17	4	1294.4599999999996
389	2023-11-04	2023-11-23	t	5	1	1200		15	4	380.3639999999999
390	2023-11-04	2023-11-23	t	5	1	1500		16	4	454.596
391	2023-11-04	2023-11-23	t	5	1	2350		5	4	666.5559999999998
392	2023-11-04	2023-11-23	t	5	1	1050		15	4	230.36399999999992
393	2023-11-04	2023-11-23	t	5	1	1400		16	4	354.596
416	2023-12-02	2023-12-02	t	21	1	4850		20	16	4850
437	2023-12-13	2023-12-13	t	41	1	1900	IMEI 352790719101636	22	31	1900
448	2023-12-18	2023-12-18	f	49	1	2500		31	36	2500
445	2023-12-18	2023-12-18	f	48	1	2150	IMEI 352907117781047 353238102661062	28	4	2150
446	2023-12-18	2023-12-18	f	48	1	2500	IMEI 352907117781047 353238102661062	31	4	2500
447	2023-12-18	2023-12-18	f	48	1	2500	IMEI 352907117781047 353238102661062	31	4	2500
449	2023-12-18	2023-12-18	f	48	1	2500	IMEI 352907117781047 353238102661062	31	4	2500
450	2023-12-18	2023-12-18	f	48	1	1000	IMEI 352907117781047 353238102661062	28	4	1000
451	2023-12-18	2023-12-18	f	48	1	2500	IMEI 352907117781047 353238102661062	31	4	2500
452	2023-12-18	2023-12-18	f	48	1	2500	IMEI 352907117781047 353238102661062	31	4	2500
453	2023-12-18	2023-12-18	f	48	1	1000	IMEI 352907117781047 353238102661062	28	4	1000
454	2023-12-18	2023-12-18	f	48	1	2500	IMEI 352907117781047 353238102661062	31	4	2500
455	2023-12-18	2023-12-18	f	48	1	2500	IMEI 352907117781047 353238102661062	31	4	2500
456	2023-12-18	2023-12-18	f	48	1	2500	IMEI 352907117781047 353238102661062	28	4	2500
457	2023-12-18	2023-12-18	f	48	1	2500	IMEI 352907117781047 353238102661062	31	4	2500
458	2023-12-18	2023-12-18	f	48	1	2500	IMEI 352907117781047 353238102661062	31	4	2500
459	2023-12-18	2023-12-18	f	48	1	1000	IMEI 352907117781047 353238102661062	28	4	1000
460	2023-12-18	2023-12-18	f	48	1	2500	IMEI 352907117781047 353238102661062	31	4	2500
461	2023-12-18	2023-12-18	f	48	1	2500	IMEI 352907117781047 353238102661062	31	4	2500
462	2023-12-18	2023-12-18	f	48	1	1000	IMEI 352907117781047 353238102661062	28	4	1000
463	2023-12-18	2023-12-18	f	48	1	2500	IMEI 352907117781047 353238102661062	31	4	2500
464	2023-12-18	2023-12-18	f	48	1	2500	IMEI 352907117781047 353238102661062	31	4	2500
943	2024-04-16	2024-04-16	f	275	1	2900		35	1	1228.9334
944	2024-04-16	2024-04-16	f	275	1	0.01		39	1	-9.898536585365854
945	2024-04-16	2024-04-16	f	275	1	0.01		38	1	-9.782105263157895
1438	2024-07-04	2024-07-04	f	478	1	1000		38	76	978.6100620181861
2700	2025-04-01	2025-04-01	t	1031	1	0.01		81	476	-32.168571428571425
3064	2025-05-31	2025-05-31	f	1191	1	10		100	65	0
3065	2025-06-03	2025-06-03	t	1192	1	2450		34	656	356.2307692307692
3416	2025-08-06	2025-08-06	t	1398	10	0		80	476	-310
3417	2025-08-06	2025-08-06	t	1398	2	0		116	476	-132
465	2023-12-18	2023-12-18	f	48	1	1000	IMEI 352907117781047 353238102661062	28	4	1000
466	2023-12-18	2023-12-18	f	48	1	2500	IMEI 352907117781047 353238102661062	31	4	2500
467	2023-12-18	2023-12-18	f	48	1	2500	IMEI 352907117781047 353238102661062	31	4	2500
468	2023-12-18	2023-12-18	f	48	1	1000	IMEI 352907117781047 353238102661062	28	4	1000
469	2023-12-18	2023-12-19	t	48	1	2500	IMEI 352907117781047 353238102661062	31	4	2500
470	2023-12-19	2023-12-19	f	49	1	1900		24	37	1900
471	2023-12-19	2023-12-19	t	49	1	1900		24	37	1900
472	2023-12-19	2023-12-19	t	50	1	2400	IMEI 353248105848376	6	38	741.0959999999998
473	2023-12-19	2023-12-19	t	51	2	1900	IMEI 352909118619267 352911113863502	22	39	3800
474	2023-12-18	2023-12-19	t	52	1	2500		31	36	2500
475	2023-12-20	2023-12-20	f	53	1	2800	IMEI 356740913011970	12	40	370.53999999999996
476	2023-12-20	2023-12-20	t	53	1	2900	IMEI 356740913011970	12	40	470.53999999999996
478	2023-12-20	2023-12-21	f	55	1	4700	IMEI 352114957084281	19	4	4700
479	2023-12-20	2023-12-21	t	55	1	4600	IMEI 352114957084281	19	4	4600
480	2023-12-21	2023-12-21	t	56	1	4100	IMEI 356712118809003	11	42	958.8799999999997
481	2023-12-22	2023-12-22	t	57	1	2300	IMEI 353986106977930	29	43	2300
482	2023-12-22	2023-12-22	t	58	1	2300	IMEI 352907117781047	28	44	2300
483	2023-12-23	2023-12-23	t	59	1	2400	IMEI 353236108743611	5	11	716.5559999999998
408	2023-11-27	2023-11-27	f	14	1	2100		22	11	2100
484	2023-12-23	2023-12-23	t	60	1	3400	IMEI  355939498525104	34	45	3400
486	2023-12-26	2023-12-26	t	62	1	1900	IMEI 356460902325047	22	47	1900
487	2023-12-26	2023-12-26	t	63	1	3450	IMEI 350555045899266 3521642370111398	33	4	3450
488	2023-12-26	2023-12-26	t	63	1	3200	IMEI 350555045899266 3521642370111398	34	4	3200
489	2023-12-26	2023-12-26	t	64	1	3000	IMEI 35846952078285	27	49	3000
490	2023-12-26	2023-12-26	t	65	1	2500	IMEI 352838112607772	8	48	472.99599999999987
507	2023-12-29	2023-12-29	f	71	1	2300		28	54	2300
495	2023-12-27	2023-12-27	t	69	1	1900	IMEI 353979107729913	24	53	1900
496	2023-12-27	2023-12-27	t	70	1	4700	IMEI  354798785583619\r\nLoarrayne	19	4	4700
491	2023-12-27	2023-12-27	f	66	1	1900		22	50	1900
497	2023-12-27	2023-12-27	t	66	1	1900	IMEI 356558103520877	22	50	1900
498	2023-12-29	2023-12-29	f	67	1	2300	IMEI 352563745985425	28	54	2300
493	2023-12-27	2023-12-27	f	68	1	2700	IMEI 353241101421660	5	52	1016.5559999999998
494	2023-12-27	2023-12-27	f	68	1	2400	IMEI 353241101421660	5	52	716.5559999999998
500	2023-12-29	2023-12-29	f	68	1	2300	IMEI 352563745985425	28	54	2300
501	2023-12-29	2023-12-29	t	68	1	2400	IMEI 352563745985425	5	54	716.5559999999998
508	2023-12-29	2023-12-29	t	71	1	2300	IMEI 352563745985425	28	54	2300
509	2023-12-29	2023-12-29	t	72	1	4700	IMEI 359330183371374	19	55	4700
510	2023-12-29	2023-12-29	t	73	1	3800	IMEI 352048887709387	36	56	3800
511	2023-12-30	2023-12-30	t	74	1	3800	IMEI 358408878695413	21	4	3800
513	2024-01-02	2024-01-02	t	76	1	3400	IMEI 353341832482914	34	58	3400
514	2024-01-03	2024-01-03	t	77	1	1900	IMEI 353986105329943	25	59	946.5894999999999
420	2023-12-04	2023-12-04	f	25	1	3450	Na verdade  um prata. IMEI354009845823916	12	20	1020.54
515	2024-01-04	2024-01-04	t	78	1	2300		28	60	2300
516	2024-01-04	2024-01-04	t	79	1	2300		28	61	2300
517	2024-01-08	2024-01-08	t	80	1	1700	IMEI 356855117948858 Mensagem de tela	22	62	742.5539
518	2024-01-08	2024-01-08	t	81	1	3400	IMEI 351123625616540	34	63	3400
519	2024-01-10	2024-01-10	t	82	2	100		38	65	-14.200784313725478
520	2024-01-10	2024-01-10	t	82	1	50		39	65	-19.31803076923076
521	2024-01-11	2024-01-11	t	83	1	1249		15	66	429.3639999999999
522	2024-01-13	2024-01-13	t	84	1	55		39	65	28.978871794871797
504	2023-12-29	2023-12-29	f	1	1	2300		28	54	2300
130	2023-11-04	2023-11-04	f	1	1	1050		15	4	230.36399999999992
131	2023-11-04	2023-11-04	f	1	1	1200		15	4	380.3639999999999
132	2023-11-04	2023-11-04	f	1	2	1100		15	4	560.7279999999998
502	2023-12-29	2023-12-29	f	1	1	2300	IMEI 352563745985425	28	54	2300
503	2023-12-29	2023-12-29	f	1	1	2300	IMEI 352563745985425	28	54	2300
505	2023-12-29	2023-12-29	f	1	1	2300		28	54	2300
506	2023-12-29	2023-12-29	f	1	1	2300		28	54	2300
523	2024-01-13	2024-01-13	t	84	1	100		38	65	52.052031250000006
524	2024-01-13	2024-01-13	t	85	1	3600	IMEI 353167667295943	10	67	655.1999999999998
525	2024-01-13	2024-01-13	t	85	1	10	IMEI 353167667295943	38	67	-36.34702127659575
526	2024-01-13	2024-01-13	t	85	1	10	IMEI 353167667295943	39	67	-16.021128205128203
527	2024-01-13	2024-01-13	t	86	1	100		38	65	55.32353260869566
528	2024-01-13	2024-01-13	t	86	1	60		39	65	33.97887179487179
529	2024-01-15	2024-01-15	t	87	1	3650	IMEI 355660520061583	10	68	705.1999999999994
530	2024-01-15	2024-01-15	t	88	1	3650	IMEI 353541322876901	10	69	705.1999999999998
531	2024-01-16	2024-01-16	f	89	1	3650	IMEI 354009845823916	12	70	1220.54
532	2024-01-16	2024-01-16	t	90	1	3300	IMEI 354009845823916	10	70	355.1999999999998
533	2024-01-17	2024-01-17	t	91	1	1800	IMEI 35397910641385	22	71	842.5539
534	2024-01-17	2024-01-17	t	92	1	0.01	Venda da Rayane	38	71	-54.83422077922077
535	2024-01-17	2024-01-17	t	92	1	0.01	Venda da Rayane	39	71	-11.14
536	2024-01-18	2024-01-18	f	93	1	40		38	1	-8.041440217391305
537	2024-01-18	2024-01-18	f	94	1	40		38	1	-8.041440217391305
538	2024-01-18	2024-01-18	f	95	1	40		38	1	20
539	2024-01-18	2024-01-18	f	96	1	50		38	1	30
586	2024-02-06	2024-02-06	t	121	1	3600	IMEI 357061229244539	12	85	1170.54
587	2024-02-06	2024-02-06	t	121	1	0.01	IMEI 357061229244539	39	85	-10.659662921348316
588	2024-02-06	2024-02-06	t	121	1	0.01	IMEI 357061229244539	38	85	-23.58973837209302
589	2024-02-06	2024-02-06	t	122	1	1800	imei 353983108611674	25	86	846.5894999999999
590	2024-02-06	2024-02-06	t	122	1	0.01	imei 353983108611674	39	86	-10.643409090909092
545	2024-01-26	2024-01-26	t	102	1	1500	IMEI 350320522649761	22	72	542.5539
546	2024-01-26	2024-01-26	t	103	1	0.01		38	72	-43.87715277777778
547	2024-01-26	2024-01-26	t	103	1	0.01		39	72	-10.829603960396039
548	2024-01-27	2024-01-27	t	104	1	1870	IMEI 353984106413576	24	73	916.5894999999999
549	2024-01-27	2024-01-27	t	104	1	20	IMEI 353984106413576	38	73	-23.145981308411216
550	2024-01-27	2024-01-27	t	104	1	10	IMEI 353984106413576	39	73	-0.827
551	2024-01-29	2024-01-29	t	105	1	1900	IMEI 352790714903960	24	74	946.5894999999999
552	2024-01-29	2024-01-29	t	106	1	0.01		38	74	-42.38082547169811
553	2024-01-29	2024-01-29	t	106	1	0.01		39	74	-10.804141414141414
554	2024-01-29	2024-01-29	t	107	1	0.01	Carregador e cabo para a assistncia	38	65	-41.611285714285714
555	2024-01-29	2024-01-29	t	107	1	0.01	Carregador e cabo para a assistncia	39	65	-10.791020408163266
556	2024-01-30	2024-01-30	t	108	1	1800	IMEI 354628701319279	22	75	842.5539
557	2024-01-30	2024-01-30	t	108	1	0.01	IMEI 354628701319279	38	75	-40.82694711538461
558	2024-01-30	2024-01-30	t	108	1	0.01	IMEI 354628701319279	39	75	-10.777628865979382
559	2024-01-30	2024-01-30	t	109	1	1750	IMEI 352894111567152 358865114586510	40	4	792.5538999999999
560	2024-01-30	2024-01-30	t	109	1	1750	IMEI 352894111567152 358865114586510	24	4	796.5894999999999
561	2024-01-30	2024-01-30	t	110	1	1900	IMEI 352911113747051	40	76	942.5538999999999
562	2024-01-31	2024-01-31	t	111	1	0.01		38	76	-40.0273786407767
563	2024-01-31	2024-01-31	t	111	1	0.01		39	76	-10.763958333333333
564	2024-01-31	2024-01-31	t	112	1	1870	IMEI 352896110399755	40	77	912.5538999999999
565	2024-01-31	2024-01-31	t	112	1	20	IMEI 352896110399755	38	77	-19.222132352941173
566	2024-01-31	2024-01-31	t	112	1	10	IMEI 352896110399755	39	77	-0.7599999999999998
567	2024-02-01	2024-02-01	t	113	1	1800	IMEI 353969104304620	24	78	846.5894999999999
568	2024-02-01	2024-02-01	t	113	1	0.01	IMEI 353969104304620	38	78	-38.380742574257425
569	2024-02-01	2024-02-01	t	113	1	0.01	IMEI 353969104304620	39	78	-10.735744680851065
570	2024-02-02	2024-02-02	t	114	1	3650	IMEI 354440891434094 Recebimento iPhone 11 Pro max 256Gb\r\n	36	79	3650
571	2024-02-03	2024-02-03	t	115	1	1800	IMEI 353983102580552	24	80	846.5894999999999
572	2024-02-03	2024-02-03	t	115	1	0.01	IMEI 353983102580552	38	80	-37.532725
573	2024-02-03	2024-02-03	t	115	1	0.01	IMEI 353983102580552	39	80	-10.721182795698924
574	2024-02-03	2024-02-03	t	116	1	1800	IMEI 356554104904780	24	81	846.5894999999999
575	2024-02-03	2024-02-03	t	116	1	0.01	IMEI 356554104904780	38	81	-36.66757575757576
576	2024-02-03	2024-02-03	t	116	1	0.01	IMEI 356554104904780	39	81	-10.706304347826087
577	2024-02-03	2024-02-03	t	117	1	1800		23	82	846.5894999999999
578	2024-02-03	2024-02-03	t	117	1	0.01		38	82	-35.78477040816327
579	2024-02-03	2024-02-03	t	117	1	0.01		39	82	-10.6910989010989
580	2024-02-03	2024-02-03	t	118	10	60		38	1	251.06237113402068
582	2024-02-05	2024-02-05	t	120	1	1800	IMEI 356552107516270	23	84	846.5894999999999
581	2024-02-05	2024-02-05	f	119	1	1800	IMEI 356805114801857	22	83	842.5538999999999
583	2024-02-05	2024-02-05	t	119	1	1800	IMEI 356805114801857	22	83	842.5538999999999
584	2024-02-05	2024-02-05	t	119	1	0.01	IMEI 356805114801857	39	83	-10.675555555555556
585	2024-02-05	2024-02-05	t	119	1	0.01	IMEI 356805114801857	38	83	-24.734482758620686
591	2024-02-06	2024-02-06	t	122	1	0.01	imei 353983108611674	38	86	-22.41805882352941
592	2024-02-07	2024-02-07	t	123	1	1800	IMEI 356806115018160	24	87	846.5895
593	2024-02-07	2024-02-07	t	123	1	0.01	IMEI 356806115018160	39	87	-10.626781609195403
594	2024-02-07	2024-02-07	t	123	1	0.01	IMEI 356806115018160	38	87	-21.21848214285714
595	2024-02-07	2024-02-07	t	124	1	1800		24	88	846.5895
596	2024-02-07	2024-02-07	t	124	1	0.01		39	88	-10.609767441860464
597	2024-02-07	2024-02-07	t	124	1	0.01		38	88	-19.99
599	2024-02-09	2024-02-09	t	126	1	1800	IMEI 356859110169405	22	90	842.5538999999999
600	2024-02-09	2024-02-09	t	126	1	0.01	IMEI 356859110169405	38	90	-19.99
601	2024-02-09	2024-02-09	t	126	1	0.01	IMEI 356859110169405	39	90	-10.592352941176472
603	2024-02-09	2024-02-09	t	125	1	0.01	IMEI 351306991393642 Recebido iPhone 13 128Gb IMEI 355178168767155 Para Hellen com carregador e cabo	38	89	-19.99
604	2024-02-09	2024-02-09	t	125	1	0.01	IMEI 351306991393642 Recebido iPhone 13 128Gb IMEI 355178168767155 Para Hellen com carregador e cabo	39	89	-10.57452380952381
605	2024-02-09	2024-02-09	f	127	1	6500		43	4	885.7224999999999
607	2024-02-09	2024-02-09	t	128	1	6500		43	4	885.7224999999999
609	2024-02-09	2024-02-09	t	129	1	1700	IMEI\r\n356065543257722\r\n353986106614905\r\n356865112850983	23	1	746.5894999999999
610	2024-02-09	2024-02-09	t	129	1	1650	IMEI\r\n356065543257722\r\n353986106614905\r\n356865112850983	22	1	692.5538999999999
611	2024-02-09	2024-02-09	t	129	1	1700	IMEI\r\n356065543257722\r\n353986106614905\r\n356865112850983	22	1	742.5538999999999
612	2024-02-10	2024-02-10	t	130	1	1800	IMEI 356057363717117	22	92	842.5539
613	2024-02-10	2024-02-10	t	130	1	0	IMEI 356057363717117	38	92	-20
614	2024-02-10	2024-02-10	t	130	1	0	IMEI 356057363717117	39	92	-10.566265060240964
615	2024-02-13	2024-02-13	f	131	1	20	para apgar	38	1	0
616	2024-02-13	2024-02-13	f	131	1	12	para apgar	39	1	1.4292682926829272
617	2024-02-14	2024-02-14	t	132	1	1800	IMEI 356556105564414	23	93	846.5894999999999
618	2024-02-14	2024-02-14	t	132	1	0.01	IMEI 356556105564414	38	93	-19.99
619	2024-02-14	2024-02-14	t	132	1	0.01	IMEI 356556105564414	39	93	-10.560731707317073
621	2024-02-15	2024-02-15	t	134	1	1500	IMEI 353971105244870	22	94	542.5538999999999
622	2024-02-15	2024-02-15	t	134	1	0.01	IMEI 353971105244870	38	94	-19.99
623	2024-02-15	2024-02-15	t	134	1	0.01	IMEI 353971105244870	39	94	-10.565308641975308
625	2024-02-15	2024-02-15	t	136	1	0.01	Compra XR que veio de troca de um 11. IMEI 357346091417093	38	96	-19.99
626	2024-02-15	2024-02-15	t	136	1	0.01	Compra XR que veio de troca de um 11. IMEI 357346091417093	39	96	-10.57
660	2024-02-24	2024-02-24	t	149	1	3000	IMEI 351053805325239	32	109	1328.9334
624	2024-02-15	2024-02-15	f	135	1	1500	IMEI 356554102127913 Mensagem de tela Trocada	23	95	546.5894999999999
628	2024-02-20	2024-02-20	t	138	1	6650		43	98	1035.7224999999999
629	2024-02-20	2024-02-20	t	138	1	100		38	98	80
631	2024-02-19	2024-02-20	t	140	1	1800	IMEI 353972109065402	24	99	846.5895
632	2024-02-19	2024-02-20	t	140	1	0.01	IMEI 353972109065402	39	99	-10.57481012658228
633	2024-02-19	2024-02-20	t	140	1	0.01	IMEI 353972109065402	38	99	-19.99
634	2024-02-20	2024-02-20	t	141	1	1800	IMEI 352902116703878	25	100	846.5894999999999
635	2024-02-20	2024-02-20	t	141	1	0.01	IMEI 352902116703878	38	100	-19.99
636	2024-02-20	2024-02-20	t	141	1	0.01	IMEI 352902116703878	39	100	-10.57974358974359
637	2024-02-21	2024-02-21	t	142	1	1800	IMEI 353980107368306	22	101	842.5538999999999
638	2024-02-21	2024-02-21	t	142	1	0.01	IMEI 353980107368306	38	101	-19.99
639	2024-02-21	2024-02-21	t	142	1	0.01	IMEI 353980107368306	39	101	-10.584805194805194
640	2024-02-22	2024-02-22	t	143	1	1500		24	102	546.5894999999999
641	2024-02-22	2024-02-22	t	143	1	0.01		38	102	-19.99
642	2024-02-22	2024-02-22	t	143	1	0.01		39	102	-10.59
630	2024-02-19	2024-02-20	f	139	60	3		38	1	-1020
643	2024-02-19	2024-02-22	t	139	3	60		38	1	120
644	2024-02-22	2024-02-22	t	144	1	1500	IMEI 356554102194822	23	103	546.5894999999999
645	2024-02-22	2024-02-22	t	144	1	0.01	IMEI 356554102194822	39	103	-10.595333333333333
646	2024-02-22	2024-02-22	t	144	1	0.01	IMEI 356554102194822	38	103	-19.99
647	2024-02-22	2024-02-22	t	145	1	1800	IMEI 356558100105300	23	104	846.5895
648	2024-02-22	2024-02-22	t	145	1	0.01	IMEI 356558100105300	39	104	-10.600810810810811
649	2024-02-22	2024-02-22	t	145	1	0.01	IMEI 356558100105300	38	104	-19.99
650	2024-02-23	2024-02-23	t	146	1	1800	IMEI 352896118063028	22	105	842.5538999999999
651	2024-02-23	2024-02-23	t	146	1	0.01	IMEI 352896118063028	39	105	-10.606438356164384
652	2024-02-23	2024-02-23	t	146	1	0.01	IMEI 352896118063028	38	105	-19.99
657	2024-02-23	2024-02-23	t	148	1	1800	IMEI 15 PRO MAX 351306991252731\r\nIMEI 11 352898115440688	24	107	846.5894999999999
658	2024-02-23	2024-02-23	t	148	1	0.01	IMEI 15 PRO MAX 351306991252731\r\nIMEI 11 352898115440688	39	107	-10.618169014084508
659	2024-02-23	2024-02-23	t	148	1	0.01	IMEI 15 PRO MAX 351306991252731\r\nIMEI 11 352898115440688	38	107	-19.99
661	2024-02-24	2024-02-24	t	149	1	0.01	IMEI 351053805325239	39	109	-10.624285714285714
662	2024-02-24	2024-02-24	t	149	1	0.01	IMEI 351053805325239	38	109	-19.99
663	2024-02-24	2024-02-24	t	150	1	3000	IMEI 352391575782807	32	112	1328.9334
664	2024-02-24	2024-02-24	t	150	1	0.01	IMEI 352391575782807	39	112	-10.630579710144929
665	2024-02-24	2024-02-24	t	150	1	0.01	IMEI 352391575782807	38	112	-19.99
666	2024-02-24	2024-02-24	t	151	1	1800	IMEI 353985105351493	23	110	846.5895
667	2024-02-24	2024-02-24	t	151	1	0.01	IMEI 353985105351493	39	110	-10.637058823529411
668	2024-02-24	2024-02-24	t	151	1	0.01	IMEI 353985105351493	38	110	-19.99
669	2024-02-24	2024-02-24	t	152	1	3000	imei 354066786340078	34	111	1328.9334
670	2024-02-24	2024-02-24	t	152	1	0.01	imei 354066786340078	38	111	-19.99
671	2024-02-24	2024-02-24	t	152	1	0.01	imei 354066786340078	39	111	-10.643731343283582
653	2024-02-23	2024-02-23	f	147	1	3000	IMEI 355287863003113	34	106	1328.9334
673	2024-02-26	2024-02-26	t	153	1	3000	PRETO IMEI 358424178932265\r\nROSA IMEI 358469522873947\r\nRECEBIDO IPHONE 11 64GB BRANCO	34	122	1328.9334
674	2024-02-26	2024-02-26	t	153	1	0.01	PRETO IMEI 358424178932265\r\nROSA IMEI 358469522873947\r\nRECEBIDO IPHONE 11 64GB BRANCO	38	122	-19.99
675	2024-02-26	2024-02-26	t	153	1	0.01	PRETO IMEI 358424178932265\r\nROSA IMEI 358469522873947\r\nRECEBIDO IPHONE 11 64GB BRANCO	39	122	-10.65060606060606
678	2024-02-26	2024-02-26	t	155	1	2750	IMEI 355075990983665\r\nIMEI 352678434169444\r\n	34	4	1078.9334
620	2024-02-14	2024-02-14	f	133	1	1650	IMEI 353974102370953	23	1	696.5894999999999
679	2024-02-29	2024-02-29	t	156	1	1500	IMEI 352909118944269	23	125	546.5895
680	2024-02-29	2024-02-29	t	156	1	0.01	IMEI 352909118944269	38	125	-19.99
681	2024-02-29	2024-02-29	t	156	1	0.01	IMEI 352909118944269	39	125	-10.657692307692308
683	2024-03-01	2024-03-02	t	158	1	1800	IMEI 356554104904780	24	126	846.5894999999999
684	2024-03-01	2024-03-02	t	158	1	0.01	IMEI 356554104904780	38	126	-19.99
685	2024-03-01	2024-03-02	t	158	1	0.01	IMEI 356554104904780	39	126	-10.665000000000001
687	2024-03-01	2024-03-02	f	160	1	1800	IMEI 35291111374705	22	129	842.5539
688	2024-03-01	2024-03-02	f	160	1	0.01	IMEI 35291111374705	39	129	-10.672539682539682
689	2024-03-01	2024-03-02	f	160	1	0.01	IMEI 35291111374705	38	129	-19.99
690	2024-03-01	2024-03-02	t	160	1	0.01	IMEI 35291111374705\r\niphone recebido na troca de um iphone 13 preto do Luan. Recebimento reportado na venda do Luan	22	129	-957.4361
691	2024-03-01	2024-03-02	t	160	1	0.01	IMEI 35291111374705\r\niphone recebido na troca de um iphone 13 preto do Luan. Recebimento reportado na venda do Luan	39	129	-10.672539682539682
692	2024-03-01	2024-03-02	t	160	1	0.01	IMEI 35291111374705\r\niphone recebido na troca de um iphone 13 preto do Luan. Recebimento reportado na venda do Luan	38	129	-19.99
654	2024-02-23	2024-02-23	f	147	1	0.01	IMEI 355287863003113	39	106	-10.612222222222222
655	2024-02-23	2024-02-23	f	147	1	0.01	IMEI 355287863003113	38	106	-19.99
693	2024-03-02	2024-03-02	t	161	1	0.01	Referente a troca de um iphone 13 da loja por um 14 pro maxVenda id 147 foi eliminada.\r\n\r\nIMEI 352911113747051	39	128	-10.672539682539682
694	2024-03-02	2024-03-02	t	161	1	0.01	Referente a troca de um iphone 13 da loja por um 14 pro maxVenda id 147 foi eliminada.\r\n\r\nIMEI 352911113747051	39	128	-10.68032258064516
695	2024-03-02	2024-03-02	t	162	1	1650	IMEI 353974102370953	23	4	696.5895
696	2024-03-03	2024-03-03	f	163	1	1000		22	1	42.5539
697	2024-03-03	2024-03-03	f	164	1	1000		22	1	42.5539
698	2024-03-03	2024-03-03	f	165	1	1000		22	1	42.5539
699	2024-03-03	2024-03-03	t	166	1	2750	IMEI 358091650588814	35	1	1078.9334
700	2024-03-04	2024-03-03	f	167	1	1000		22	1	42.5539
701	2024-03-03	2024-03-03	f	168	1	1000		22	1	42.5539
702	2024-03-03	2024-03-03	f	169	1	1000		22	1	42.5539
703	2024-03-03	2024-03-03	f	170	1	1000		22	1	42.5539
704	2024-03-03	2024-03-03	f	171	1	1000		22	1	42.5539
705	2024-03-03	2024-03-03	f	172	1	1000		22	1	42.5539
706	2024-03-03	2024-03-03	f	173	1	1000		22	1	42.5539
707	2024-03-03	2024-03-03	f	174	1	1000		22	1	42.5539
709	2024-03-04	2024-03-04	t	176	1	3100	IMEI 357415878138956	46	130	1428.9334
710	2024-03-04	2024-03-04	t	176	1	0.01	IMEI 357415878138956	38	130	-19.99
711	2024-03-04	2024-03-04	t	176	1	0.01	IMEI 357415878138956	39	130	-10.696666666666667
712	2024-03-04	2024-03-04	t	177	1	1800	IMEI 356800115901376	23	131	846.5894999999999
713	2024-03-04	2024-03-04	t	177	1	0.01	IMEI 356800115901376	38	131	-19.99
714	2024-03-04	2024-03-04	t	177	1	0.01	IMEI 356800115901376	39	131	-10.705254237288136
708	2024-03-04	2024-03-04	f	175	1	60		39	65	49.3016393442623
717	2024-03-06	2024-03-06	t	179	1	0.01	IMEI 354455409680038	39	132	-10.705254237288136
718	2024-03-06	2024-03-06	t	179	1	0.01	IMEI 354455409680038	38	132	-19.99
719	2024-03-06	2024-03-06	t	180	1	1800	IMEI 3528971119466375\r\nIMEI 353900100216278 iphone 11 PRO MAX recebido	22	133	842.5539
720	2024-03-06	2024-03-06	t	180	2	0.01	IMEI 3528971119466375\r\nIMEI 353900100216278 iphone 11 PRO MAX recebido	39	133	-21.428275862068965
721	2024-03-06	2024-03-06	t	180	2	0.01	IMEI 3528971119466375\r\nIMEI 353900100216278 iphone 11 PRO MAX recebido	38	133	-39.98
723	2024-03-07	2024-03-07	t	182	1	2900	IMEI 357500960955035	35	134	1228.9334
724	2024-03-07	2024-03-07	t	182	1	0.01	IMEI 357500960955035	39	134	-10.732857142857144
725	2024-03-07	2024-03-07	t	182	1	0.01	IMEI 357500960955035	38	134	-19.99
726	2024-03-07	2024-03-07	t	183	1	1800	IMEI 352905119433336	24	135	846.5895
727	2024-03-07	2024-03-07	t	183	1	0.01	IMEI 352905119433336	39	135	-10.742727272727272
728	2024-03-07	2024-03-07	t	183	1	0.01	IMEI 352905119433336	38	135	-19.99
729	2024-03-08	2024-03-08	t	184	1	1700	IMEI 356802118780617	22	137	742.5538999999998
730	2024-03-08	2024-03-08	t	184	1	0.01	IMEI 356802118780617	39	137	-10.752962962962965
731	2024-03-08	2024-03-08	t	184	1	0.01	IMEI 356802118780617	38	137	-19.99
732	2024-03-08	2024-03-08	t	185	1	3100	IMEI 355237863603113	34	138	1428.9334
733	2024-03-08	2024-03-08	t	186	1	1700	IMEI 356805117382269	24	139	746.5894999999999
734	2024-03-08	2024-03-08	t	186	1	0.01	IMEI 356805117382269	38	139	-19.99
735	2024-03-08	2024-03-08	t	186	1	0.01	IMEI 356805117382269	39	139	-10.763584905660377
736	2024-03-09	2024-03-09	t	187	1	1700	IMEI 356860110311179	22	140	742.5538999999998
737	2024-03-09	2024-03-09	t	187	1	0.01	IMEI 356860110311179	38	140	-19.99
738	2024-03-09	2024-03-09	t	187	1	0.01	IMEI 356860110311179	39	140	-10.774615384615384
739	2024-03-09	2024-03-09	t	188	1	1800	IMEI 352905115361705	24	141	846.5894999999999
740	2024-03-09	2024-03-09	t	188	1	0.01	IMEI 352905115361705	38	141	-19.99
741	2024-03-09	2024-03-09	t	188	1	0.01	IMEI 352905115361705	39	141	-10.78607843137255
742	2024-03-09	2024-03-09	t	189	1	1700	IMEI 356547102368404	22	142	742.5538999999998
743	2024-03-09	2024-03-09	t	189	1	0.01	IMEI 356547102368404	39	142	-10.798
744	2024-03-09	2024-03-09	t	189	1	0.01	IMEI 356547102368404	38	142	-19.99
745	2024-03-10	2024-03-10	f	190	1	1000		22	1	42.553899999999885
746	2024-03-10	2024-03-10	f	191	1	1000		22	1	42.553899999999885
747	2024-03-10	2024-03-10	f	192	1	1000		22	1	42.553899999999885
748	2024-03-10	2024-03-10	f	193	1	1000		22	1	42.553899999999885
749	2024-03-10	2024-03-10	f	194	1	1000		22	1	42.553899999999885
750	2024-03-10	2024-03-10	f	195	1	1000		22	1	42.553899999999885
751	2024-03-10	2024-03-10	f	196	1	1000		22	1	42.553899999999885
752	2024-03-10	2024-03-10	f	197	1	1000		22	1	42.553899999999885
753	2024-03-10	2024-03-10	f	198	1	1000		22	1	42.553899999999885
754	2024-03-10	2024-03-10	f	199	1	1000		22	1	42.553899999999885
755	2024-03-10	2024-03-10	f	200	1	1000		22	1	42.553899999999885
756	2024-03-10	2024-03-10	f	201	1	1000		22	1	42.553899999999885
757	2024-03-10	2024-03-10	f	202	1	1000		22	1	42.553899999999885
758	2024-03-10	2024-03-10	f	203	1	1000		22	1	42.553899999999885
759	2024-03-10	2024-03-10	f	204	1	1000		22	1	42.553899999999885
760	2024-03-10	2024-03-10	f	205	1	1000		22	1	42.553899999999885
761	2024-03-10	2024-03-10	f	206	1	1000		22	1	42.553899999999885
762	2024-03-10	2024-03-10	f	207	1	1000		22	1	42.553899999999885
763	2024-03-10	2024-03-10	f	208	1	1000		22	1	42.553899999999885
764	2024-03-10	2024-03-10	f	209	1	1000		22	1	42.553899999999885
765	2024-03-12	2024-03-12	t	210	1	3000	IMEI 358469524427429	32	144	1328.9334
766	2024-03-12	2024-03-12	t	210	1	0.01	IMEI 358469524427429	39	144	-10.810408163265308
767	2024-03-12	2024-03-12	t	210	1	0.01	IMEI 358469524427429	38	144	-19.99
768	2024-03-12	2024-03-12	t	211	1	1800		22	65	842.5538999999999
769	2024-03-12	2024-03-12	t	211	1	0.01		39	65	-10.823333333333334
770	2024-03-12	2024-03-12	t	211	1	0.01		38	65	-19.99
771	2024-03-13	2024-03-13	t	212	1	3300		49	4	163
772	2024-03-13	2024-03-13	t	212	1	3300		48	4	163
773	2024-03-13	2024-03-13	t	213	1	3450		49	145	313
774	2024-03-13	2024-03-13	t	214	1	2800	IMEI 356199677020091	46	65	1128.9334
775	2024-03-13	2024-03-13	t	214	1	0.01	IMEI 356199677020091	39	65	-12.958041237113402
776	2024-03-13	2024-03-13	t	214	1	0.01	IMEI 356199677020091	38	65	-11.837826086956522
777	2024-03-13	2024-03-13	t	215	1	1800	IMEI 352893113620688	22	146	842.5538999999999
778	2024-03-13	2024-03-13	t	215	1	0.01	IMEI 352893113620688	38	146	-11.74824175824176
779	2024-03-13	2024-03-13	t	215	1	0.01	IMEI 352893113620688	39	146	-12.967083333333335
780	2024-03-14	2024-03-14	t	216	1	3450		48	147	313
782	2024-03-14	2024-03-14	t	217	1	0.01	IMEI 356555193393122	38	148	-11.656666666666666
783	2024-03-14	2024-03-14	t	217	1	0.01	IMEI 356555193393122	39	148	-12.976315789473684
784	2024-03-14	2024-03-14	t	218	1	1800	IMEI 356555103303122	22	149	842.5538999999999
785	2024-03-14	2024-03-14	t	218	1	0.01	IMEI 356555103303122	38	149	-11.563033707865168
786	2024-03-14	2024-03-14	t	218	1	0.01	IMEI 356555103303122	39	149	-12.985744680851065
787	2024-03-15	2024-03-15	t	219	1	1500	IMEI 356859112942510	22	150	542.5539
788	2024-03-15	2024-03-15	t	219	1	0.01	IMEI 356859112942510	39	150	-11.042845528455285
789	2024-03-15	2024-03-15	t	219	1	0.01	IMEI 356859112942510	38	150	-12.362881355932204
790	2024-03-16	2024-03-16	f	220	1	3450		49	151	313
791	2024-03-16	2024-03-16	f	220	1	3450		48	151	313
792	2024-03-16	2024-03-16	t	221	1	3450		49	151	313
793	2024-03-16	2024-03-16	t	221	1	3450		48	151	313
794	2024-03-16	2024-03-16	t	222	1	2800	IMEI 358091650488814	47	152	1128.9334
795	2024-03-16	2024-03-16	t	222	1	0.01	IMEI 358091650488814	39	152	-11.034262295081968
796	2024-03-16	2024-03-16	t	222	1	0.01	IMEI 358091650488814	38	152	-12.297692307692309
797	2024-03-16	2024-03-16	t	223	1	2800	IMEI 355402931015688	47	153	1128.9334
798	2024-03-16	2024-03-16	t	223	1	0.01	IMEI 355402931015688	39	153	-11.025537190082646
799	2024-03-16	2024-03-16	t	223	1	0.01	IMEI 355402931015688	38	153	-12.231379310344828
800	2024-03-18	2024-03-18	t	224	1	3450		48	154	313
801	2024-03-19	2024-03-19	t	225	1	1800	IMEI 353977108495534\r\n	23	65	846.5894999999999
802	2024-03-19	2024-03-19	t	225	1	0.01	IMEI 353977108495534\r\n	39	65	-11.016666666666667
803	2024-03-19	2024-03-19	t	225	1	0.01	IMEI 353977108495534\r\n	38	65	-12.163913043478262
804	2024-03-19	2024-03-19	t	226	1	1800	imei 353977108495534	23	65	846.5894999999999
805	2024-03-19	2024-03-19	t	226	1	0.01	imei 353977108495534	39	65	-11.007647058823531
806	2024-03-19	2024-03-19	t	226	1	0.01	imei 353977108495534	38	65	-12.095263157894736
807	2024-03-19	2024-03-19	t	227	1	3450		48	155	313
808	2024-03-19	2024-03-19	t	228	1	3450		49	156	313
809	2024-03-20	2024-03-20	t	229	1	1800	IMEI 356460907178244	24	157	846.5894999999999
810	2024-03-20	2024-03-20	t	229	1	0.01	IMEI 356460907178244	39	157	-10.998474576271187
811	2024-03-20	2024-03-20	t	229	1	0.01	IMEI 356460907178244	38	157	-12.025398230088495
812	2024-03-20	2024-03-20	t	230	1	3450		49	65	313
813	2024-03-20	2024-03-20	t	231	1	3450		48	159	313
814	2024-03-20	2024-03-20	t	231	1	100		38	159	88.03571428571429
815	2024-03-20	2024-03-20	t	232	1	2700	IMEI 358691732085158	46	160	1028.9334
816	2024-03-20	2024-03-20	t	233	1	1300	IMEI 353972108350128	22	161	342.5538999999999
817	2024-03-20	2024-03-20	t	233	1	0.01	IMEI 353972108350128	39	161	-10.9891452991453
818	2024-03-20	2024-03-20	t	233	1	0.01	IMEI 353972108350128	38	161	-11.881891891891891
819	2024-03-21	2024-03-21	t	234	1	2900		34	162	1228.9334
820	2024-03-21	2024-03-21	t	234	1	0.01		38	162	-11.808181818181819
821	2024-03-21	2024-03-21	t	234	1	0.01		39	162	-10.979655172413795
822	2024-03-23	2024-03-23	t	235	1	1800	IMEI 356869117826287	22	163	842.5538999999999
823	2024-03-23	2024-03-23	t	235	1	0.01	IMEI 356869117826287	38	163	-11.733119266055047
824	2024-03-23	2024-03-23	t	235	1	0.01	IMEI 356869117826287	39	163	-10.97
825	2024-03-23	2024-03-23	t	236	1	1300	IMEI 356800115901376	23	164	346.58949999999993
826	2024-03-23	2024-03-23	t	236	1	0.01	IMEI 356800115901376	38	164	-11.656666666666666
827	2024-03-23	2024-03-23	t	236	1	0.01	IMEI 356800115901376	39	164	-10.960175438596492
828	2024-03-23	2024-03-23	t	237	1	3450		48	165	313
829	2024-03-26	2024-03-26	t	238	1	2000	IMEI 351458445149128	29	167	1019.8462000000002
830	2024-03-26	2024-03-26	t	238	1	0.01	IMEI 351458445149128	38	167	-11.578785046728973
831	2024-03-26	2024-03-26	t	238	1	0.01	IMEI 351458445149128	39	167	-10.950176991150443
832	2024-03-26	2024-03-26	t	239	1	3300		49	4	163
833	2024-03-30	2024-03-30	t	240	1	1760	IMEI 356554102087729 356561105209507 350559890352066	28	4	779.8462000000002
834	2024-03-30	2024-03-30	t	240	1	1700	IMEI 356554102087729 356561105209507 350559890352066	52	4	719.8462000000001
835	2024-03-30	2024-03-30	t	240	1	1700	IMEI 356554102087729 356561105209507 350559890352066	53	4	719.8462000000001
837	2024-03-30	2024-03-30	t	241	1	0.01	IMEI 356801112481925	38	169	-11.49943396226415
838	2024-03-30	2024-03-30	t	241	1	0.01	IMEI 356801112481925	39	169	-10.940000000000001
839	2024-03-30	2024-03-30	t	242	1	2000	356801112481925	52	170	1019.8462000000001
840	2024-03-30	2024-03-30	t	242	1	0.01	356801112481925	38	170	-11.418571428571429
841	2024-03-30	2024-03-30	t	242	1	0.01	356801112481925	39	170	-10.946756756756757
842	2024-03-30	2024-03-30	t	243	1	3450		49	168	313
843	2024-03-30	2024-03-30	t	243	1	115		38	168	103.65384615384616
844	2024-04-01	2024-04-01	t	244	1	2000	IMEI 356557100620904	52	171	1019.8462000000001
845	2024-04-01	2024-04-01	t	244	1	0.01	IMEI 356557100620904	39	171	-10.953636363636363
846	2024-04-01	2024-04-01	t	244	1	0.01	IMEI 356557100620904	38	171	-11.252135922330098
847	2024-04-01	2024-04-01	t	245	1	1800	IMEI 352897114142196	22	172	842.5539
848	2024-04-01	2024-04-01	t	245	1	0.01	IMEI 352897114142196	38	172	-11.166470588235294
849	2024-04-01	2024-04-01	t	245	1	0.01	IMEI 352897114142196	39	172	-10.960642201834862
853	2024-04-03	2024-04-03	t	247	1	2000	IMEI 353972105924578	29	174	1019.8462000000002
854	2024-04-03	2024-04-03	t	247	1	0.01	IMEI 353972105924578	38	174	-10.99
855	2024-04-03	2024-04-03	t	247	1	0.01	IMEI 353972105924578	39	174	-10.975046728971964
856	2024-04-03	2024-04-03	t	248	1	1750	IMEI 353971106978377	24	175	796.5894999999999
857	2024-04-03	2024-04-03	t	248	1	0.01	IMEI 353971106978377	38	175	-10.899090909090908
858	2024-04-03	2024-04-03	t	248	1	0.01	IMEI 353971106978377	39	175	-10.982452830188679
850	2024-04-02	2024-04-02	f	246	1	1750	IMEI 352896114587533	23	1	796.5894999999999
851	2024-04-02	2024-04-02	f	246	1	0.01	IMEI 352896114587533	38	1	-11.079108910891089
852	2024-04-02	2024-04-02	f	246	1	0.01	IMEI 352896114587533	39	1	-10.96777777777778
859	2024-04-05	2024-04-05	t	249	1	1750	imei 353968100274225	22	176	792.5538999999999
860	2024-04-05	2024-04-05	t	249	1	0.01	imei 353968100274225	38	176	-10.899090909090908
861	2024-04-05	2024-04-05	t	249	1	0.01	imei 353968100274225	39	176	-10.982452830188679
862	2024-04-06	2024-04-06	t	250	1	1750	IMEI 	22	1	792.5538999999998
863	2024-04-06	2024-04-06	t	250	1	0.01	IMEI 	39	1	-10.99
864	2024-04-06	2024-04-06	t	251	1	1500	imei 300320526263702\r\n	22	65	542.5538999999998
865	2024-04-06	2024-04-06	t	251	1	0.01	imei 300320526263702\r\n	39	65	-10.997692307692308
866	2024-04-06	2024-04-06	t	251	1	0.01	imei 300320526263702\r\n	38	65	-10.806326530612244
867	2024-04-06	2024-04-06	f	252	1	1800	IMEI 356874110970660	23	178	846.5894999999999
868	2024-04-06	2024-04-06	f	252	1	0.01	IMEI 356874110970660	39	178	-11.005533980582525
869	2024-04-06	2024-04-06	f	252	1	0.01	IMEI 356874110970660	38	178	-10.711649484536082
870	2024-04-06	2024-04-06	t	252	1	1750	IMEI 356874110970660	23	178	796.5894999999999
871	2024-04-06	2024-04-06	t	252	1	0.01	IMEI 356874110970660	39	178	-11.005533980582525
872	2024-04-06	2024-04-06	t	252	1	0.01	IMEI 356874110970660	38	178	-10.711649484536082
873	2024-04-06	2024-04-06	t	253	1	1750	IMEI 356863112648010	22	179	792.5538999999998
874	2024-04-06	2024-04-06	t	253	1	0.01	IMEI 356863112648010	39	179	-11.013529411764708
875	2024-04-06	2024-04-06	t	253	1	0.01	IMEI 356863112648010	38	179	-10.615
876	2024-04-06	2024-04-06	t	254	1	2000	IMEI 356805112454857	53	180	1019.8462000000002
877	2024-04-06	2024-04-06	t	254	1	0.01	IMEI 356805112454857	39	180	-11.021683168316832
878	2024-04-06	2024-04-06	t	254	1	0.01	IMEI 356805112454857	38	180	-10.516315789473685
879	2024-04-09	2024-04-09	t	255	1	1750	IMEI 353984105174179	23	181	796.5894999999999
880	2024-04-09	2024-04-09	t	255	1	0.01	IMEI 353984105174179	38	181	-10.415531914893617
881	2024-04-09	2024-04-09	t	255	1	0.01	IMEI 353984105174179	39	181	-11.03
882	2024-04-09	2024-04-09	t	256	1	2000	IMEI 352900114959948	29	182	1019.8462000000002
883	2024-04-09	2024-04-09	t	256	1	0.01	IMEI 352900114959948	39	182	-11.038484848484849
884	2024-04-09	2024-04-09	t	256	1	0.01	IMEI 352900114959948	38	182	-10.31258064516129
885	2024-04-10	2024-04-10	t	257	1	2000	IMEI 357344096979746	28	183	1019.8462000000002
886	2024-04-10	2024-04-10	t	257	1	0.01	IMEI 357344096979746	38	183	-10.207391304347826
887	2024-04-10	2024-04-10	t	257	1	0.01	IMEI 357344096979746	39	183	-11.047142857142859
888	2024-04-10	2024-04-10	t	258	50	20		38	1	494.50549450549454
889	2024-04-10	2024-04-10	t	258	50	12		39	1	46.70103092783498
890	2024-04-10	2024-04-10	t	259	1	1760		29	4	779.8462000000001
891	2024-04-10	2024-04-10	t	259	1	1760		28	4	779.8462000000001
893	2024-04-11	2024-04-11	t	260	1	0.01	IMEI 350183980864748	38	185	-12.307073170731707
894	2024-04-11	2024-04-11	t	260	1	0.01	IMEI 350183980864748	39	185	-8.607021276595745
895	2024-04-11	2024-04-11	t	261	1	2000	imei 356866115721726	52	186	1019.8462000000002
896	2024-04-11	2024-04-11	t	261	1	0.01	imei 356866115721726	38	186	-12.49
897	2024-04-11	2024-04-11	t	261	1	0.01	imei 356866115721726	39	186	-8.468260869565217
898	2024-04-11	2024-04-11	t	262	1	1500	imei 356561101613322	22	187	542.5538999999999
899	2024-04-11	2024-04-11	t	262	1	0.01	imei 356561101613322	38	187	-12.682307692307692
900	2024-04-11	2024-04-11	t	262	1	0.01	imei 356561101613322	39	187	-8.323333333333334
901	2024-04-04	2024-04-11	t	263	1	1500	IMEI 356547100239565	22	188	542.5539
902	2024-04-04	2024-04-11	t	263	1	0.01	IMEI 356547100239565	38	188	-12.884736842105264
903	2024-04-04	2024-04-11	t	263	1	0.01	IMEI 356547100239565	39	188	-8.171818181818182
904	2024-04-11	2024-04-11	t	264	1	2900	IMEI 357332362531150	47	189	1228.9334
905	2024-04-11	2024-04-11	t	264	1	0.01	IMEI 357332362531150	38	189	-13.098108108108109
906	2024-04-11	2024-04-11	t	264	1	0.01	IMEI 357332362531150	39	189	-8.013255813953489
907	2024-04-11	2024-04-11	t	265	1	2900	imei 3573323663275062	34	190	1228.9334
908	2024-04-11	2024-04-11	t	265	1	0.01	imei 3573323663275062	38	190	-13.323333333333334
909	2024-04-11	2024-04-11	t	265	1	0.01	imei 3573323663275062	39	190	-7.847142857142857
910	2024-04-12	2024-04-12	t	266	1	1750	imei 352904118887423	23	191	796.5894999999999
911	2024-04-12	2024-04-12	t	266	1	0.01	imei 352904118887423	38	191	-13.561428571428571
912	2024-04-12	2024-04-12	t	266	1	0.01	imei 352904118887423	39	191	-7.672926829268293
913	2024-04-12	2024-04-12	t	267	1	1750	IMEI 356865114190644\r\n	22	192	792.5538999999999
914	2024-04-12	2024-04-12	t	267	1	0.01	IMEI 356865114190644\r\n	38	192	-13.813529411764707
915	2024-04-12	2024-04-12	t	267	1	0.01	IMEI 356865114190644\r\n	39	192	-7.49
916	2024-04-08	2024-04-12	t	268	1	1500		50	65	600
917	2024-04-08	2024-04-12	t	268	1	0.01		38	65	-14.080909090909092
918	2024-04-08	2024-04-12	t	268	1	0.01		39	65	-7.297692307692308
919	2024-04-12	2024-04-12	t	269	1	1750	imei 356556103765161	22	193	792.5538999999999
920	2024-04-12	2024-04-12	t	269	1	0.01	imei 356556103765161	38	193	-14.365
921	2024-04-12	2024-04-12	t	269	1	0.01	imei 356556103765161	39	193	-7.095263157894737
922	2024-04-12	2024-04-12	t	270	1	1750	IMEI 353975101014336	22	194	792.5538999999998
923	2024-04-12	2024-04-12	t	270	1	0.01	IMEI 353975101014336	38	194	-14.66741935483871
924	2024-04-12	2024-04-12	t	270	1	0.01	IMEI 353975101014336	39	194	-6.881891891891892
925	2024-04-22	2024-04-15	t	271	1	2000	IMEI 356555102439000	29	195	1019.8462000000001
926	2024-04-22	2024-04-15	t	271	1	0.01	IMEI 356555102439000	39	195	-10.135348837209303
927	2024-04-22	2024-04-15	t	271	1	0.01	IMEI 356555102439000	38	195	-10.0425
929	2024-04-15	2024-04-15	t	272	1	0.01	imei 352164236254700	39	196	-10.078235294117647
930	2024-04-15	2024-04-15	t	272	1	0.01	imei 352164236254700	38	196	-9.97987341772152
931	2024-04-16	2024-04-16	f	273	1	2000	IMEI 356866110005265	54	197	1019.8462000000001
932	2024-04-16	2024-04-16	f	273	1	0.01	IMEI 356866110005265	38	197	-9.915641025641026
933	2024-04-16	2024-04-16	f	273	1	0.01	IMEI 356866110005265	39	197	-10.019761904761905
934	2024-04-16	2024-04-16	t	273	1	2000	IMEI 356866110005265	52	197	1019.8462000000002
935	2024-04-16	2024-04-16	t	273	1	0.01	IMEI 356866110005265	38	197	-9.915641025641026
936	2024-04-16	2024-04-16	t	273	1	0.01	IMEI 356866110005265	39	197	-10.019761904761905
937	2024-04-16	2024-04-16	f	274	1	0.01		38	1	-9.782105263157895
938	2024-04-16	2024-04-16	f	274	1	0.01		39	1	-9.95987951807229
939	2024-04-16	2024-04-16	f	274	1	0.01		38	1	-9.782105263157895
946	2024-04-17	2024-04-17	t	276	2	6250		55	4	1701.960000000001
947	2024-04-17	2024-04-17	t	277	1	6400		55	198	1000.9800000000005
948	2024-04-17	2024-04-17	t	278	1	1750		22	199	792.5538999999999
940	2024-04-16	2024-04-16	f	275	1	2900		47	1	1228.9334
941	2024-04-16	2024-04-16	f	275	1	0.01		39	1	-9.898536585365854
942	2024-04-16	2024-04-16	f	275	1	0.01		38	1	-9.782105263157895
949	2024-04-17	2024-04-17	t	278	1	0.01		39	199	-9.898536585365854
950	2024-04-17	2024-04-17	t	278	1	0.01		38	199	-9.782105263157895
951	2024-04-18	2024-04-18	t	279	1	2000	IMEI 353972106021994	52	200	1019.8462000000002
952	2024-04-18	2024-04-18	t	279	1	0.01	IMEI 353972106021994	39	200	-9.835679012345679
953	2024-04-18	2024-04-18	t	279	1	0.01	IMEI 353972106021994	38	200	-9.712666666666667
954	2024-04-18	2024-04-18	t	280	1	2000	imei 353978106014236	54	201	1019.8462000000001
955	2024-04-18	2024-04-18	t	280	1	0.01	imei 353978106014236	39	201	-9.77125
956	2024-04-18	2024-04-18	t	280	1	0.01	imei 353978106014236	38	201	-9.641351351351352
957	2024-04-18	2024-04-18	t	281	1	2900	IMEI 358824782469549	32	202	1228.9334
958	2024-04-18	2024-04-18	t	281	1	0.01	IMEI 358824782469549	39	202	-9.831772151898734
959	2024-04-18	2024-04-18	t	281	1	0.01	IMEI 358824782469549	38	202	-9.568082191780823
960	2024-04-19	2024-04-19	t	282	1	2900	IMEI 351138102563304	35	203	1228.9334
961	2024-04-19	2024-04-19	t	282	1	0.01	IMEI 351138102563304	38	203	-9.492777777777778
962	2024-04-19	2024-04-19	t	282	1	0.01	IMEI 351138102563304	39	203	-9.893846153846154
963	2024-04-20	2024-04-20	t	283	1	6350		55	4	950.9800000000005
964	2024-04-20	2024-04-20	t	284	1	2000	IMEI 353969104172852	52	204	1019.8462000000002
965	2024-04-20	2024-04-20	t	284	1	0.01	IMEI 353969104172852	39	204	-9.957532467532468
966	2024-04-20	2024-04-20	t	284	1	0.01	IMEI 353969104172852	38	204	-9.415352112676057
968	2024-04-22	2024-04-22	t	285	1	0.01	IMEI 358424171539984	39	205	-10.022894736842105
969	2024-04-22	2024-04-22	t	285	1	0.01	IMEI 358424171539984	38	205	-8.393333333333333
970	2024-04-22	2024-04-22	t	286	1	1750	imei 352896114587533	23	1	796.5894999999999
971	2024-04-22	2024-04-22	t	286	1	0.01	imei 352896114587533	39	1	-10.09
972	2024-04-22	2024-04-22	t	286	1	0.01	imei 352896114587533	38	1	-8.281525423728814
973	2024-04-22	2024-04-22	t	287	1	1750	imei 350320526422330	22	207	792.5538999999999
974	2024-04-22	2024-04-22	t	287	1	0.01	imei 350320526422330	39	207	-10.15891891891892
975	2024-04-22	2024-04-22	t	287	1	0.01	imei 350320526422330	38	207	-8.165862068965517
976	2024-04-22	2024-04-22	t	288	1	2000	IMEI 352912114776481	29	208	1019.8462000000001
977	2024-04-22	2024-04-22	t	288	1	0.01	IMEI 352912114776481	39	208	-10.22972602739726
978	2024-04-22	2024-04-22	t	288	1	0.01	IMEI 352912114776481	38	208	-8.046140350877193
980	2024-04-22	2024-04-22	t	289	1	0.01	IMEI 351123620819123	38	209	-7.922142857142857
981	2024-04-22	2024-04-22	t	289	1	0.01	IMEI 351123620819123	39	209	-10.3025
982	2024-04-22	2024-04-22	t	290	1	1750	IMEI 356806113534101	22	1	792.5538999999999
983	2024-04-22	2024-04-22	t	290	1	0.01	IMEI 356806113534101	38	1	-7.793636363636364
984	2024-04-22	2024-04-22	t	290	1	0.01	IMEI 356806113534101	39	1	-10.377323943661972
985	2024-04-23	2024-04-23	t	291	1	1750	IMEI 351594953070353	22	211	792.5538999999999
986	2024-04-23	2024-04-23	t	291	1	0.01	IMEI 351594953070353	39	211	-10.022894736842105
987	2024-04-23	2024-04-23	t	291	1	0.01	IMEI 351594953070353	38	211	-8.393333333333333
988	2024-04-23	2024-04-23	t	292	1	2000	imei 353975102257116	52	212	1019.8462000000002
989	2024-04-23	2024-04-23	t	292	1	0.01	imei 353975102257116	39	212	-10.09
990	2024-04-23	2024-04-23	t	292	1	0.01	imei 353975102257116	38	212	-8.281525423728814
991	2024-04-24	2024-04-24	t	293	1	2000	IMEI 352905112086305	53	213	1019.8462000000002
992	2024-04-24	2024-04-24	t	293	1	0.01	IMEI 352905112086305	39	213	-10.15891891891892
993	2024-04-24	2024-04-24	t	293	1	0.01	IMEI 352905112086305	38	213	-8.165862068965517
998	2024-04-26	2024-04-26	t	295	1	0.01	IMEI 352180449606866	38	215	-7.922142857142857
999	2024-04-26	2024-04-26	t	295	1	0.01	IMEI 352180449606866	39	215	-10.3025
1000	2024-04-26	2024-04-26	t	296	1	1600	IMEI 356807111831093	29	216	619.8462000000001
1001	2024-04-26	2024-04-26	t	296	1	0.01	IMEI 356807111831093	39	216	-10.377323943661972
1002	2024-04-26	2024-04-26	t	296	1	0.01	IMEI 356807111831093	38	216	-7.793636363636364
1003	2024-04-26	2024-04-26	t	297	1	6350		55	217	950.9800000000005
1004	2024-04-27	2024-04-27	t	298	1	1300	IMEI 353984100269156	40	218	342.5538999999999
1005	2024-04-27	2024-04-27	t	298	1	0.01	IMEI 353984100269156	39	218	-10.454285714285714
1006	2024-04-27	2024-04-27	t	298	1	0.01	IMEI 353984100269156	38	218	-7.66037037037037
1007	2024-04-27	2024-04-27	t	299	1	100		38	65	92.4679245283019
1012	2024-04-27	2024-04-27	t	301	1	2000	IMEI 352907116138116\r\nIMEI 352900115019353	52	219	1019.8462000000002
1013	2024-04-27	2024-04-27	t	301	1	2000	IMEI 352907116138116\r\nIMEI 352900115019353	54	219	1019.8462000000002
1014	2024-04-27	2024-04-27	t	301	2	0.01	IMEI 352907116138116\r\nIMEI 352900115019353	38	219	-14.756923076923076
1015	2024-04-27	2024-04-27	t	301	2	0.01	IMEI 352907116138116\r\nIMEI 352900115019353	39	219	-21.06695652173913
1016	2024-04-29	2024-04-29	t	302	1	1750	IMEI 356558101514856 Vermelho	41	220	792.5538999999999
1017	2024-04-29	2024-04-29	t	302	1	0.01	IMEI 356558101514856 Vermelho	39	220	-10.698955223880597
1018	2024-04-30	2024-05-01	t	303	1	6500		55	65	1100.9800000000005
1019	2024-05-02	2024-05-02	t	304	1	1750	IMEI 353969103358221	23	221	796.5894999999999
1020	2024-05-02	2024-05-02	t	304	1	0.01	IMEI 353969103358221	39	221	-10.785454545454545
1021	2024-05-02	2024-05-02	t	305	1	1200	imei 352895112416182	23	222	246.58949999999993
1022	2024-05-02	2024-05-02	t	305	1	0.01	imei 352895112416182	39	222	-10.874615384615385
1023	2024-05-02	2024-05-02	t	306	1	3600	IMEI 353981760816284	58	4	200
1024	2024-05-04	2024-05-04	t	307	1	0.01	Venda para o rapaz com problema nos carregadores e cabos 128.	39	65	-10.9665625
1025	2024-05-04	2024-05-04	t	307	1	0.01	Venda para o rapaz com problema nos carregadores e cabos 128.	38	65	-7.074
1026	2024-05-04	2024-05-04	t	308	1	2000	IMEI 356804115013083	52	223	1019.8462000000002
1027	2024-05-04	2024-05-04	t	308	1	0.01	IMEI 356804115013083	39	223	-11.061428571428571
1028	2024-05-04	2024-05-04	t	308	1	0.01	IMEI 356804115013083	38	223	-7.073999999999999
1029	2024-05-04	2024-05-04	t	309	1	2000	imei 35680113403118	28	224	1019.8462000000001
1030	2024-05-04	2024-05-04	t	309	1	0.01	imei 35680113403118	38	224	-7.073999999999999
1031	2024-05-04	2024-05-04	t	309	1	0.01	imei 35680113403118	39	224	-11.159354838709678
1032	2024-05-04	2024-05-04	t	310	1	1200		23	65	246.58949999999993
1033	2024-05-04	2024-05-04	t	310	1	0.01		39	65	-11.260491803278688
1034	2024-05-06	2024-05-06	t	311	1	2000	IMEI 356805110258086	29	225	1019.8462000000002
1035	2024-05-06	2024-05-06	t	311	1	0.01	IMEI 356805110258086	39	225	-11.755625
1036	2024-05-06	2024-05-06	t	311	1	0.01	IMEI 356805110258086	38	225	-15.86039455782313
1037	2024-05-06	2024-05-06	t	312	2	0.01		39	4	-23.59635220125786
1043	2024-05-07	2024-05-07	t	315	1	0.01	imei 358265589007530	39	227	-11.929102564102564
1044	2024-05-07	2024-05-07	t	315	1	0.01	imei 358265589007530	38	227	-15.98158620689655
994	2024-04-25	2024-04-25	f	294	1	1750	IMEI 356859110169405	22	214	792.5538999999999
995	2024-04-25	2024-04-25	f	294	1	0.01	IMEI 356859110169405	39	214	-10.22972602739726
996	2024-04-25	2024-04-25	f	294	1	0.01	IMEI 356859110169405	38	214	-8.046140350877193
1045	2024-05-08	2024-05-08	t	316	1	2000	IMEI 256549107849172	29	228	1019.8462000000002
1046	2024-05-08	2024-05-08	t	316	1	0.01	IMEI 256549107849172	39	228	-11.929102564102564
1047	2024-05-08	2024-05-08	t	316	1	0.01	IMEI 256549107849172	38	228	-15.98158620689655
1049	2024-05-08	2024-05-08	t	317	1	0.01	IMEI 358469520468161	38	229	-16.043444444444443
1050	2024-05-08	2024-05-08	t	317	1	0.01	IMEI 358469520468161	39	229	-11.973870967741936
1051	2024-05-08	2024-05-08	t	318	3	15		39	4	8.912337662337663
1052	2024-05-08	2024-05-08	t	318	2	27.5		38	4	22.767664335664335
1053	2024-05-09	2024-05-09	t	319	1	2000	IMEI 353970100033932	52	230	1019.8462000000002
1054	2024-05-09	2024-05-09	t	319	1	0.01	IMEI 353970100033932	39	230	-12.158874172185431
1055	2024-05-09	2024-05-09	t	319	1	0.01	IMEI 353970100033932	38	230	-16.23428368794326
1056	2024-05-09	2024-05-09	t	320	1	2650	IMEI 3537774331933597	47	4	978.9333999999999
1057	2024-05-10	2024-05-10	t	321	1	1500	IMEI 353975102465529	52	231	519.8462000000001
1058	2024-05-10	2024-05-10	t	321	1	0.01	IMEI 353975102465529	39	231	-12.206666666666667
1059	2024-05-10	2024-05-10	t	321	1	0.01	IMEI 353975102465529	38	231	-16.299714285714284
1061	2024-05-10	2024-05-10	t	322	1	0.01	imei 351486315409264	39	65	-12.203758389261745
1062	2024-05-10	2024-05-10	t	322	1	0.01	imei 351486315409264	38	65	-16.36608633093525
1063	2024-05-10	2024-05-10	t	323	1	1550		54	4	569.8462000000002
1064	2024-05-10	2024-05-10	t	324	1	6300		55	1	900.9800000000005
1065	2024-05-12	2024-05-12	t	325	1	2000	IMEI 356802118979847	52	232	1019.8462000000001
1066	2024-05-12	2024-05-12	t	325	1	0.01	IMEI 356802118979847	38	232	-16.43342028985507
1067	2024-05-12	2024-05-12	t	325	1	0.01	IMEI 356802118979847	39	232	-12.20081081081081
1069	2024-05-12	2024-05-12	t	326	1	0.01	IMEI 355939499400463	38	65	-16.50173722627737
1070	2024-05-12	2024-05-12	t	326	1	0.01	IMEI 355939499400463	39	65	-12.1978231292517
1072	2024-05-12	2024-05-12	t	327	1	0.01	imei 3544554-1809312	39	65	-12.194794520547946
1073	2024-05-12	2024-05-12	t	327	1	0.01	imei 3544554-1809312	38	65	-16.57105882352941
1074	2024-05-13	2024-05-13	t	328	1	20		39	233	7.798275862068966
1075	2024-05-13	2024-05-13	t	328	1	12		38	233	-4.651407407407408
1076	2024-05-14	2024-05-14	t	329	1	2800	13 preto\r\nIMEI 351475536838100	35	1	1128.9334
1077	2024-05-14	2024-05-14	t	329	1	0.01	13 preto\r\nIMEI 351475536838100	39	1	-12.188611111111111
1078	2024-05-14	2024-05-14	t	329	1	0.01	13 preto\r\nIMEI 351475536838100	38	1	-16.71280597014925
1079	2024-05-14	2024-05-14	t	330	1	1500	IMEI 356548102984323	52	65	519.8462000000001
1080	2024-05-14	2024-05-14	t	330	1	0.01	IMEI 356548102984323	39	65	-12.185454545454544
1081	2024-05-14	2024-05-14	t	330	1	0.01	IMEI 356548102984323	38	65	-16.78527819548872
1082	2024-05-15	2024-05-15	t	331	1	1500	IMEI 356869116585827	52	235	519.8462000000001
1083	2024-05-15	2024-05-15	t	331	1	0.01	IMEI 356869116585827	39	235	-12.18225352112676
1084	2024-05-15	2024-05-15	t	331	1	0.01	IMEI 356869116585827	38	235	-16.858848484848483
1085	2024-05-15	2024-05-15	t	332	1	2800	imei 354551502687902	35	236	1128.9334
1086	2024-05-15	2024-05-15	t	332	1	0.01	imei 354551502687902	39	236	-12.179007092198582
1087	2024-05-15	2024-05-15	t	332	1	0.01	imei 354551502687902	38	236	-16.93354198473282
1039	2024-05-07	2024-05-07	f	314	1	2000	IMEI 3539721001451311	52	65	1019.8462000000002
1088	2024-05-15	2024-05-15	f	333	1	2800	IMEI 354551502471109	35	237	1128.9334
1089	2024-05-15	2024-05-15	f	333	1	0.01	IMEI 354551502471109	39	237	-12.175714285714285
1090	2024-05-15	2024-05-15	f	333	1	0.01	IMEI 354551502471109	38	237	-17.009384615384615
1091	2024-05-15	2024-05-15	t	334	1	2800	IMEI 354551502471109	35	237	1128.9334
1092	2024-05-15	2024-05-15	t	334	1	0.01	IMEI 354551502471109	39	237	-12.175714285714285
1093	2024-05-15	2024-05-15	t	334	1	0.01	IMEI 354551502471109	38	237	-17.009384615384615
1095	2024-05-16	2024-05-16	t	336	1	2800	IMEI 35681560459009-2	35	239	1128.9334
1096	2024-05-16	2024-05-16	t	336	1	0.01	IMEI 35681560459009-2	39	239	-12.172374100719423
1097	2024-05-16	2024-05-16	t	336	1	0.01	IMEI 35681560459009-2	38	239	-17.086403100775193
1100	2024-05-16	2024-05-16	t	339	1	2800	IMEI 352824481201413	35	240	1128.9334
1101	2024-05-16	2024-05-16	t	339	1	0.01	IMEI 352824481201413	39	240	-12.168985507246378
1102	2024-05-16	2024-05-16	t	339	1	0.01	IMEI 352824481201413	38	240	-17.164624999999997
1094	2024-05-16	2024-05-16	f	335	1	1740	IMEI 353971100673040	54	238	759.8462000000001
1103	2024-05-17	2024-05-17	t	340	1	2350	IMEI 352841115706790	59	241	550
1104	2024-05-20	2024-05-20	t	341	1	2000	IMEI 353971100673040	28	242	1019.8462000000001
1105	2024-05-20	2024-05-20	t	341	1	0.01	IMEI 353971100673040	38	242	-17.24407874015748
1106	2024-05-20	2024-05-20	t	341	1	0.01	IMEI 353971100673040	39	242	-12.165547445255473
1107	2024-05-20	2024-05-20	t	342	1	2000	imei 353968109273384	54	243	1019.8462000000001
1108	2024-05-20	2024-05-20	t	342	1	0.01	imei 353968109273384	38	243	-17.32479365079365
1109	2024-05-20	2024-05-20	t	342	1	0.01	imei 353968109273384	39	243	-12.162058823529412
1110	2024-05-21	2024-05-21	t	343	1	2000	imei 353974109852668	29	244	1019.8462000000001
1111	2024-05-21	2024-05-21	t	343	1	0.01	imei 353974109852668	38	244	-17.406799999999997
1112	2024-05-21	2024-05-21	t	343	1	0.01	imei 353974109852668	39	244	-12.15851851851852
1116	2024-05-21	2024-05-21	t	345	1	1500	imei 356866115721726\r\n	52	65	519.8462000000001
1117	2024-05-21	2024-05-21	t	345	1	0.01	imei 356866115721726\r\n	38	65	-17.57481300813008
1118	2024-05-21	2024-05-21	t	345	1	0.01	imei 356866115721726\r\n	39	65	-12.151278195488722
1119	2024-05-21	2024-05-21	t	346	1	1750	IMEI 356859110169405	22	246	792.5538999999999
1120	2024-05-21	2024-05-21	t	346	1	0.01	IMEI 356859110169405	39	246	-12.147575757575757
1121	2024-05-21	2024-05-21	t	346	1	0.01	IMEI 356859110169405	38	246	-17.66088524590164
1113	2024-05-21	2024-05-21	f	344	1	1750	IMEI 356554104904780	24	245	250
1114	2024-05-21	2024-05-21	f	344	1	0.01	IMEI 356554104904780	39	245	-12.154925373134327
1115	2024-05-21	2024-05-21	f	344	1	0.01	IMEI 356554104904780	38	245	-17.490129032258064
1122	2024-05-22	2024-05-22	t	347	1	2000		47	65	328.9333999999999
1124	2024-05-23	2024-05-23	t	349	1	1900	IMEI 353985108144382	29	247	919.8462000000001
1125	2024-05-23	2024-05-23	t	349	1	0.01	IMEI 353985108144382	39	247	-12.147575757575757
1126	2024-05-23	2024-05-23	t	349	1	0.01	IMEI 353985108144382	38	247	-17.66088524590164
1129	2024-05-23	2024-05-23	t	352	1	3000	IMEI 359209653350185	46	248	1352.4093
1130	2024-05-23	2024-05-23	t	352	1	0.01	IMEI 359209653350185	39	248	-12.093781512605041
1131	2024-05-23	2024-05-23	t	352	1	0.01	IMEI 359209653350185	38	248	-18.50408849557522
1132	2024-05-23	2024-05-23	t	353	1	1900	IMEI 352909111190019	52	249	919.8462000000001
1133	2024-05-23	2024-05-23	t	353	1	0.01	IMEI 352909111190019	39	249	-12.089152542372881
1134	2024-05-23	2024-05-23	t	353	1	0.01	IMEI 352909111190019	38	249	-18.606142857142853
1135	2024-05-23	2024-05-23	t	354	1	2800	IMEI 3526678432694161	34	250	1149.4748124999999
1136	2024-05-23	2024-05-23	t	354	1	0.01	IMEI 3526678432694161	39	250	-12.084444444444443
1137	2024-05-23	2024-05-23	t	354	1	0.01	IMEI 3526678432694161	38	250	-18.710036036036033
1138	2024-05-23	2024-05-23	t	355	1	1500	imei 352909111397010	52	251	519.8462000000001
1139	2024-05-23	2024-05-23	t	355	1	0.01	imei 352909111397010	39	251	-12.079655172413794
1140	2024-05-23	2024-05-23	t	355	1	0.01	imei 352909111397010	38	251	-18.81581818181818
1141	2024-05-23	2024-05-23	t	356	1	2800	IMEI 358091651773563	32	65	1152.4093
1142	2024-05-23	2024-05-23	t	356	1	0.01	IMEI 358091651773563	39	65	-12.074782608695653
1143	2024-05-23	2024-05-23	t	356	1	0.01	IMEI 358091651773563	38	65	-18.923541284403665
1128	2024-05-23	2024-05-23	f	351	12	0.01	Correo de Estoque	39	65	-145.72580152671756
1127	2024-05-23	2024-05-23	f	350	8	0.01	Correo de Estoque	38	65	-141.98704132231404
1144	2024-05-23	2024-05-23	t	357	3	0.01	Ajuste de estoque.	38	65	-54.62544827586207
1145	2024-05-23	2024-05-23	t	357	7	0.01	Ajuste de estoque.	39	65	-84.86888888888889
1146	2024-05-23	2024-05-23	t	358	2	2530	IMEI \r\n357332368013336\r\n358469529561289\r\n352824488737260\r\n354066786060387\r\n354066786060387\r\n	34	4	1764.8185999999996
1147	2024-05-23	2024-05-23	t	358	1	2530	IMEI \r\n357332368013336\r\n358469529561289\r\n352824488737260\r\n354066786060387\r\n354066786060387\r\n	32	4	882.4093
1148	2024-05-23	2024-05-23	t	358	1	2500	IMEI \r\n357332368013336\r\n358469529561289\r\n352824488737260\r\n354066786060387\r\n354066786060387\r\n	27	4	852.4093
1150	2024-05-23	2024-05-23	t	359	1	1400	IMEI 353971105252634	24	252	-100
1151	2024-05-23	2024-05-23	t	359	1	0.01	IMEI 353971105252634	39	252	-12.093781512605041
1152	2024-05-23	2024-05-23	t	359	1	0.01	IMEI 353971105252634	38	252	-18.50408849557522
1153	2024-05-23	2024-05-23	f	360	1	1700		24	76	200
1154	2024-05-23	2024-05-23	f	361	1	1700		24	76	368
1155	2024-05-23	2024-05-23	t	362	1	1700	IMEI 356553107570929	28	4	719.8462000000002
1156	2024-05-24	2024-05-24	t	363	1	60		39	65	47.90084745762712
1157	2024-05-25	2024-05-25	t	364	1	1900	IMEI 356556102772002	29	253	919.8462000000001
1158	2024-05-25	2024-05-25	t	364	1	0.01	IMEI 356556102772002	39	253	-12.084444444444443
1159	2024-05-25	2024-05-25	t	364	1	0.01	IMEI 356556102772002	38	253	-18.606142857142853
1160	2024-05-25	2024-05-25	t	365	1	2050	imei 353242105180732	5	254	570
1161	2024-05-25	2024-05-25	t	365	1	0.01	imei 353242105180732	39	254	-12.079655172413794
1162	2024-05-25	2024-05-25	t	365	1	0.01	imei 353242105180732	38	254	-18.710036036036033
1166	2024-05-25	2024-05-25	t	367	1	2800	imei 353207331631832	32	65	1152.4093
1167	2024-05-25	2024-05-25	t	367	1	0.01	imei 353207331631832	39	65	-12.069824561403507
1168	2024-05-25	2024-05-25	t	367	1	0.01	imei 353207331631832	38	65	-18.923541284403665
1169	2024-05-25	2024-05-25	t	368	1	4800	IMEI 356041407710748	60	256	2800
1170	2024-05-25	2024-05-25	t	368	1	0.01	IMEI 356041407710748	39	256	-12.064778761061948
1171	2024-05-25	2024-05-25	t	368	1	0.01	IMEI 356041407710748	38	256	-19.033259259259257
1163	2024-05-25	2024-05-25	f	366	1	1500	IMEI 352911117032094	52	255	519.8462000000001
1164	2024-05-25	2024-05-25	f	366	1	0.01	IMEI 352911117032094	39	255	-12.074782608695653
1165	2024-05-25	2024-05-25	f	366	1	0.01	IMEI 352911117032094	38	255	-18.81581818181818
1172	2024-05-25	2024-05-26	t	369	1	1900	IMEI 352911117032094	52	255	919.8462000000001
1173	2024-05-25	2024-05-26	t	369	1	0.01	IMEI 352911117032094	39	255	-12.064778761061948
1174	2024-05-25	2024-05-26	t	369	1	0.01	IMEI 352911117032094	38	255	-19.033259259259257
1175	2024-05-27	2024-05-27	t	370	1	1900	imei 352896114932218	29	257	919.8462000000002
1176	2024-05-27	2024-05-27	t	370	1	0.01	imei 352896114932218	39	257	-12.059642857142856
1177	2024-05-27	2024-05-27	t	370	1	0.01	imei 352896114932218	38	257	-19.145028037383177
1179	2024-05-27	2024-05-27	t	371	1	0.01	imei 359209653792964	39	258	-12.054414414414415
1180	2024-05-27	2024-05-27	t	371	1	0.01	imei 359209653792964	38	258	-19.258905660377355
1181	2024-05-28	2024-05-28	t	372	1	1900	IMEI 353986105057206	54	259	919.8462000000001
1182	2024-05-28	2024-05-28	t	372	1	0.01	IMEI 353986105057206	39	259	-12.049090909090909
1183	2024-05-28	2024-05-28	t	372	1	0.01	IMEI 353986105057206	38	259	-19.37495238095238
1184	2024-05-28	2024-05-28	t	373	1	1900	IMEI 356872112750783	53	260	919.8462000000001
1185	2024-05-28	2024-05-28	t	373	1	0.01	IMEI 356872112750783	39	260	-12.043669724770641
1186	2024-05-28	2024-05-28	t	373	1	0.01	IMEI 356872112750783	38	260	-19.493230769230767
1187	2024-05-28	2024-05-28	f	374	1	2700	IMEI 357774335649801	53	261	1719.8462
1188	2024-05-28	2024-05-28	f	374	1	0.01	IMEI 357774335649801	39	261	-12.03814814814815
1189	2024-05-28	2024-05-28	f	374	1	0.01	IMEI 357774335649801	38	261	-19.613805825242718
1190	2024-05-28	2024-05-28	t	375	1	2700	IMEI 357774335649801	46	261	1052.4093
1191	2024-05-28	2024-05-28	t	375	1	0.01	IMEI 357774335649801	39	261	-12.03814814814815
1192	2024-05-28	2024-05-28	t	375	1	0.01	IMEI 357774335649801	38	261	-19.613805825242718
1193	2024-05-29	2024-05-29	t	376	1	2500	IMEI 358469521576855	27	258	852.4093
1194	2024-05-29	2024-05-29	t	376	1	0.01	IMEI 358469521576855	39	258	-12.03252336448598
1195	2024-05-29	2024-05-29	t	376	1	0.01	IMEI 358469521576855	38	258	-19.73674509803921
1198	2024-05-29	2024-05-29	t	378	1	2700	imei 356815603398349	47	166	1052.4093
1199	2024-05-29	2024-05-29	t	378	1	0.01	imei 356815603398349	39	166	-12.020952380952382
1200	2024-05-29	2024-05-29	f	379	1	2700	imei 356815603398349	47	166	1052.4093
1201	2024-05-29	2024-05-29	f	379	1	0.01	imei 356815603398349	39	166	-12.014999999999999
1202	2024-05-29	2024-05-29	f	379	1	0.01	imei 356815603398349	38	166	-19.99
1203	2024-05-29	2024-05-29	t	380	1	2700		27	264	1052.4093
1204	2024-05-29	2024-05-29	t	380	1	0.01		39	264	-12.014999999999999
1205	2024-05-29	2024-05-29	t	380	1	0.01		38	264	-19.99
1196	2024-05-29	2024-05-29	f	377	1	2700	imei 356815603398349	47	76	1049.0556
1197	2024-05-29	2024-05-29	f	377	1	0.01	imei 356815603398349	39	76	-12.02679245283019
1206	2024-05-31	2024-05-31	t	381	1	2700	IMEI 357774333357043	27	65	1052.4093
1208	2024-05-31	2024-05-31	t	382	1	0.01	IMEI 357774336412407	39	265	-12.014999999999999
1209	2024-05-31	2024-05-31	t	382	1	0.01	IMEI 357774336412407	38	265	-19.99
1210	2024-05-31	2024-05-31	t	383	1	2700	IMEI 358691739549602	27	31	1052.4093
1211	2024-05-31	2024-05-31	t	383	1	0.01	IMEI 358691739549602	39	31	-12.008932038834953
1212	2024-05-31	2024-05-31	t	383	1	0.01	IMEI 358691739549602	38	31	-19.99
1216	2024-06-02	2024-06-02	t	385	1	1900	IMEI 358091658946105	54	268	774.1538857142857
1217	2024-06-02	2024-06-02	t	385	1	0.01	IMEI 358091658946105	39	268	-11.996435643564357
1218	2024-06-02	2024-06-02	t	385	1	0.01	IMEI 358091658946105	38	268	-19.99
1213	2024-06-01	2024-06-02	f	384	1	2800		32	267	1152.4093
1214	2024-06-01	2024-06-02	f	384	1	0.01		39	267	-12.002745098039215
1215	2024-06-01	2024-06-02	f	384	1	0.01		38	267	-19.99
1219	2024-06-01	2024-06-02	t	384	1	2800	imei 353986105070205	32	267	1152.4093
1220	2024-06-01	2024-06-02	t	384	1	0.01	imei 353986105070205	39	267	-11.996435643564357
1221	2024-06-01	2024-06-02	t	384	1	0.01	imei 353986105070205	38	267	-19.99
2343	2025-01-09	2025-01-09	t	855	1	0.01		80	476	-29.299999999999997
2344	2025-01-10	2025-01-10	t	856	8	32		80	36	21.52000000000001
2417	2025-02-05	2025-02-05	t	893	1	0.01		90	476	-64.99
2701	2025-04-01	2025-04-01	t	1032	1	0.01		81	476	-32.21727272727273
1222	2024-06-01	2024-06-02	f	386	1	0.01	IMEI 358091658946105	39	269	-11.99
1223	2024-06-01	2024-06-02	f	386	1	0.01	IMEI 358091658946105	38	269	-19.99
1224	2024-06-01	2024-06-02	f	386	1	2800	IMEI 358091658946105	27	269	1152.4093
1225	2024-06-01	2024-06-02	t	386	1	0.01	IMEI 358091658946105	39	269	-11.99
1226	2024-06-01	2024-06-02	t	386	1	0.01	IMEI 358091658946105	38	269	-19.99
1227	2024-06-01	2024-06-02	t	386	1	2700	IMEI 358091658946105	27	269	1052.4093
1229	2024-06-05	2024-06-05	t	388	1	4800		66	4	901.2000000000003
1230	2024-06-05	2024-06-05	t	388	1	4800		64	4	901.2000000000003
1231	2024-06-06	2024-06-06	t	389	1	1900	iPhone 11 Lils.	52	271	919.8462000000001
1232	2024-06-06	2024-06-06	t	389	1	0.01	iPhone 11 Lils.	39	271	-11.99
1233	2024-06-06	2024-06-06	t	389	1	0.01	iPhone 11 Lils.	38	271	-19.99
1234	2024-06-06	2024-06-06	t	390	1	2700	IMEI 355701901430870	27	273	1052.4093
1235	2024-06-06	2024-06-06	t	390	1	0.01	IMEI 355701901430870	39	273	-11.99
1236	2024-06-06	2024-06-06	t	390	1	0.01	IMEI 355701901430870	38	273	-19.99
1237	2024-06-06	2024-06-06	t	391	1	2700	IMEI 352180443704832	27	200	1052.4092999999998
1238	2024-06-06	2024-06-06	t	391	1	0.01	IMEI 352180443704832	39	200	-11.99
1239	2024-06-06	2024-06-06	t	391	1	0.01	IMEI 352180443704832	38	200	-19.99
1240	2024-06-06	2024-06-06	t	392	1	5000	IMEI 353360940836340	63	65	1101.2000000000003
1241	2024-06-06	2024-06-06	t	392	1	0.01	IMEI 353360940836340	39	65	-11.99
1242	2024-06-06	2024-06-06	t	392	1	0.01	IMEI 353360940836340	38	65	-19.99
1243	2024-06-06	2024-06-06	f	393	1	5000		64	65	1101.1999999999998
1244	2024-06-06	2024-06-06	f	394	1	5000		64	65	1101.1999999999998
1245	2024-06-06	2024-06-07	t	394	1	5000	IMEI 350387750330364	64	65	1101.1999999999998
1246	2024-06-07	2024-06-07	t	395	1	2700	IMEI 355939496564303	47	275	1052.4093
1247	2024-06-07	2024-06-07	t	395	1	0.01	IMEI 355939496564303	39	275	-11.99
1248	2024-06-07	2024-06-07	t	395	1	0.01	IMEI 355939496564303	38	275	-19.99
1249	2024-06-07	2024-06-07	t	396	1	30		39	4	18
1250	2024-06-07	2024-06-07	t	396	1	70		38	4	50
1254	2024-06-08	2024-06-08	t	398	1	1900	IMEI 353971100673040	28	76	919.8462000000001
1255	2024-06-08	2024-06-08	t	398	1	0.01	IMEI 353971100673040	39	76	-11.99
1256	2024-06-08	2024-06-08	t	398	1	0.01	IMEI 353971100673040	38	76	-19.99
1257	2024-06-08	2024-06-08	t	399	1	5000	IMEI 357650611422776	64	278	1101.2000000000003
1258	2024-06-08	2024-06-08	t	399	1	0.01	IMEI 357650611422776	39	278	-11.99
1259	2024-06-08	2024-06-08	t	399	1	0.01	IMEI 357650611422776	38	278	-19.99
1260	2024-06-10	2024-06-10	t	400	1	2800	IMEI 358469527788462	27	279	1152.4092999999998
1261	2024-06-10	2024-06-10	t	400	1	0.01	IMEI 358469527788462	39	279	-9.455168421052631
1262	2024-06-10	2024-06-10	t	400	1	0.01	IMEI 358469527788462	38	279	-16.928934782608696
1263	2024-06-10	2024-06-10	t	401	1	3900	IMEI 353510604156688	20	280	1027.2000000000003
1264	2024-06-10	2024-06-10	t	401	1	0.01	IMEI 353510604156688	39	280	-9.441756613756615
1265	2024-06-10	2024-06-10	t	401	1	0.01	IMEI 353510604156688	38	280	-16.912207650273224
1266	2024-06-10	2024-06-10	t	402	1	3700	IMEI 352569482121306	21	4	827.2000000000003
1267	2024-06-10	2024-06-10	t	403	1	2700	IMEI 358891501765184	34	281	1052.4093
1268	2024-06-10	2024-06-10	t	403	1	0.01	IMEI 358891501765184	39	281	-9.428202127659574
1269	2024-06-10	2024-06-10	t	403	1	0.01	IMEI 358891501765184	38	281	-16.8952967032967
1270	2024-06-10	2024-06-10	t	404	1	3700	IMEI 356955701577509\r\nIMEI 353519514029034	62	4	827.2000000000003
1271	2024-06-10	2024-06-10	t	404	1	1700	IMEI 356955701577509\r\nIMEI 353519514029034	51	4	719.8462000000001
1272	2024-06-11	2024-06-11	t	405	1	0.01	IMEI 357068947163487	39	282	-9.414502673796791
1273	2024-06-11	2024-06-11	t	405	1	0.01	IMEI 357068947163487	38	282	-16.878198895027623
1275	2024-06-11	2024-06-11	t	406	1	2300	IMEI 359669602576819	9	283	300
1277	2024-06-12	2024-06-12	t	407	1	0.01	IMEI 354739185946063	39	65	-9.400655913978495
1278	2024-06-12	2024-06-12	t	407	1	0.01	IMEI 354739185946063	38	65	-16.86091111111111
1279	2024-06-12	2024-06-12	t	408	1	0.01	IMEI 352164238692501	39	65	-9.38665945945946
1280	2024-06-12	2024-06-12	t	408	1	0.01	IMEI 352164238692501	38	65	-16.843430167597763
1282	2024-06-12	2024-06-12	t	409	1	1900	IMEI 353975101983936	54	284	749.8718333333334
1283	2024-06-12	2024-06-12	t	409	1	0.01	IMEI 353975101983936	39	284	-9.372510869565218
1284	2024-06-12	2024-06-12	t	409	1	0.01	IMEI 353975101983936	38	284	-16.825752808988764
1285	2024-06-12	2024-06-12	t	410	1	3900	imei 358226367683686\r\n13 PRO MAX VERDE	17	199	1027.2000000000003
1286	2024-06-12	2024-06-12	t	410	1	0.01	imei 358226367683686\r\n13 PRO MAX VERDE	39	199	-9.358207650273224
1287	2024-06-12	2024-06-12	t	410	1	0.01	imei 358226367683686\r\n13 PRO MAX VERDE	38	199	-16.807875706214688
1288	2024-06-13	2024-06-13	t	411	1	1900	IMEI 356799115707637	52	285	919.8462000000001
1289	2024-06-13	2024-06-13	t	411	1	0.01	IMEI 356799115707637	39	285	-9.343747252747253
1290	2024-06-13	2024-06-13	t	411	1	0.01	IMEI 356799115707637	38	285	-16.789795454545455
1291	2024-06-14	2024-06-14	t	412	1	2700	IMEI 358091657638356	47	286	1052.4093
1292	2024-06-14	2024-06-14	t	412	1	0.01	IMEI 358091657638356	39	286	-9.329127071823205
1293	2024-06-14	2024-06-14	t	412	1	0.01	IMEI 358091657638356	38	286	-16.77150857142857
1294	2024-06-14	2024-06-14	t	413	1	1900	IMEI 353982108942857	53	287	919.8462000000001
1295	2024-06-14	2024-06-14	t	413	1	0.01	IMEI 353982108942857	39	287	-9.314344444444446
1296	2024-06-14	2024-06-14	t	413	1	0.01	IMEI 353982108942857	38	287	-16.753011494252874
1298	2024-06-14	2024-06-14	t	414	1	0.01	IMEI 358691730985284	39	65	-9.299396648044693
1299	2024-06-14	2024-06-14	t	414	1	0.01	IMEI 358691730985284	38	65	-16.73430057803468
1300	2024-06-14	2024-06-14	t	415	1	3900	imei 350750722929037	20	65	1027.2000000000003
1301	2024-06-14	2024-06-14	t	415	1	0.01	imei 350750722929037	39	65	-9.284280898876405
1302	2024-06-14	2024-06-14	t	415	1	0.01	imei 350750722929037	38	65	-16.715372093023255
1303	2024-06-15	2024-06-15	t	416	1	3900	IMEI 355380256023190	20	65	1027.2000000000003
1304	2024-06-15	2024-06-15	t	416	1	0.01	IMEI 355380256023190	39	65	-9.268994350282487
1305	2024-06-15	2024-06-15	t	416	1	0.01	IMEI 355380256023190	38	65	-16.69622222222222
1306	2024-06-17	2024-06-17	t	417	1	60		39	65	50.73646590909091
1307	2024-06-17	2024-06-17	t	417	1	100		38	65	83.31315294117647
1308	2024-06-17	2024-06-17	f	418	1	3900		17	65	1027.2000000000003
1310	2024-06-17	2024-06-17	t	420	1	1100	IMEI 35686911454640	29	65	119.84620000000007
1311	2024-06-17	2024-06-17	t	420	1	0.01	IMEI 35686911454640	39	65	-9.237897142857143
1312	2024-06-17	2024-06-17	t	420	1	0.01	IMEI 35686911454640	38	65	-16.657242603550294
1313	2024-06-17	2024-06-17	t	421	1	1100	IMEI 357838490355858	24	65	-232
1314	2024-06-17	2024-06-17	t	421	1	0.01	IMEI 357838490355858	39	65	-9.222080459770115
1315	2024-06-17	2024-06-17	t	421	1	0.01	IMEI 357838490355858	38	65	-16.63740476190476
1309	2024-06-17	2024-06-17	f	419	1	3900	IMEI 355380253096967	17	76	1027.2000000000003
1316	2024-06-17	2024-06-17	t	422	1	3900	IMEI 355380253096967	17	65	1027.2000000000003
1317	2024-06-17	2024-06-17	t	423	3	30		39	1	62.35175722543353
1319	2024-06-19	2024-06-19	t	425	1	1900	IMEI 356558100981197	29	289	919.8462000000001
1320	2024-06-19	2024-06-19	t	425	1	0.01	IMEI 356558100981197	39	289	-9.15695294117647
1321	2024-06-19	2024-06-19	t	425	1	0.01	IMEI 356558100981197	38	289	-16.617329341317365
1322	2024-06-19	2024-06-19	t	426	1	3900	IMEI 359508628043290	20	76	1027.2000000000003
1323	2024-06-19	2024-06-19	t	426	1	0.01	IMEI 359508628043290	39	76	-9.140189349112427
1324	2024-06-19	2024-06-19	t	426	1	0.01	IMEI 359508628043290	38	76	-16.59701204819277
1325	2024-06-19	2024-06-19	t	427	1	1900	imei 352911114227202\r\n	28	291	919.8462000000001
1326	2024-06-19	2024-06-19	t	427	1	0.01	imei 352911114227202\r\n	39	291	-9.12322619047619
1327	2024-06-19	2024-06-19	t	427	1	0.01	imei 352911114227202\r\n	38	291	-16.576448484848484
1328	2024-06-19	2024-06-19	t	428	1	4000	IMEI 3565144151966542	21	292	1127.2000000000003
1329	2024-06-19	2024-06-19	t	428	1	0.01	IMEI 3565144151966542	39	292	-9.106059880239522
1330	2024-06-19	2024-06-19	t	428	1	0.01	IMEI 3565144151966542	38	292	-16.55563414634146
1331	2024-06-20	2024-06-20	t	429	1	1750	IMEI 352604708449916	40	293	418
1332	2024-06-20	2024-06-20	t	429	1	0.01	IMEI 352604708449916	39	293	-9.088686746987952
1333	2024-06-20	2024-06-20	t	429	1	0.01	IMEI 352604708449916	38	293	-16.534564417177915
1337	2024-06-21	2024-06-21	t	431	1	1630	IMEI 353986103936152	52	294	657.3526083333335
1338	2024-06-21	2024-06-21	t	431	1	0.01	IMEI 353986103936152	39	294	-9.053304878048781
1339	2024-06-21	2024-06-21	t	431	1	0.01	IMEI 353986103936152	38	294	-16.491639751552793
1341	2024-06-21	2024-06-21	t	432	1	0.01	IMEI 355939490081221\r\n	39	65	-9.035288343558284
1342	2024-06-21	2024-06-21	t	432	1	0.01	IMEI 355939490081221\r\n	38	65	-16.469775
1343	2024-06-21	2024-06-21	t	433	1	1900	IMEI 352907118911015	53	295	919.8462000000001
1344	2024-06-21	2024-06-21	t	433	1	0.01	IMEI 352907118911015	39	295	-9.01704938271605
1345	2024-06-21	2024-06-21	t	433	1	0.01	IMEI 352907118911015	38	295	-16.447635220125786
1346	2024-06-21	2024-06-21	t	434	1	4750	IMEI 350387757651903	64	1	851.2000000000003
1347	2024-06-21	2024-06-21	t	435	1	2700	imei 351475532015012	27	65	1052.4092999999998
1334	2024-06-20	2024-06-20	f	430	1	1900	imei 356859112493993\r\n	54	76	715.87696
1335	2024-06-20	2024-06-20	f	430	1	0.01	imei 356859112493993\r\n	39	76	-9.07110303030303
1336	2024-06-20	2024-06-20	f	430	1	0.01	imei 356859112493993\r\n	38	76	-16.513234567901232
1350	2024-06-23	2024-06-23	t	437	1	2800	IMEI 350183982234213\r\n	27	65	1152.4093
1351	2024-06-23	2024-06-23	t	437	1	0.01	IMEI 350183982234213\r\n	39	65	-8.998583850931677
1352	2024-06-23	2024-06-23	t	437	1	0.01	IMEI 350183982234213\r\n	38	65	-16.425215189873416
1353	2024-06-23	2024-06-23	t	438	1	1900	IMEI 353998310004291	52	65	927.6789739130436
1354	2024-06-23	2024-06-23	t	438	1	0.01	IMEI 353998310004291	39	65	-8.9798875
1355	2024-06-23	2024-06-23	t	438	1	0.01	IMEI 353998310004291	38	65	-16.402509554140128
1348	2024-06-23	2024-06-23	f	436	1	2800	IMEI 350183982234213\r\n	27	65	1152.4093
1349	2024-06-23	2024-06-23	f	436	1	0.01	IMEI 350183982234213\r\n	39	65	-9.01704938271605
1356	2024-06-23	2024-06-23	f	439	1	3900	IMEI 355380259494754	19	65	3900
1357	2024-06-23	2024-06-23	f	439	1	0.01	IMEI 355380259494754	39	65	-8.960955974842769
1358	2024-06-23	2024-06-23	f	439	1	0.01	IMEI 355380259494754	38	65	-16.37951282051282
1359	2024-06-23	2024-06-23	f	440	1	3900	IMEI 355380259474754	19	65	3900
1360	2024-06-23	2024-06-23	f	440	1	0.01	IMEI 355380259474754	39	65	-8.9798875
1361	2024-06-23	2024-06-23	f	440	1	0.01	IMEI 355380259474754	38	65	-16.37951282051282
1362	2024-06-23	2024-06-23	t	441	1	3900	IMEI 355380259474754	19	65	862
1363	2024-06-23	2024-06-23	t	441	1	0.01	IMEI 355380259474754	39	65	-8.9798875
1364	2024-06-23	2024-06-23	t	441	1	0.01	IMEI 355380259474754	38	65	-16.37951282051282
1365	2024-06-24	2024-06-24	t	442	1	1900	imei 356859112493993	54	65	715.87696
1366	2024-06-24	2024-06-24	t	442	1	0.01	imei 356859112493993	39	65	-8.960955974842769
1367	2024-06-24	2024-06-24	t	442	1	0.01	imei 356859112493993	38	65	-16.356219354838707
1368	2024-06-25	2024-06-25	t	443	1	0.01	IMEI 357774335654926	39	296	-8.941784810126583
1369	2024-06-25	2024-06-25	t	443	1	0.01	IMEI 357774335654926	38	296	-16.332623376623374
1370	2024-06-25	2024-06-25	t	443	1	2700	IMEI 357774335654926	46	296	1052.4093
1371	2024-06-25	2024-06-25	t	444	1	0.01	imei 352615452772588	39	65	-8.922369426751594
1372	2024-06-25	2024-06-25	t	444	1	0.01	imei 352615452772588	38	65	-16.308718954248366
1374	2024-06-25	2024-06-25	t	445	1	1800	IMEI 352907118435080	52	297	828.0350090909092
1375	2024-06-27	2024-06-27	t	446	1	1400	IMEI 353568255339169	52	65	428.4249523809525
1376	2024-06-28	2024-06-28	t	447	1	2700	IMEI 358691178673239	27	298	1052.4093
1377	2024-06-28	2024-06-28	t	447	1	0.01	IMEI 358691178673239	39	298	-8.90270512820513
1378	2024-06-28	2024-06-28	t	447	1	0.01	IMEI 358691178673239	38	298	-16.284499999999998
1379	2024-06-28	2024-06-28	t	448	1	2800	imei 355939499131779	34	298	1152.4093
1380	2024-06-28	2024-06-28	t	448	1	0.01	imei 355939499131779	39	298	-8.882787096774194
1381	2024-06-28	2024-06-28	t	448	1	0.01	imei 355939499131779	38	298	-16.259960264900663
1383	2024-06-30	2024-06-30	t	449	1	0.01	IMEI 352164230850552	39	65	-8.86261038961039
1384	2024-06-30	2024-06-30	t	449	1	0.01	IMEI 352164230850552	38	65	-16.23509333333333
1385	2024-07-01	2024-07-01	t	450	1	0.01	IMEI 352912118375104\r\n	39	299	-8.842169934640523
1386	2024-07-01	2024-07-01	t	450	1	0.01	IMEI 352912118375104\r\n	38	299	-16.209892617449665
1387	2024-07-01	2024-07-01	t	450	1	1900	IMEI 352912118375104\r\n	52	299	928.8538900000001
1040	2024-05-07	2024-05-07	f	314	1	0.01	IMEI 3539721001451311	38	65	-15.920575342465753
1041	2024-05-07	2024-05-07	f	314	1	0.01	IMEI 3539721001451311	39	65	-11.884904458598726
1388	2024-07-02	2024-07-02	t	451	1	2800	imei 352180441267600	47	300	1152.4093
1389	2024-07-02	2024-07-02	t	451	1	0.01	imei 352180441267600	39	300	-8.842169934640523
1390	2024-07-02	2024-07-02	t	451	1	0.01	imei 352180441267600	38	300	-16.209892617449665
1391	2024-07-02	2024-07-02	t	452	1	2800	imei 358469520658068\r\n	34	301	1152.4093
1392	2024-07-02	2024-07-02	t	452	1	0.01	imei 358469520658068\r\n	39	301	-8.82146052631579
1393	2024-07-02	2024-07-02	t	452	1	0.01	imei 358469520658068\r\n	38	301	-16.18435135135135
1394	2024-07-02	2024-07-02	t	453	1	2700	imei 356815602543838	27	302	1052.4093
1395	2024-07-02	2024-07-02	t	453	1	0.01	imei 356815602543838	39	302	-8.800476821192053
1396	2024-07-02	2024-07-02	t	453	1	0.01	imei 356815602543838	38	302	-16.158462585034012
1397	2024-07-04	2024-07-04	t	454	1	0.01	imei 352897117820046	39	65	-8.779213333333335
1398	2024-07-04	2024-07-04	t	454	1	0.01	imei 352897117820046	38	65	-16.13221917808219
1399	2024-07-04	2024-07-04	t	454	1	1900	imei 352897117820046	52	65	928.8538900000001
1400	2024-07-04	2024-07-04	t	455	1	0.01	imei 356199679510214	39	303	-8.757664429530202
1401	2024-07-04	2024-07-04	t	455	1	0.01	imei 356199679510214	38	303	-16.105613793103448
1402	2024-07-04	2024-07-04	t	455	1	1900	imei 356199679510214	53	303	919.8462000000002
1403	2024-07-04	2024-07-04	t	456	1	2800	imei 35619967951021	27	65	1152.4093
1404	2024-07-04	2024-07-04	t	456	1	0.01	imei 35619967951021	39	65	-8.735824324324325
1405	2024-07-04	2024-07-04	t	456	1	0.01	imei 35619967951021	38	65	-16.07863888888889
1441	2024-07-05	2024-07-05	f	480	1	3750	IMEI 354876507441363	67	4	1273.7054380952382
1443	2024-07-05	2024-07-05	f	482	1	3750	IMEI 356985724419363	20	4	146.73843809523808
1442	2024-07-05	2024-07-05	f	481	1	2950		67	4	473.70543809523815
1446	2024-07-05	2024-07-05	t	484	1	2950	IMEI 35487650744136	67	4	473.70543809523815
1447	2024-07-05	2024-07-05	t	485	1	3750		20	4	531.5564380952383
1448	2024-07-06	2024-07-06	t	486	1	4100	IMEI 358226365108447	19	304	881.5564380952383
1449	2024-07-06	2024-07-06	t	486	1	0.01	IMEI 358226365108447	39	304	-14.042338343357148
1450	2024-07-06	2024-07-06	t	486	1	0.01	IMEI 358226365108447	38	304	-21.37993798181393
1451	2024-07-06	2024-07-06	t	487	1	0.01	IMEI 358226365108447	39	76	-14.019897843869682
1452	2024-07-06	2024-07-06	t	487	1	0.01	IMEI 358226365108447	38	76	-21.35220056430186
1453	2024-07-06	2024-07-06	t	487	1	1900	IMEI 358226365108447	29	76	808.9355180000001
1454	2024-07-06	2024-07-06	t	488	1	0.01	IMEI 351123625218917	39	306	-13.997147820251353
1455	2024-07-06	2024-07-06	t	488	1	0.01	IMEI 351123625218917	38	306	-21.324069708243528
1456	2024-07-06	2024-07-06	t	488	1	2800	IMEI 351123625218917	47	306	1027.7477724137932
1457	2024-07-06	2024-07-06	t	489	1	3900	IMEI 351678918122373	19	76	681.5564380952383
1458	2024-07-06	2024-07-06	t	489	1	0.01	IMEI 351678918122373	39	76	-13.974081824082772
1459	2024-07-06	2024-07-06	t	489	1	0.01	IMEI 351678918122373	38	76	-21.29553698281293
1460	2024-07-06	2024-07-06	t	490	1	3900	IMEI 356985724419363	20	308	681.5564380952383
1461	2024-07-06	2024-07-06	t	490	1	0.01	IMEI 356985724419363	39	308	-13.950693226569173
1462	2024-07-06	2024-07-06	t	490	1	0.01	IMEI 356985724419363	38	308	-21.266593714570384
1463	2024-07-06	2024-07-06	t	491	1	4800		66	4	767.1536842105265
1464	2024-07-06	2024-07-06	t	492	1	2950	IMEI 356713111854004	36	4	473.70543809523815
1465	2024-07-08	2024-07-08	t	493	1	1900	IMEI 353972101451311	52	309	818.4172969473686
1466	2024-07-08	2024-07-08	t	493	1	0.01	IMEI 353972101451311	39	309	-13.926975212189188
1467	2024-07-08	2024-07-08	t	493	1	0.01	IMEI 353972101451311	38	309	-21.237230978672144
1468	2024-07-08	2024-07-08	t	494	1	3050	imei 35002262779459	68	310	573.7054380952382
1469	2024-07-08	2024-07-08	t	494	1	0.01	imei 35002262779459	39	310	-13.902920772073315
1470	2024-07-08	2024-07-08	t	494	1	0.01	imei 35002262779459	38	310	-21.2074395896951
1471	2024-07-08	2024-07-08	t	495	1	3150	imei 353167661457804	36	311	673.7054380952382
1472	2024-07-08	2024-07-08	t	495	1	0.01	imei 353167661457804	39	311	-13.878522697098644
1473	2024-07-08	2024-07-08	t	495	1	0.01	imei 353167661457804	38	311	-21.177210092056626
1474	2024-07-09	2024-07-09	t	496	1	3900	imei 355980285894097	20	221	681.5564380952383
1475	2024-07-09	2024-07-09	t	496	1	0.01	imei 355980285894097	39	221	-13.853773570685489
1476	2024-07-09	2024-07-09	t	496	1	0.01	imei 355980285894097	38	221	-21.146532750008696
1477	2024-07-09	2024-07-09	t	497	1	0.01	IMEI 356122178946697\r\n	39	313	-13.828665761280838
1478	2024-07-09	2024-07-09	t	497	1	0.01	IMEI 356122178946697\r\n	38	313	-21.11539753718393
1479	2024-07-09	2024-07-09	t	497	1	2850	IMEI 356122178946697\r\n	27	313	1077.7477724137932
1480	2024-07-09	2024-07-09	t	498	1	3750	imei 352990484337809	21	4	531.5564380952383
1482	2024-07-09	2024-07-09	t	499	1	0.01	imei 350555047766810	39	314	-13.803191414512618
1483	2024-07-09	2024-07-09	t	499	1	0.01	imei 350555047766810	38	314	-21.083794125670074
1484	2024-07-10	2024-07-10	t	500	1	3900	IMEI 358900787623817	19	315	681.5564380952383
1485	2024-07-10	2024-07-10	t	500	1	0.01	IMEI 358900787623817	39	315	-13.777342444997805
1486	2024-07-10	2024-07-10	t	500	1	0.01	IMEI 358900787623817	38	315	-21.051711874587824
1487	2024-07-10	2024-07-10	t	501	1	1300	IMEI 353969101518123	54	316	-46.02603200000003
1488	2024-07-10	2024-07-10	t	501	1	0.01	IMEI 353969101518123	39	316	-13.751110527786475
1489	2024-07-10	2024-07-10	t	501	1	0.01	IMEI 353969101518123	38	316	-21.01913981814554
1490	2024-07-10	2024-07-10	t	502	1	1300	imei 35397110154666	52	317	218.94406244444457
1491	2024-07-10	2024-07-10	t	502	1	0.01	imei 35397110154666	39	317	-13.72448708942274
1492	2024-07-10	2024-07-10	t	502	1	0.01	imei 35397110154666	38	317	-20.9860666531426
1493	2024-07-10	2024-07-10	t	503	1	1700	IMEI 350588702653783	22	318	600
1494	2024-07-10	2024-07-10	t	504	1	3150	IMEI 357210366085284	67	319	673.7054380952382
1495	2024-07-10	2024-07-10	t	504	1	0.01	IMEI 357210366085284	39	319	-13.697463298602404
1496	2024-07-10	2024-07-10	t	504	1	0.01	IMEI 357210366085284	38	319	-20.952480725891558
1497	2024-07-12	2024-07-12	t	505	1	1900	IMEI 35291119191973	54	320	468.98678466666655
1498	2024-07-12	2024-07-12	t	505	1	0.01	IMEI 35291119191973	39	320	-13.670030056406004
1499	2024-07-12	2024-07-12	t	505	1	0.01	IMEI 35291119191973	38	320	-20.918370018527217
1500	2024-07-12	2024-07-12	t	506	1	1300	imei 353971107917671	51	315	208.93551800000006
1501	2024-07-12	2024-07-12	t	506	1	0.01	imei 353971107917671	39	315	-13.642177986084468
1502	2024-07-12	2024-07-12	t	506	1	0.01	imei 353971107917671	38	315	-20.88372213466895
1503	2024-07-13	2024-07-13	t	507	1	0.01		39	322	-13.61389742237337
1504	2024-07-13	2024-07-13	t	507	1	0.01		38	322	-20.848524284400234
1505	2024-07-13	2024-07-13	t	508	1	0.01		39	323	-13.585178400310161
1506	2024-07-13	2024-07-13	t	508	1	0.01		38	323	-20.812763268527217
1507	2024-07-13	2024-07-13	t	509	1	0.01		39	324	-13.556010643527216
1508	2024-07-13	2024-07-13	t	509	1	0.01		38	324	-20.776425462075604
1509	2024-07-13	2024-07-13	t	510	1	100		39	325	86.46361644800822
1510	2024-07-13	2024-07-13	t	510	1	40		38	325	19.2505032030175
1252	2024-06-08	2024-06-08	f	397	1	0.01	IMEI 352991733170496	39	277	-11.99
1253	2024-06-08	2024-06-08	f	397	1	0.01	IMEI 352991733170496	38	277	-19.99
1511	2024-07-15	2024-07-15	t	511	1	1300	imei 353978103302907	54	326	-300.98758200000003
1512	2024-07-15	2024-07-15	t	511	1	0.01	imei 353978103302907	39	326	-13.526383551991783
1513	2024-07-15	2024-07-15	t	511	1	0.01	imei 353978103302907	38	326	-20.7394967969825
1515	2024-07-15	2024-07-15	t	512	1	0.01	imei 352164230850552	39	76	-13.496286189162136
1516	2024-07-15	2024-07-15	t	512	1	0.01	imei 352164230850552	38	76	-20.701962743937052
1517	2024-07-16	2024-07-16	t	513	1	1300	imei 352907118911015	53	328	208.93551800000006
1518	2024-07-16	2024-07-16	t	513	1	0.01	imei 352907118911015	39	328	-13.465707268527217
1519	2024-07-16	2024-07-16	t	513	1	0.01	imei 352907118911015	38	328	-20.663808293320606
1520	2024-07-16	2024-07-16	t	514	1	4750		64	1	717.1536842105265
1521	2024-07-17	2024-07-17	t	515	1	2800	IMEI 356713111959795	68	329	323.70543809523815
1522	2024-07-17	2024-07-17	t	516	1	1300	imei 353975108530110	52	330	219.53280035294114
1523	2024-07-17	2024-07-17	t	516	1	0.01	imei 353975108530110	39	330	-13.434635139494958
1524	2024-07-17	2024-07-17	t	516	1	0.01	imei 353975108530110	38	330	-20.62501793519388
1528	2024-07-17	2024-07-17	t	518	1	1900	imei 356870115690279	52	332	820.1951305000001
1529	2024-07-17	2024-07-17	t	518	1	0.01	imei 356870115690279	39	332	-13.370962743937053
1530	2024-07-17	2024-07-17	t	518	1	0.01	imei 356870115690279	38	332	-20.54546482784925
1531	2024-07-18	2024-07-18	t	519	1	3900	imei 355365662100765	62	333	681.5564380952383
1532	2024-07-18	2024-07-18	t	519	1	0.01	imei 355365662100765	39	333	-13.33833721894044
1533	2024-07-18	2024-07-18	t	519	1	0.01	imei 355365662100765	38	333	-20.504668362544308
1534	2024-07-18	2024-07-18	t	520	1	2800	IMEI 351475536835100	27	334	1027.747772413793
1535	2024-07-18	2024-07-18	t	520	1	0.01	IMEI 351475536835100	39	334	-13.305167935193882
1536	2024-07-18	2024-07-18	t	520	1	0.01	IMEI 351475536835100	38	334	-20.463168509906527
1537	2024-07-19	2024-07-19	t	521	1	2800	IMEI 352180443068626	27	335	1027.7477724137932
1538	2024-07-19	2024-07-19	t	521	1	0.01	IMEI 352180443068626	39	335	-13.271441184493604
1539	2024-07-19	2024-07-19	t	521	1	0.01	IMEI 352180443068626	38	335	-20.42094692070113
1540	2024-07-20	2024-07-20	t	522	1	2800	IMEI 358691737278030\r\n	27	336	1027.7477724137932
1541	2024-07-20	2024-07-20	t	522	1	0.01	IMEI 358691737278030\r\n	39	336	-13.237142793950945
1542	2024-07-20	2024-07-20	t	522	1	0.01	IMEI 358691737278030\r\n	38	336	-20.37798460186055
1543	2024-07-22	2024-07-22	t	523	1	3900	imei 355980283342719	62	337	681.5564380952383
1544	2024-07-22	2024-07-22	t	523	1	0.01	imei 355980283342719	39	337	-13.202258106134053
1545	2024-07-22	2024-07-22	t	523	1	0.01	imei 355980283342719	38	337	-20.33426188799624
1546	2024-07-22	2024-07-22	t	524	1	50		39	65	36.82322804181761
1547	2024-07-22	2024-07-22	t	524	1	100		38	65	79.70024158861564
1548	2024-07-22	2024-07-22	t	525	1	1800	imei 356798118262376	53	338	708.9355180000001
1549	2024-07-22	2024-07-22	t	525	1	0.01	imei 356798118262376	39	338	-13.130668659831564
1557	2024-07-23	2024-07-23	t	528	1	2800	IMEI 35218044234636	27	341	1027.7477724137932
1558	2024-07-23	2024-07-23	t	528	1	0.01	IMEI 35218044234636	39	341	-13.018490554241502
1559	2024-07-23	2024-07-23	t	528	1	0.01	IMEI 35218044234636	38	341	-20.198323995799946
1560	2024-07-24	2024-07-24	t	529	1	1800	IMEI 352899114770026	52	65	720.9457713333335
1561	2024-07-24	2024-07-24	t	529	1	0.01	IMEI 352899114770026	39	65	-12.979750367626316
1562	2024-07-24	2024-07-24	t	529	1	0.01	IMEI 352899114770026	38	65	-20.15134851623364
1563	2024-07-24	2024-07-24	t	530	1	1800	IMEI 352903112149827	52	342	721.8036465714287
1564	2024-07-24	2024-07-24	t	530	1	0.01	IMEI 352903112149827	39	342	-12.940305813981762
1565	2024-07-24	2024-07-24	t	530	1	0.01	IMEI 352903112149827	38	342	-20.103503120379067
1566	2024-07-24	2024-07-24	t	531	1	1300	IMEI 353974102375663	28	328	208.93551800000006
1567	2024-07-24	2024-07-24	t	531	1	0.01	IMEI 353974102375663	39	328	-12.900137507059327
1568	2024-07-24	2024-07-24	t	531	1	0.01	IMEI 353974102375663	38	328	-20.054763418059927
1570	2024-07-24	2024-07-24	t	532	1	0.01	IMEI 352991733170496	39	344	-12.85922534260129
1571	2024-07-24	2024-07-24	t	532	1	0.01	IMEI 352991733170496	38	344	-20.005104098715897
1572	2024-07-24	2024-07-24	t	533	1	2800	imei 358469521188610	27	329	1027.7477724137932
1573	2024-07-24	2024-07-24	t	534	1	5000	IMEI 35616357715322	65	345	967.1536842105265
1574	2024-07-25	2024-07-25	t	535	1	1800	imei 353985108572939	52	65	722.7935026153848
1575	2024-07-25	2024-07-25	t	535	1	0.01	imei 353985108572939	39	65	-12.8175484647889
1576	2024-07-25	2024-07-25	t	535	1	0.01	imei 353985108572939	38	65	-19.954498887574836
1577	2024-07-25	2024-07-25	t	536	1	1800	352900115030699	52	346	723.9483346666668
1578	2024-07-25	2024-07-25	t	536	1	0.01	352900115030699	39	346	-12.775085230791367
1579	2024-07-25	2024-07-25	t	536	1	0.01	352900115030699	38	346	-19.90292049929645
1551	2024-07-23	2024-07-23	f	526	1	3100	IMEI 356716118104430	10	339	623.7054380952382
1552	2024-07-23	2024-07-23	f	526	1	0.01	IMEI 356716118104430	39	339	-13.093931970281602
1554	2024-07-23	2024-07-23	f	527	1	3100	imei 3537763904717	68	340	623.7054380952382
1555	2024-07-23	2024-07-23	f	527	1	0.01	imei 3537763904717	39	340	-13.05654507383695
1556	2024-07-23	2024-07-23	f	527	1	0.01	imei 3537763904717	38	340	-20.24445307032902
1581	2024-07-27	2024-07-27	t	538	1	2800	IMEI 354551501439644	27	348	699.3516373666782
1582	2024-07-27	2024-07-27	t	538	1	0.01	IMEI 354551501439644	39	348	-12.73181317328912
1583	2024-07-27	2024-07-27	t	538	1	0.01	IMEI 354551501439644	38	348	-19.850340588915564
1580	2024-07-27	2024-07-27	f	537	1	2800	imei 352991736283940\r\n	27	134	708.2254999982572
1584	2024-07-27	2024-07-27	t	537	1	2800	imei 352991736283940\r\n	34	134	709.2114847350997
1585	2024-07-27	2024-07-27	t	539	2	2530	IMEIS 354066786337173\r\n356199671307536\r\n350555044281870	34	4	859.7988133298485
1586	2024-07-27	2024-07-27	t	539	1	2500	IMEIS 354066786337173\r\n356199671307536\r\n350555044281870	27	4	399.3516373666782
1588	2024-07-27	2024-07-27	t	540	1	40		39	65	27.30229103916509
1589	2024-07-27	2024-07-27	t	540	1	80		38	65	60.19327030010023
1590	2024-07-30	2024-07-30	t	541	1	1650	imei 356870115609279	40	76	250
1591	2024-07-30	2024-07-30	t	541	1	0.01	imei 356870115609279	39	76	-12.642748355905857
1592	2024-07-30	2024-07-30	t	541	1	0.01	imei 356870115609279	38	76	-19.742057209121278
1593	2024-07-30	2024-07-30	t	542	1	1800	imei 353986103936152	52	76	725.3131361818183
1594	2024-07-30	2024-07-30	t	542	1	0.01	imei 353986103936152	39	76	-12.596906170488001
1595	2024-07-30	2024-07-30	t	542	1	0.01	imei 353986103936152	38	76	-19.686291268527217
1596	2024-07-30	2024-07-30	t	543	1	2590	imei 352164237939241	34	1	638.3615975986525
1597	2024-07-30	2024-07-30	t	544	1	2800	imei 353763862400773	47	350	731.1222566649242
1598	2024-07-30	2024-07-30	t	544	1	0.01	imei 353763862400773	39	350	-12.550156219022266
1599	2024-07-30	2024-07-30	t	544	1	0.01	imei 353763862400773	38	350	-19.686291268527214
1601	2024-07-30	2024-07-30	t	545	1	0.01	imei 358691737604599\r\n	39	76	-12.502471268527216
1602	2024-07-30	2024-07-30	t	545	1	0.01	imei 358691737604599\r\n	38	76	-19.686291268527214
1603	2024-07-30	2024-07-30	t	546	1	1590	imei 352897111391549	52	1	516.9508980000002
1604	2024-07-31	2024-07-31	t	547	1	2800	imei 354495401319023	34	352	848.3615975986525
1605	2024-07-31	2024-07-31	t	547	1	0.01	imei 354495401319023	39	352	-12.502471268527216
1606	2024-07-31	2024-07-31	t	547	1	0.01	imei 354495401319023	38	352	-19.686291268527214
1607	2024-07-31	2024-07-31	t	548	1	1800	IMEI 356799113779950	52	353	728.9526068888889
1608	2024-07-31	2024-07-31	t	548	1	0.01	IMEI 356799113779950	39	353	-12.502471268527216
1609	2024-07-31	2024-07-31	t	548	1	0.01	IMEI 356799113779950	38	353	-19.686291268527214
1610	2024-08-01	2024-08-01	t	549	1	4600	IMEI 356200547836672	64	4	567.1536842105265
1611	2024-08-01	2024-08-01	t	550	1	2550	IMEI 352164230964734\r\n354739182848999\r\n	27	1	598.3615975986522
1613	2024-08-01	2024-08-01	t	551	1	1300	imei 356832116238383	16	354	300
1614	2024-08-01	2024-08-01	t	551	1	0.01	imei 356832116238383	39	354	-12.502471268527215
1615	2024-08-01	2024-08-01	t	551	1	0.01	imei 356832116238383	38	354	-19.686291268527217
1616	2024-08-02	2024-08-02	t	552	1	1800	imei 352901119707944	53	355	650.478018
1617	2024-08-02	2024-08-02	t	552	1	0.01	imei 352901119707944	39	355	-12.502471268527216
1618	2024-08-02	2024-08-02	t	552	1	0.01	imei 352901119707944	38	355	-19.686291268527214
1619	2024-08-02	2024-08-02	t	553	1	1800	imei 352904118973517	29	356	606.6348930000001
1620	2024-08-02	2024-08-02	t	553	1	0.01	imei 352904118973517	39	356	-12.502471268527216
1621	2024-08-02	2024-08-02	t	553	1	0.01	imei 352904118973517	38	356	-19.686291268527214
1622	2024-08-02	2024-08-02	t	554	1	3850	imei 350566102029002	20	357	631.5564380952383
1623	2024-08-02	2024-08-02	t	554	1	0.01	imei 350566102029002	39	357	-12.502471268527216
1624	2024-08-02	2024-08-02	t	554	1	0.01	imei 350566102029002	38	357	-19.686291268527214
1625	2024-08-05	2024-08-05	f	555	1	1800	IMEI 356556104071049\r\n	54	76	-2348.0458666666664
1626	2024-08-05	2024-08-05	f	555	1	0.01	IMEI 356556104071049\r\n	39	76	-12.502471268527215
1627	2024-08-05	2024-08-05	f	555	1	0.01	IMEI 356556104071049\r\n	38	76	-19.686291268527214
1628	2024-08-05	2024-08-05	f	556	1	1800	IMEI 356556104071049\r\n	54	358	-2348.0458666666664
1629	2024-08-05	2024-08-05	f	556	1	0.01	IMEI 356556104071049\r\n	39	358	-12.502471268527215
1630	2024-08-05	2024-08-05	f	556	1	0.01	IMEI 356556104071049\r\n	38	358	-19.686291268527214
1631	2024-08-05	2024-08-05	f	557	1	1800		54	263	-2348.0458666666664
1632	2024-08-05	2024-08-05	f	558	1	1800		54	76	-2348.0458666666664
1633	2024-08-05	2024-08-05	f	559	1	1800		54	76	-2348.0458666666664
1634	2024-08-05	2024-08-05	f	560	1	1800		47	76	-136.17219008620697
1635	2024-08-05	2024-08-05	f	561	1	1800		54	76	401.9541333333334
1636	2024-08-05	2024-08-05	t	562	1	1800	imei 356556104071049	54	263	401.9541333333334
1637	2024-08-05	2024-08-05	t	562	1	0.01	imei 356556104071049	39	263	-12.502471268527215
1638	2024-08-05	2024-08-05	t	562	1	0.01	imei 356556104071049	38	263	-19.686291268527214
1639	2024-08-06	2024-08-06	t	563	1	1800	IMEI 352897117849003	52	359	657.6366238823532
1640	2024-08-06	2024-08-06	t	563	1	0.01	IMEI 352897117849003	38	359	-19.686291268527217
1641	2024-08-06	2024-08-06	t	563	1	0.01	IMEI 352897117849003	39	359	-12.502471268527216
1643	2024-08-06	2024-08-06	t	564	1	0.01	imei 350980298156091	39	76	-12.502471268527216
1644	2024-08-06	2024-08-06	t	564	1	0.01	imei 350980298156091	38	76	-19.686291268527217
1645	2024-08-06	2024-08-06	t	565	1	2750	IMEI 351486313957348	27	361	798.3615975986525
1646	2024-08-06	2024-08-06	t	565	1	0.01	IMEI 351486313957348	39	361	-12.502471268527216
1647	2024-08-06	2024-08-06	t	565	1	0.01	IMEI 351486313957348	38	361	-19.686291268527214
1648	2024-08-08	2024-08-08	t	566	1	2750	imei 3514863115633119	27	362	798.3615975986525
2345	2025-01-10	2025-01-10	t	857	1	0.01		80	476	-29.299999999999997
1649	2024-08-08	2024-08-08	t	566	1	0.01	imei 3514863115633119	39	362	-12.502471268527216
1650	2024-08-08	2024-08-08	t	566	1	0.01	imei 3514863115633119	38	362	-19.686291268527214
1651	2024-08-08	2024-08-08	t	567	1	0.01	imei 354739185029704\r\n	39	363	-12.502471268527216
1652	2024-08-08	2024-08-08	t	567	1	0.01	imei 354739185029704\r\n	38	363	-19.686291268527217
1654	2024-08-08	2024-08-08	t	568	1	1800	imei 356545101779498\r\n	52	76	654.4304430000002
1655	2024-08-08	2024-08-08	t	568	1	0.01	imei 356545101779498\r\n	39	76	-12.502471268527216
1656	2024-08-08	2024-08-08	t	568	1	0.01	imei 356545101779498\r\n	38	76	-19.686291268527214
1657	2024-08-08	2024-08-08	t	569	1	1800	imei 356549103126898	52	65	650.7967713333335
1658	2024-08-08	2024-08-08	t	569	1	0.01	imei 356549103126898	39	65	-12.502471268527216
1659	2024-08-08	2024-08-08	t	569	1	0.01	imei 356549103126898	38	65	-19.686291268527214
1660	2024-08-08	2024-08-08	t	570	1	2590		27	1	638.3615975986525
1662	2024-08-09	2024-08-09	t	572	1	0.01	imei 356804112000240	39	365	-12.502471268527216
1663	2024-08-09	2024-08-09	t	572	1	0.01	imei 356804112000240	38	365	-19.686291268527214
1664	2024-08-09	2024-08-09	t	572	1	1800	imei 356804112000240	28	365	611.5063513333334
1665	2024-08-09	2024-08-09	t	573	1	1800	imei 356804112000240\r\n	52	76	646.6440037142859
1666	2024-08-09	2024-08-09	t	573	1	0.01	imei 356804112000240\r\n	39	76	-12.502471268527216
1667	2024-08-09	2024-08-09	t	573	1	0.01	imei 356804112000240\r\n	38	76	-19.686291268527217
1668	2024-08-09	2024-08-09	t	574	1	0.01	imei 353976105843480\r\n	39	367	-12.502471268527216
1669	2024-08-09	2024-08-09	t	574	1	0.01	imei 353976105843480\r\n	38	367	-19.686291268527214
1670	2024-08-09	2024-08-09	t	574	1	1800	imei 353976105843480\r\n	29	367	592.9312
1671	2024-08-09	2024-08-09	t	575	1	0.01	imei 352911118241670\r\n	39	368	-12.502471268527216
1672	2024-08-09	2024-08-09	t	575	1	0.01	imei 352911118241670\r\n	38	368	-19.686291268527214
1673	2024-08-09	2024-08-09	t	575	1	1800	imei 352911118241670\r\n	29	368	592.9312
1661	2024-08-09	2024-08-09	f	571	1	1570		54	1	362.9312
1674	2024-08-12	2024-08-12	f	576	1	0.01	IMEI 357774333584604\r\n	39	369	-12.502471268527216
1675	2024-08-12	2024-08-12	f	576	1	0.01	IMEI 357774333584604\r\n	38	369	-19.686291268527217
1676	2024-08-12	2024-08-12	f	576	1	2750	IMEI 357774333584604\r\n	32	369	1076.7148
1677	2024-08-12	2024-08-12	t	577	1	2750	imei 357774333584604\r\n	32	369	1076.7148
1678	2024-08-12	2024-08-12	t	577	1	0.01	imei 357774333584604\r\n	39	369	-12.502471268527216
1679	2024-08-12	2024-08-12	t	577	1	0.01	imei 357774333584604\r\n	38	369	-19.686291268527217
1680	2024-08-13	2024-08-13	t	578	1	3750		20	4	429.87181538461584
1681	2024-08-13	2024-08-13	t	578	1	3750		19	4	429.8718153846154
1683	2024-08-14	2024-08-14	t	579	1	2500	IMEI\r\n356199679510214\r\n356825823608021\r\n358891503501405	32	370	992.0577600000001
1685	2024-08-14	2024-08-14	t	579	1	2500	IMEI\r\n356199679510214\r\n356825823608021\r\n358891503501405	27	370	548.3615975986525
1686	2024-08-14	2024-08-14	t	580	1	2750	imei 350294954935537	27	373	798.3615975986525
1687	2024-08-14	2024-08-14	t	580	1	0.01	imei 350294954935537	39	373	-12.502471268527216
1688	2024-08-14	2024-08-14	t	580	1	0.01	imei 350294954935537	38	373	-19.686291268527214
1689	2024-08-14	2024-08-14	t	581	1	2530	imei 351055801442012\r\n 356825823608021	32	217	578.3615975986525
1690	2024-08-14	2024-08-14	t	581	1	2530	imei 351055801442012\r\n 356825823608021	27	217	578.3615975986527
1691	2024-08-14	2024-08-14	t	582	1	2700	imei 352824485847781	47	372	763.8278099137931
1692	2024-08-14	2024-08-14	t	582	1	0.01	imei 352824485847781	39	372	-12.502471268527216
1693	2024-08-14	2024-08-14	t	582	1	0.01	imei 352824485847781	38	372	-19.686291268527214
1694	2024-08-14	2024-08-14	t	583	1	3900	imei 350879903439332	20	371	579.8718153846154
1695	2024-08-14	2024-08-14	t	583	1	0.01	imei 350879903439332	39	371	-12.502471268527215
1696	2024-08-14	2024-08-14	t	583	1	0.01	imei 350879903439332	38	371	-19.686291268527214
1698	2024-08-15	2024-08-15	t	584	1	0.01	imei 351475532925459	38	374	-19.686291268527217
1699	2024-08-15	2024-08-15	t	584	1	0.01	imei 351475532925459	39	374	-12.502471268527216
1701	2024-08-16	2024-08-16	t	585	1	0.01	IMEI 351475532925459	39	65	-12.502471268527216
1702	2024-08-16	2024-08-16	t	585	1	0.01	IMEI 351475532925459	38	65	-19.686291268527214
1703	2024-08-16	2024-08-16	t	586	1	15		39	375	2.487528731472784
1704	2024-08-16	2024-08-16	t	586	1	20		38	375	0.3037087314727849
1705	2024-08-16	2024-08-16	t	587	1	2500	IMEI 35285611254826	8	3	400
1706	2024-08-16	2024-08-16	t	587	1	0.01	IMEI 35285611254826	39	3	-12.502471268527216
1707	2024-08-16	2024-08-16	t	587	1	0.01	IMEI 35285611254826	38	3	-19.686291268527217
1708	2024-08-16	2024-08-16	t	588	1	2500	IMEI 354066780627694	32	4	548.3615975986527
1709	2024-08-19	2024-08-19	t	589	1	15		39	172	2.4875287314727847
1710	2024-08-19	2024-08-19	t	589	1	20		38	172	0.3037087314727849
1711	2024-08-19	2024-08-19	t	590	1	80		38	65	60.30370873147279
1712	2024-08-19	2024-08-19	t	591	1	3900	IMEI 352396475340408	19	231	579.8718153846154
1713	2024-08-19	2024-08-19	t	591	1	0.01	IMEI 352396475340408	39	231	-12.502471268527216
1714	2024-08-19	2024-08-19	t	591	1	0.01	IMEI 352396475340408	38	231	-19.686291268527214
1715	2024-08-19	2024-08-19	t	592	1	2700	imei 355178165486478\r\n	27	376	748.3615975986525
1716	2024-08-19	2024-08-19	t	592	1	0.01	imei 355178165486478\r\n	39	376	-12.502471268527216
1717	2024-08-19	2024-08-19	t	592	1	0.01	imei 355178165486478\r\n	38	376	-19.686291268527214
1718	2024-08-20	2024-08-20	t	593	1	3900	IMEI 351678919760049	19	354	579.8718153846154
1719	2024-08-20	2024-08-20	t	593	1	0.01	IMEI 351678919760049	39	354	-12.502471268527216
1720	2024-08-20	2024-08-20	t	593	1	0.01	IMEI 351678919760049	38	354	-19.686291268527214
1721	2024-08-20	2024-08-20	t	594	1	3900	imei 352865672483120	20	377	579.8718153846154
1722	2024-08-20	2024-08-20	t	594	1	0.01	imei 352865672483120	39	377	-12.502471268527216
1723	2024-08-20	2024-08-20	t	594	1	0.01	imei 352865672483120	38	377	-19.686291268527214
1724	2024-08-20	2024-08-20	t	595	42	20		39	36	314.4762067218569
1725	2024-08-20	2024-08-20	t	595	42	12		38	36	-323.24423327814304
1726	2024-08-20	2024-08-20	t	596	1	0.01	IMEI 354551503876876\r\n	39	199	-12.502471268527216
1727	2024-08-20	2024-08-20	t	596	1	0.01	IMEI 354551503876876\r\n	38	199	-19.686291268527214
1728	2024-08-20	2024-08-20	t	596	1	2700	IMEI 354551503876876\r\n	34	199	748.3615975986525
1729	2024-08-20	2024-08-20	t	597	1	2700	imei 351224674769204	27	378	748.3615975986525
1730	2024-08-20	2024-08-20	t	597	1	0.01	imei 351224674769204	39	378	-12.502471268527216
1731	2024-08-20	2024-08-20	t	597	1	0.01	imei 351224674769204	38	378	-19.686291268527214
1732	2024-08-21	2024-08-21	f	598	1	2750	imei 354739189313518\r\n	34	379	798.3615975986525
1733	2024-08-21	2024-08-21	f	598	1	0.01	imei 354739189313518\r\n	38	379	-19.686291268527214
1734	2024-08-21	2024-08-21	t	599	1	2750	imei 354739189313518\r\n	34	379	798.3615975986525
1735	2024-08-21	2024-08-21	t	599	1	0.01	imei 354739189313518\r\n	39	379	-12.502471268527216
1736	2024-08-21	2024-08-21	t	599	1	0.01	imei 354739189313518\r\n	38	379	-19.686291268527214
1737	2024-08-21	2024-08-21	t	600	1	2700	imei 352180440934812	47	380	748.3615975986525
1738	2024-08-21	2024-08-21	t	600	1	0.01	imei 352180440934812	39	380	-12.502471268527216
1746	2024-08-22	2024-08-22	t	603	1	2750	IMEI 352164237533565	34	383	798.3615975986527
1747	2024-08-22	2024-08-22	t	603	1	0.01	IMEI 352164237533565	39	383	-12.502471268527216
1748	2024-08-22	2024-08-22	t	603	1	0.01	IMEI 352164237533565	38	383	-19.686291268527217
1749	2024-08-22	2024-08-22	t	604	1	3900	IMEI 358649252043718	14	384	579.8718153846154
1750	2024-08-22	2024-08-22	t	604	1	0.01	IMEI 358649252043718	39	384	-12.502471268527216
1751	2024-08-22	2024-08-22	t	604	1	0.01	IMEI 358649252043718	38	384	-19.686291268527214
1740	2024-08-22	2024-08-22	f	601	1	3450	IMEI 351253187695739	74	381	691.5818153846154
1741	2024-08-22	2024-08-22	f	601	1	0.01	IMEI 351253187695739	39	381	-12.502471268527216
1742	2024-08-22	2024-08-22	f	601	1	0.01	IMEI 351253187695739	38	381	-19.686291268527214
1744	2024-08-22	2024-08-22	f	602	1	0.01	IMEI 358824789812824	39	351	-12.502471268527216
1745	2024-08-22	2024-08-22	f	602	1	0.01	IMEI 358824789812824	38	351	-19.686291268527214
1752	2024-08-22	2024-08-22	f	605	1	0.01	imei 352164237533565	39	381	-12.502471268527216
1753	2024-08-22	2024-08-22	f	605	1	0.01	imei 352164237533565	38	381	-19.686291268527217
1754	2024-08-22	2024-08-22	f	606	1	0.01	IMEI 351253187695739	39	381	-12.502471268527216
1755	2024-08-22	2024-08-22	f	606	1	0.01	IMEI 351253187695739	38	381	-19.686291268527217
1756	2024-08-22	2024-08-22	f	606	1	3450	IMEI 351253187695739	74	381	691.5818153846154
1757	2024-08-22	2024-08-22	t	607	1	0.01	imei 351253187695739	39	381	-12.502471268527216
1758	2024-08-22	2024-08-22	t	607	1	0.01	imei 351253187695739	38	381	-19.686291268527217
1759	2024-08-22	2024-08-22	t	607	1	3450	imei 351253187695739	74	381	691.5818153846154
1761	2024-08-22	2024-08-22	t	608	1	0.01	IMEI 358824789812824	39	76	-12.502471268527216
1762	2024-08-22	2024-08-22	t	608	1	0.01	IMEI 358824789812824	38	76	-19.686291268527214
1763	2024-08-23	2024-08-23	t	609	1	2500	imei \r\n355939498661339\r\n354455401319023\r\n357332369662875\r\n	32	76	548.3615975986525
1764	2024-08-23	2024-08-23	t	609	2	2500	imei \r\n355939498661339\r\n354455401319023\r\n357332369662875\r\n	34	76	1096.723195197305
1765	2024-08-23	2024-08-23	t	610	1	1570	IMEI 356807115866723\r\n 350183980117808\r\n	52	385	362.6452410769231
1766	2024-08-23	2024-08-23	t	610	1	2500	IMEI 356807115866723\r\n 350183980117808\r\n	27	385	548.3615975986522
1767	2024-08-23	2024-08-23	t	611	1	1800	imei 353968106027387\r\n	29	195	592.9312
1768	2024-08-23	2024-08-23	t	611	1	0.01	imei 353968106027387\r\n	39	195	-12.502471268527216
1769	2024-08-23	2024-08-23	t	611	1	0.01	imei 353968106027387\r\n	38	195	-19.686291268527214
1770	2024-08-23	2024-08-23	t	612	1	1800	imei 353969108793091	28	387	592.9312
1771	2024-08-23	2024-08-23	t	612	1	0.01	imei 353969108793091	39	387	-12.502471268527216
1772	2024-08-23	2024-08-23	t	612	1	0.01	imei 353969108793091	38	387	-19.686291268527217
1773	2024-08-23	2024-08-23	t	613	1	1800	imei 351890925249624	28	388	592.9312
1774	2024-08-23	2024-08-23	t	613	1	0.01	imei 351890925249624	39	388	-12.502471268527216
1775	2024-08-23	2024-08-23	t	613	1	0.01	imei 351890925249624	38	388	-19.686291268527214
1776	2024-08-23	2024-08-23	t	614	1	2300	IMEI 35513034110273	46	389	348.3615975986524
1777	2024-08-23	2024-08-23	t	614	1	0.01	IMEI 35513034110273	38	389	-19.686291268527217
1778	2024-08-23	2024-08-23	t	614	1	0.01	IMEI 35513034110273	39	389	-12.502471268527216
1780	2024-08-25	2024-08-25	f	615	1	0.01	imei 355939496113846\r\n	39	65	-12.502471268527216
1781	2024-08-25	2024-08-25	f	615	1	0.01	imei 355939496113846\r\n	38	65	-19.686291268527214
1783	2024-08-25	2024-08-25	t	616	1	0.01	IMEI 355939496113846\r\n	39	65	-12.502471268527216
1784	2024-08-25	2024-08-25	t	616	1	0.01	IMEI 355939496113846\r\n	38	65	-19.686291268527214
1785	2024-08-26	2024-08-26	t	617	1	1800	IMEI 356561100374256	29	394	592.9312
1786	2024-08-26	2024-08-26	t	617	1	0.01	IMEI 356561100374256	39	394	-12.502471268527216
1787	2024-08-26	2024-08-26	t	617	1	0.01	IMEI 356561100374256	38	394	-19.686291268527214
1788	2024-08-26	2024-08-26	t	618	1	1800	imei 352893114765433	52	393	693.8650666666667
1789	2024-08-26	2024-08-26	t	618	1	0.01	imei 352893114765433	39	393	-12.502471268527216
1790	2024-08-26	2024-08-26	t	618	1	0.01	imei 352893114765433	38	393	-19.686291268527214
1794	2024-08-26	2024-08-26	t	620	1	3900	IMEI 359811264397321	20	391	579.8718153846154
1795	2024-08-26	2024-08-26	t	620	1	0.01	IMEI 359811264397321	39	391	-12.502471268527216
1796	2024-08-26	2024-08-26	t	620	1	0.01	IMEI 359811264397321	38	391	-19.686291268527214
1797	2024-08-26	2024-08-26	t	621	1	1800	imei 352903111249827	29	390	592.9312
1798	2024-08-26	2024-08-26	t	621	1	0.01	imei 352903111249827	39	390	-12.502471268527216
1799	2024-08-26	2024-08-26	t	621	1	0.01	imei 352903111249827	38	390	-19.686291268527214
1791	2024-08-26	2024-08-26	f	619	1	2750	IMEI 356815604578428	34	392	798.3615975986522
1792	2024-08-26	2024-08-26	f	619	1	0.01	IMEI 356815604578428	39	392	-12.502471268527216
1793	2024-08-26	2024-08-26	f	619	1	0.01	IMEI 356815604578428	38	392	-19.686291268527217
1800	2024-08-26	2024-08-26	f	622	1	2750	IMEI 356815604578428	34	392	798.3615975986522
1801	2024-08-26	2024-08-26	f	622	1	0.01	IMEI 356815604578428	39	392	-12.502471268527216
1802	2024-08-26	2024-08-26	f	622	1	0.01	IMEI 356815604578428	38	392	-19.686291268527214
1803	2024-08-26	2024-08-26	f	623	1	2750	IMEI 356815604578428	34	392	798.3615975986522
1804	2024-08-26	2024-08-26	t	624	1	2750	IMEI 356815604578428	34	392	798.3615975986522
1805	2024-08-27	2024-08-27	t	625	1	3350		76	4	419.7886495244371
1806	2024-08-27	2024-08-27	t	625	1	3350		79	4	419.7886495244371
1807	2024-08-27	2024-08-27	t	626	1	0.01	IMEI 357344094609337	39	395	-12.502471268527216
1808	2024-08-27	2024-08-27	t	626	1	0.01	IMEI 357344094609337	38	395	-19.686291268527214
1809	2024-08-27	2024-08-27	t	626	1	1300	IMEI 357344094609337	16	395	450
1810	2024-08-27	2024-08-27	t	627	1	1650	imei 356550107463931	22	392	550
1811	2024-08-27	2024-08-27	t	627	1	0.01	imei 356550107463931	39	392	-12.502471268527216
1812	2024-08-27	2024-08-27	t	627	1	0.01	imei 356550107463931	38	392	-19.686291268527214
1813	2024-08-27	2024-08-27	t	628	1	3900	imei 350879900047542	62	397	523.0272153846155
1814	2024-08-27	2024-08-27	t	628	1	0.01	imei 350879900047542	39	397	-12.502471268527216
1815	2024-08-27	2024-08-27	t	628	1	0.01	imei 350879900047542	38	397	-19.686291268527214
1816	2024-08-27	2024-08-27	t	629	1	2700	imei 353341837599159	46	398	748.3615975986525
1817	2024-08-27	2024-08-27	t	629	1	0.01	imei 353341837599159	39	398	-12.502471268527216
1818	2024-08-27	2024-08-27	t	629	1	0.01	imei 353341837599159	38	398	-19.686291268527214
1819	2024-08-27	2024-08-27	t	630	1	2150	IMEI 353235103459595	6	399	700
1820	2024-08-27	2024-08-27	t	630	1	0.01	IMEI 353235103459595	39	399	-12.502471268527216
1821	2024-08-27	2024-08-27	t	630	1	0.01	IMEI 353235103459595	38	399	-19.686291268527214
1822	2024-08-28	2024-08-28	t	631	1	0.01	imei 	39	76	-12.502471268527216
1823	2024-08-28	2024-08-28	t	631	1	0.01	imei 	38	76	-19.686291268527214
1824	2024-08-28	2024-08-28	t	631	1	1400	imei 	29	76	192.9312
1825	2024-08-28	2024-08-28	t	632	1	0.01	IMEI 357774334919072\r\n	39	255	-12.502471268527216
1826	2024-08-28	2024-08-28	t	632	1	0.01	IMEI 357774334919072\r\n	38	255	-19.686291268527214
1828	2024-08-28	2024-08-28	t	633	1	0.01	IMEI 354455404860775\r\n	39	402	-12.502471268527216
1831	2024-08-28	2024-08-28	t	634	1	1	imei 355939494001456	39	401	-11.512471268527214
1836	2024-08-28	2024-08-28	t	635	1	2750	imei 358265589444790\r\n	27	400	798.3615975986525
1839	2024-08-29	2024-08-29	t	636	1	2750	imei 352824488067387\r\n	34	65	798.3615975986525
1842	2024-08-29	2024-08-29	t	637	1	1800	imei 353986100986812\r\n	52	365	556.0346181818184
1843	2024-08-30	2024-08-30	t	638	1	4000	IMEI 356942215296446	21	405	557.0676495244371
1846	2024-08-30	2024-08-30	t	639	1	1800	IMEI 356807119696647	29	406	592.9312
1849	2024-08-30	2024-08-30	t	640	1	2500	IMEI 350555046531728\r\n 354455406684538\r\n358469527788462\r\n	27	370	548.3615975986525
1850	2024-08-30	2024-08-30	t	640	1	2500	IMEI 350555046531728\r\n 354455406684538\r\n358469527788462\r\n	34	370	548.3615975986525
1851	2024-08-30	2024-08-30	t	640	1	2500	IMEI 350555046531728\r\n 354455406684538\r\n358469527788462\r\n	46	370	548.3615975986527
1857	2024-09-03	2024-09-03	t	642	1	1900	imei 356798110211066\r\n	52	224	652.3449599999999
1861	2024-09-04	2024-09-04	t	644	1	1350	imei 352180443607126	16	382	550
1866	2024-09-04	2024-09-04	t	645	1	2750	imei 352180443607126\r\n	32	409	415.8254975986526
1867	2024-09-04	2024-09-04	t	646	1	3750	IMEI 356514410636369	19	4	307.0676495244371
1871	2024-09-05	2024-09-05	t	648	1	2750	IMEI 356825823981089	34	411	798.3615975986527
1877	2024-09-05	2024-09-05	t	650	1	3550	imei 357866896679423	76	412	619.7886495244371
1882	2024-09-05	2024-09-05	t	651	1	2750	imei 352164237407620\r\n	27	76	798.3615975986527
1876	2024-09-05	2024-09-05	f	649	1	1350	imei 353983101434322\r\n	52	65	97.83537777777792
1888	2024-09-06	2024-09-06	t	653	1	1900	imei 353969107993833\r\n	52	413	647.8353777777779
1891	2024-09-06	2024-09-06	t	654	1	3550	imei 352720800715762	77	414	619.7886495244371
1895	2024-09-06	2024-09-06	t	656	1	2300	imei 355402935502673	32	416	-300
1898	2024-09-06	2024-09-06	t	657	1	1900	imei 356807119696647	52	196	642.1984
1894	2024-09-06	2024-09-06	f	655	1	2750	imei 352615451567845	34	415	798.3615975986525
1901	2024-09-09	2024-09-09	t	658	1	2750	imei 352615451857360	34	418	798.3615975986525
1904	2024-09-09	2024-09-09	t	659	1	1900	IMEI 356801119872324	52	417	634.9508571428571
1907	2024-09-10	2024-09-10	t	660	1	3750	imei 356514413442989	20	4	321.03848181818176
1908	2024-09-10	2024-09-10	t	661	1	1500	imei 353976105843480	52	65	225.28746666666666
1911	2024-09-10	2024-09-10	t	662	1	2700	imei 354066789270942	27	422	748.3615975986525
1914	2024-09-10	2024-09-10	t	663	1	2700	imei 351224674786950	27	421	748.3615975986525
1917	2024-09-10	2024-09-10	t	664	1	1900	imei 353983103372850	52	420	611.75872
1920	2024-09-10	2024-09-10	t	665	1	1900	imei 353980106758713	54	419	692.9312
1923	2024-09-11	2024-09-11	t	666	1	2500	IMEI 352824486180133 351123629350666	27	4	548.3615975986527
1929	2024-09-11	2024-09-11	t	669	1	4000	imei 350750727663995	62	76	557.0676495244371
1932	2024-09-11	2024-09-11	t	670	1	1700	imei 352908111362545	22	424	550
1935	2024-09-11	2024-09-11	t	671	1	2750	imei 353341835366529	34	425	798.3615975986525
1925	2024-09-11	2024-09-11	f	667	1	2700	imei 357084342391649	20	423	-711.9081381818185
1940	2024-09-11	2024-09-11	t	672	1	2700	imei 357084342391649	27	423	748.3615975986525
1941	2024-09-12	2024-09-12	t	673	1	2700	imei 355701906381789	47	426	748.3615975986527
1944	2024-09-12	2024-09-12	t	674	1	4000	imei 359330180819551	19	427	557.0676495244371
1947	2024-09-12	2024-09-12	t	675	1	1800	imei 353976107536900	51	428	708.9355180000001
1950	2024-09-12	2024-09-12	t	676	1	2750	imei 352164237927320	32	65	388.31346426531917
1955	2024-09-14	2024-09-14	t	677	1	1400	imei 353983101434322	28	430	192.9312
1956	2024-09-14	2024-09-14	t	678	1	4000	imei 359506626831803	20	429	588.0918618181815
1959	2024-09-14	2024-09-14	t	679	1	3750	imei 358074295531605	20	4	321.03848181818176
1961	2024-09-14	2024-09-14	t	680	1	0.01	imei 3582095969977887	38	431	-15.717319999999999
1962	2024-09-14	2024-09-14	t	680	1	2300	imei 3582095969977887	9	431	400
1966	2024-09-17	2024-09-17	t	682	1	2750	imei 358265581962674	34	432	798.3615975986525
1975	2024-09-19	2024-09-19	t	685	1	1900	imei 353967109495302	28	435	692.9312
1978	2024-09-19	2024-09-19	t	686	1	2750	imei 359879285539760	46	252	798.3615975986525
1981	2024-09-19	2024-09-19	t	687	1	4000	IMEI 354941734253732	21	400	557.0676495244371
1982	2024-09-19	2024-09-19	t	688	1	1900	imei 352893111912418	28	437	692.9312
1985	2024-09-19	2024-09-19	t	689	1	2750	imei 359888177804833	32	80	300
1525	2024-07-17	2024-07-17	f	517	1	3150	IMEI 350002260443520	67	331	673.7054380952382
1526	2024-07-17	2024-07-17	f	517	1	0.01	IMEI 350002260443520	39	331	-13.403057772592257
1527	2024-07-17	2024-07-17	f	517	1	0.01	IMEI 350002260443520	38	331	-20.585575638275117
1988	2024-09-20	2024-09-20	t	690	1	2700		27	196	748.3615975986525
1989	2024-09-20	2024-09-20	t	691	1	1750	imei 356808116992922	24	340	850
1992	2024-09-24	2024-09-24	t	692	1	0.01	imei 358891506704683\r\n	39	439	-12.340585696387912
1993	2024-09-24	2024-09-24	t	692	1	0.01	imei 358891506704683\r\n	39	439	-7.011125000000001
1994	2024-09-24	2024-09-24	t	692	1	2720	imei 358891506704683\r\n	52	439	1411.4656
1998	2024-09-26	2024-09-26	t	694	1	3900	imei 357680888243134	20	441	457.0676495244371
2003	2024-09-28	2024-09-28	t	695	1	1800	imei 356862118172868	28	76	592.9312
2004	2024-09-30	2024-09-30	t	696	1	1800	imei 352905117897094	53	76	592.9312
2007	2024-09-30	2024-09-30	t	697	1	1800	imei 353974108448142	52	443	457.64373333333333
2010	2024-10-02	2024-10-02	t	698	1	2750	IMEI 356122176237016	27	65	798.3615975986527
2013	2024-10-02	2024-10-02	t	699	1	1900	imei 353969106613929	29	444	658.6207999999999
2018	2024-10-05	2024-10-05	t	701	1	2750	imei 350555045547329	46	104	798.3615975986525
2021	2024-10-08	2024-10-08	t	702	1	2750	imei 354066784679311	27	446	798.3615975986525
2024	2024-10-09	2024-10-09	t	703	1	1500	IMEI 353975108530110	54	447	292.9312
2029	2024-10-10	2024-10-10	t	704	1	1900	IMEI 356865119420897	52	448	600
2033	2024-10-10	2024-10-10	t	706	1	1400	imei 356831115239376	16	449	400
2034	2024-10-11	2024-10-11	t	707	1	2000		67	450	-482.73979999999995
2035	2024-10-11	2024-10-11	t	707	1	2000		10	450	-482.73979999999995
2036	2024-10-11	2024-10-11	t	707	1	2000		68	450	-800
2037	2024-10-11	2024-10-11	t	708	1	2000		68	450	-800
2038	2024-10-16	2024-10-16	t	709	1	2700	imei 357084344579472	27	65	748.3615975986525
2039	2024-10-16	2024-10-16	t	709	1	0.01	imei 357084344579472	38	65	-21.032509090309393
2040	2024-10-16	2024-10-16	t	709	1	0.01	imei 357084344579472	39	65	-12.340585696387912
2041	2024-10-16	2024-10-16	t	710	1	2400	imei 355402935502673 problema faceid	32	65	100
2044	2024-10-24	2024-10-24	t	711	5	35		80	36	28.450000000000006
2045	2024-10-25	2024-10-25	t	712	3	0.01	Bateria para aparelhos prprios	80	65	-87.9
2046	2024-10-25	2024-10-25	t	713	1	1900	IMEI 356804115369436	52	451	600
2049	2024-10-29	2024-10-29	t	714	1	2780	corrigir estoque	76	65	17.16366666666636
2052	2024-10-31	2024-10-31	t	715	1	3250	354828353562404 358416184079040 351884708829082 355980282704075 354073559567945 357188820361568	76	4	487.16366666666636
2053	2024-10-31	2024-10-31	t	715	1	3250	354828353562404 358416184079040 351884708829082 355980282704075 354073559567945 357188820361568	79	4	487.16366666666636
2054	2024-10-31	2024-10-31	t	715	1	3700	354828353562404 358416184079040 351884708829082 355980282704075 354073559567945 357188820361568	20	4	404.0331666666666
2055	2024-10-31	2024-10-31	t	715	1	3700	354828353562404 358416184079040 351884708829082 355980282704075 354073559567945 357188820361568	21	4	404.0331666666666
2346	2025-01-10	2025-01-10	t	858	1	0.01		80	476	-29.299999999999997
2418	2025-02-05	2025-02-05	t	894	2	7800		88	452	60
2703	2025-04-01	2025-04-01	t	1033	1	0.01		81	476	-32.32018867924528
2056	2024-10-31	2024-10-31	t	715	1	4700	354828353562404 358416184079040 351884708829082 355980282704075 354073559567945 357188820361568	85	4	534.1886666666664
2057	2024-10-31	2024-10-31	t	715	1	4700	354828353562404 358416184079040 351884708829082 355980282704075 354073559567945 357188820361568	83	4	534.1886666666664
2060	2024-10-31	2024-10-31	t	716	1	3500	imei 35266891419286	79	224	737.1636666666664
2063	2024-10-31	2024-10-31	t	717	1	4000	imei 359577625672492	20	76	704.0331666666666
2066	2024-10-31	2024-10-31	t	718	1	1900	IMEI 356549105702290	54	409	692.9312
2069	2024-10-31	2024-10-31	t	719	1	3500	imei 357624692460526	20	453	204.0331666666666
2072	2024-11-02	2024-11-02	t	720	1	3950	IMEI 3569422194433036	21	455	654.0331666666666
2075	2024-11-02	2024-11-02	t	721	1	1600	imei 356859115048612	29	65	341.4656
2078	2024-11-02	2024-11-02	t	722	1	1850	IMEI 353974101495835	29	65	650
2079	2024-11-02	2024-11-02	t	723	1	2750	IMEI 358091658324600	47	454	798.3615975986525
2084	2024-11-05	2024-11-05	t	724	1	3890	IMEI 359577626505733	19	65	594.0331666666666
2087	2024-11-05	2024-11-05	t	725	1	3500	imei 35028271683107	87	456	737.1636666666664
2088	2024-11-06	2024-11-06	t	726	1	5000	IMEI 353425686884109	60	149	834.1886666666664
2093	2024-11-06	2024-11-06	t	727	1	5000	imei 358416187442411	60	458	834.1886666666664
2096	2024-11-06	2024-11-06	t	728	1	4000	IMEI 356348391139337	19	65	704.0331666666666
2097	2024-11-08	2024-11-08	f	729	1	4000	IMEI 351884703976821	20	459	704.0331666666666
2098	2024-11-08	2024-11-08	t	730	1	4000	IMEI 351884703976821	20	459	704.0331666666666
2099	2024-11-08	2024-11-08	t	731	1	1750	IMEI 354628701319279	22	460	550
2102	2024-11-08	2024-11-08	t	732	2	35		80	233	11.380000000000003
2107	2024-11-09	2024-11-09	t	735	4	8250		88	4	3731.1419999999953
2108	2024-11-09	2024-11-09	t	736	1	1900	IMEI 353975108307956	28	461	1100
2111	2024-11-09	2024-11-09	t	737	1	4000	imei 352990485102871	69	462	704.0331666666666
2119	2024-11-11	2024-11-11	f	741	13	35		80	36	73.97000000000006
2120	2024-11-11	2024-11-11	t	742	11	35		80	233	62.59000000000005
2121	2024-11-11	2024-11-11	t	743	1	0.01		80	65	-29.299999999999997
2122	2024-11-12	2024-11-12	t	744	1	4000	IMEI 359577625806934	20	149	704.0331666666666
2125	2024-11-12	2024-11-12	t	745	1	4000	IMEI 359577626606952	69	214	704.0331666666666
2128	2024-11-13	2024-11-13	t	746	1	8450	IMEI FINAL 6868	88	464	1132.7854999999997
2129	2024-11-13	2024-11-13	t	747	1	4000	imei 359577621612146	21	465	704.0331666666666
2132	2024-11-13	2024-11-13	t	748	1	8500	imei final 4927	88	65	1182.7854999999997
2133	2024-11-15	2024-11-15	t	749	1	8450		88	464	1132.7854999999997
2134	2024-11-15	2024-11-15	t	750	2	8450		88	76	2265.5709999999995
2135	2024-11-16	2024-11-16	t	751	1	8350		89	4	1032.7854999999997
2139	2024-11-19	2024-11-19	t	753	7	5		39	65	-14.147875000000003
2140	2024-11-23	2024-11-23	t	754	1	0.01		39	65	-7.011125000000001
2141	2024-12-03	2024-12-03	t	755	2	10		39	4	5.957749999999999
2143	2024-12-03	2024-12-03	f	756	10	12		82	4	-485
2144	2024-12-03	2024-12-03	t	757	10	12		39	4	49.78874999999999
2145	2024-12-04	2024-12-04	t	758	1	4000	IMEI 355980287786614	19	468	704.0331666666666
2146	2024-12-04	2024-12-04	t	758	1	0.01	IMEI 355980287786614	39	468	-7.011125
2148	2024-12-05	2024-12-05	t	759	1	12		39	4	4.9788749999999995
2151	2024-12-05	2024-12-05	f	760	2	2550	359175927909652 353341839947844 358891508568979 357332361030410 352164236404297 359175928734885	27	4	1155.9490729750823
2152	2024-12-05	2024-12-05	f	760	1	2550	359175927909652 353341839947844 358891508568979 357332361030410 352164236404297 359175928734885	34	4	693.4858999999999
2153	2024-12-05	2024-12-05	f	760	1	2550	359175927909652 353341839947844 358891508568979 357332361030410 352164236404297 359175928734885	46	4	693.4859000000001
2155	2024-12-05	2024-12-05	t	761	2	2550		27	4	1155.9490729750823
2156	2024-12-05	2024-12-05	t	761	1	2550		34	4	472.1716142857142
2157	2024-12-05	2024-12-05	t	761	1	2550		46	4	472.17161428571444
2158	2024-12-05	2024-12-05	t	762	11	0.01	Aparelhos da loja	81	65	-324.39
2159	2024-12-06	2024-12-06	t	763	1	4000	IMEI 355980287300515	19	469	704.0331666666666
2161	2024-12-06	2024-12-06	t	763	1	0.01	IMEI 355980287300515	39	469	-7.011125000000001
2165	2024-12-07	2024-12-07	t	765	1	0.01	IMEI 352184993817366	39	470	-7.011125000000001
2166	2024-12-07	2024-12-07	t	766	1	2800	imei 356122175007022	34	471	722.1716142857142
2168	2024-12-07	2024-12-07	t	766	1	0.01	imei 356122175007022	39	471	-7.011125000000001
2169	2024-12-07	2024-12-07	t	767	1	2800	imei 353341831531331	27	472	722.1716142857142
2170	2024-12-07	2024-12-07	t	767	1	0.01	imei 353341831531331	39	472	-7.011125000000001
2173	2024-12-07	2024-12-07	t	769	1	2850	IMEI 350294952366719	34	65	772.1716142857142
2174	2024-12-07	2024-12-07	t	769	1	0.01	IMEI 350294952366719	39	65	-7.011125000000001
2175	2024-12-07	2024-12-07	t	769	1	0.01	IMEI 350294952366719	38	65	-15.717319999999999
2176	2024-12-07	2024-12-07	t	770	1	2800	IMEI 350183983092909	32	65	722.1716142857142
2177	2024-12-07	2024-12-07	t	770	1	0.01	IMEI 350183983092909	39	65	-7.011125000000001
2178	2024-12-07	2024-12-07	t	770	1	0.01	IMEI 350183983092909	38	65	-15.71732
2183	2024-12-10	2024-12-10	t	772	1	0.01	IMEI 359888171101012	38	475	-15.717319999999999
2184	2024-12-10	2024-12-10	t	772	1	0.01	IMEI 359888171101012	39	475	-7.011125000000001
2179	2024-12-10	2024-12-10	f	771	1	2850	IMEI 353763860261755	32	474	772.1716142857142
2180	2024-12-10	2024-12-10	f	771	1	0.01	IMEI 353763860261755	39	474	-7.011125000000001
2181	2024-12-10	2024-12-10	f	771	1	0.01	IMEI 353763860261755	38	474	-15.71732
2185	2024-12-10	2024-12-10	t	773	1	2850	imei 359888171101012	32	474	772.1716142857142
2186	2024-12-10	2024-12-10	t	773	1	0.01	imei 359888171101012	39	474	-7.011125000000001
2187	2024-12-10	2024-12-10	t	773	1	0.01	imei 359888171101012	38	474	-15.717319999999999
2188	2024-12-10	2024-12-10	t	774	1	0.01		82	476	-60.49
2189	2024-12-10	2024-12-10	t	775	1	0.01		82	476	-60.49
2190	2024-12-10	2024-12-10	t	776	10	12		39	4	49.78875000000001
2191	2024-12-10	2024-12-10	t	777	1	0.01	IMEI 351475535841448	39	452	-7.011125000000001
2192	2024-12-10	2024-12-10	t	777	1	0.01	IMEI 351475535841448	38	452	-15.717319999999999
2193	2024-12-10	2024-12-10	t	777	1	2850	IMEI 351475535841448	34	452	772.1716142857142
2194	2024-12-12	2024-12-12	t	778	1	2150	IMEI 352014966630522	9	477	0
2195	2024-12-12	2024-12-12	t	778	1	0.01	IMEI 352014966630522	39	477	-7.011125000000001
2196	2024-12-12	2024-12-12	t	778	1	0.01	IMEI 352014966630522	38	477	-15.717320000000003
2197	2024-12-12	2024-12-12	t	779	1	2800	imei 351123622203813	27	478	722.1716142857142
2198	2024-12-12	2024-12-12	t	779	1	0.01	imei 351123622203813	39	478	-7.011125000000001
2199	2024-12-12	2024-12-12	t	779	1	0.01	imei 351123622203813	38	478	-15.717319999999999
2200	2024-12-12	2024-12-12	t	780	1	2850	IMEI 359888170602291	46	479	772.1716142857144
2201	2024-12-12	2024-12-12	t	780	1	0.01	IMEI 359888170602291	39	479	-7.011125
2202	2024-12-12	2024-12-12	t	780	1	0.01	IMEI 359888170602291	38	479	-15.71732
2203	2024-12-12	2024-12-12	t	781	1	2800	imei 352180442694851	27	108	722.1716142857142
2204	2024-12-12	2024-12-12	t	781	1	0.01	imei 352180442694851	39	108	-7.011125
2205	2024-12-12	2024-12-12	t	781	1	0.01	imei 352180442694851	38	108	-15.717319999999997
2206	2024-12-12	2024-12-12	t	782	1	0.01		82	476	-60.49
2207	2024-12-12	2024-12-12	t	783	1	8450		88	278	1389.4
2208	2024-12-12	2024-12-12	t	784	3	8450		88	4	4168.2
2209	2024-12-12	2024-12-12	t	785	1	8550		88	481	1489.4
2211	2024-12-12	2024-12-12	t	786	1	0.01	IMEI 353341837017715	39	214	-7.011125
2212	2024-12-12	2024-12-12	t	786	1	0.01	IMEI 353341837017715	38	214	-15.71732
2214	2024-12-12	2024-12-12	t	787	1	0.01	IMEI 351138108328322	39	483	-7.011125
2215	2024-12-12	2024-12-12	t	787	1	0.01	IMEI 351138108328322	38	483	-15.717319999999999
2216	2024-12-12	2024-12-12	t	788	1	2850	imei 352991738559164	32	484	772.1716142857144
2217	2024-12-12	2024-12-12	t	788	1	0.01	imei 352991738559164	38	484	-15.717319999999999
2218	2024-12-12	2024-12-12	t	788	1	0.01	imei 352991738559164	39	484	-7.011125
2221	2024-12-14	2024-12-14	t	791	1	2550	imei  352180443969013	27	4	472.1716142857142
2222	2024-12-15	2024-12-15	t	792	1	0.01	Troca	39	65	-7.011125000000001
2224	2024-12-16	2024-12-16	t	794	1	2850	IMEI 357774332526234	34	287	772.1716142857142
2225	2024-12-16	2024-12-16	t	794	1	0.01	IMEI 357774332526234	39	287	-7.011125000000001
2226	2024-12-16	2024-12-16	t	794	1	0.01	IMEI 357774332526234	38	287	-15.717319999999999
2227	2024-12-17	2024-12-17	t	795	1	0.01	Troca de cabo	39	65	-7.011125000000001
2228	2024-12-17	2024-12-17	t	796	1	0.01	Aparelho Xr recebido	80	65	-29.299999999999997
2229	2024-12-17	2024-12-17	t	797	1	8550		88	466	689.4000000000001
2230	2024-12-18	2024-12-18	t	798	1	2850	imei 351123621452791	32	354	772.1716142857142
2231	2024-12-18	2024-12-18	t	798	1	0.01	imei 351123621452791	39	354	-7.011125000000001
2232	2024-12-18	2024-12-18	t	798	1	0.01	imei 351123621452791	38	354	-15.71732
2233	2024-12-18	2024-12-18	t	799	1	2850	IMEI 354066781344703	34	260	772.1716142857142
2234	2024-12-18	2024-12-18	t	799	1	0.01	IMEI 354066781344703	39	260	-7.011125000000001
2235	2024-12-18	2024-12-18	t	799	1	0.01	IMEI 354066781344703	38	260	-15.71732
2237	2024-12-19	2024-12-19	t	800	1	0.01	IMEI 358691731323170	39	485	-7.011125000000001
2238	2024-12-19	2024-12-19	t	800	1	0.01	IMEI 358691731323170	38	485	-15.717319999999999
2239	2024-12-19	2024-12-19	t	801	1	0.01	imei 352408234800513	39	486	-7.011125000000001
2240	2024-12-19	2024-12-19	t	801	1	0.01	imei 352408234800513	38	486	-15.71732
2242	2024-12-19	2024-12-19	t	802	1	0.01	imei 357331095813711	39	487	-7.011125000000001
2243	2024-12-19	2024-12-19	t	802	1	0.01	imei 357331095813711	38	487	-15.717319999999999
2244	2024-12-19	2024-12-19	t	802	1	1450	imei 357331095813711	50	487	750
2245	2024-12-19	2024-12-19	t	803	1	60		39	65	52.978875
2246	2024-12-20	2024-12-20	t	804	1	8550	imei 355762295350249	88	65	178.68571428571477
2247	2024-12-20	2024-12-20	t	805	1	8550	IMEI 355762294873852	88	488	139.4000000000001
2248	2024-12-20	2024-12-20	t	806	1	2850	IMEI 353763864527508	32	168	772.1716142857142
2249	2024-12-20	2024-12-20	t	806	1	0.01	IMEI 353763864527508	39	168	-7.011125000000001
2250	2024-12-20	2024-12-20	t	806	1	0.01	IMEI 353763864527508	38	168	-15.717319999999999
2251	2024-12-20	2024-12-20	t	807	1	0.01	Troca	39	65	-7.011125000000001
2252	2024-12-21	2024-12-21	t	808	1	0.01	troca	39	65	-7.011125000000001
2253	2024-12-21	2024-12-21	t	809	1	0.01	Troca do Xr	80	65	-29.299999999999997
2254	2024-12-21	2024-12-21	t	810	1	8500		88	489	43.56666666666706
2255	2024-12-21	2024-12-21	f	811	1	2800	imei 352408235549200	46	490	722.1716142857142
2256	2024-12-21	2024-12-21	f	811	1	0.01	imei 352408235549200	39	490	-7.011125000000001
2257	2024-12-21	2024-12-21	f	811	1	0.01	imei 352408235549200	38	490	-15.71732
2258	2024-12-21	2024-12-21	f	812	1	2800	352408235549200	46	490	722.1716142857142
2259	2024-12-21	2024-12-21	t	813	1	2800	imei 352408235549200	46	490	722.1716142857142
2263	2024-12-23	2024-12-23	t	814	1	0.01		80	476	-29.299999999999997
2264	2024-12-23	2024-12-23	t	815	1	1250	IMEI 357373098818750	16	67	350
2265	2024-12-23	2024-12-23	t	815	1	0.01	IMEI 357373098818750	38	67	-15.71732
2266	2024-12-23	2024-12-23	t	815	1	0.01	IMEI 357373098818750	39	67	-7.011125000000001
2267	2024-12-23	2024-12-23	t	816	1	0.01	IMEI 357774336328009	39	445	-7.011125
2268	2024-12-23	2024-12-23	t	816	1	0.01	IMEI 357774336328009	38	445	-15.71732
2269	2024-12-23	2024-12-23	t	816	1	2800	IMEI 357774336328009	27	445	722.1716142857142
2419	2025-02-05	2025-02-05	t	895	1	0.01	troca	39	65	-7.011125000000001
2698	2025-04-01	2025-04-01	t	1029	2	0.01		81	476	-64.15241379310345
2270	2024-12-23	2024-12-23	t	817	1	0.01	imei 353763862143456	39	110	-7.011125000000001
2271	2024-12-23	2024-12-23	t	817	1	0.01	imei 353763862143456	38	110	-15.71732
2272	2024-12-23	2024-12-23	t	817	1	2800	imei 353763862143456	27	110	722.1716142857142
2273	2024-12-23	2024-12-23	t	818	1	2850	imei 357774331401520	32	65	772.1716142857142
2274	2024-12-23	2024-12-23	t	818	1	0.01	imei 357774331401520	39	65	-7.011125000000001
2275	2024-12-23	2024-12-23	t	818	1	0.01	imei 357774331401520	38	65	-15.717319999999999
2276	2024-12-24	2024-12-24	t	819	1	0.01	peas para troca em aparelhos	80	476	-29.299999999999997
2277	2024-12-24	2024-12-24	t	819	1	0.01	peas para troca em aparelhos	81	476	-29.49
2278	2024-12-24	2024-12-24	t	820	1	0.05		39	476	-6.971125000000001
2279	2024-12-26	2024-12-26	t	821	2	0.01	Para troca	82	476	-123.68270270270271
2280	2024-12-26	2024-12-26	t	822	1	25		38	36	9.272680000000001
2281	2024-12-26	2024-12-26	t	823	1	2850	imei 358469523802408	34	491	772.1716142857144
2282	2024-12-26	2024-12-26	t	823	1	0.01	imei 358469523802408	38	491	-15.717319999999999
2283	2024-12-26	2024-12-26	t	823	1	0.01	imei 358469523802408	39	491	-7.011125000000001
2284	2024-12-26	2024-12-26	t	824	1	2850	imei 354066785025779	34	492	772.1716142857144
2285	2024-12-26	2024-12-26	t	824	1	0.01	imei 354066785025779	39	492	-7.011125000000001
2286	2024-12-26	2024-12-26	t	824	1	0.01	imei 354066785025779	38	492	-15.717319999999999
2287	2024-12-28	2024-12-28	t	825	1	2800	imei 353762468215890	27	493	722.1716142857144
2288	2024-12-28	2024-12-28	t	825	1	0.01	imei 353762468215890	39	493	-7.011125
2289	2024-12-28	2024-12-28	t	825	1	0.01	imei 353762468215890	38	493	-15.71732
2290	2024-12-28	2024-12-28	t	826	1	8400		88	494	-110.59999999999991
2291	2024-12-28	2024-12-28	f	827	1	8480		89	495	710
2292	2024-12-28	2024-12-28	t	828	1	8350		89	495	580
2293	2024-12-28	2024-12-28	t	828	1	0.01		38	495	-15.717319999999997
2294	2024-12-28	2024-12-28	t	829	1	0.01	Troca	39	65	-7.011125
2295	2024-12-28	2024-12-28	t	830	1	15		39	4	7.9788749999999995
2296	2024-12-28	2024-12-28	t	830	1	23		38	4	7.272679999999999
2297	2024-12-28	2024-12-28	t	831	1	0.01		81	476	-29.49
2298	2024-12-31	2024-12-31	f	832	1	2850	imei 355939495791444	32	496	772.1716142857142
2299	2024-12-31	2024-12-31	f	832	1	0.01	imei 355939495791444	39	496	-7.011125000000001
2300	2024-12-31	2024-12-31	f	832	1	0.01	imei 355939495791444	38	496	-15.717319999999999
2302	2024-12-31	2024-12-31	t	833	1	0.01	imei 355939495791444	39	496	-7.011125000000001
2303	2024-12-31	2024-12-31	t	833	1	0.01	imei 355939495791444	38	496	-15.717319999999999
2304	2025-01-02	2025-01-02	t	834	4	0.01	para troca em aparelhos	81	476	-117.96
2305	2025-01-02	2025-01-02	t	835	1	8400		88	467	630
2306	2025-01-02	2025-01-02	t	836	2	0.01		81	476	-58.98
2307	2025-01-03	2025-01-03	t	837	1	32		80	233	2.6900000000000013
2308	2025-01-03	2025-01-03	t	838	1	0.01		81	476	-29.49
2309	2025-01-03	2025-01-03	t	839	1	2850	imei 350980291374576	34	359	772.1716142857142
2310	2025-01-03	2025-01-03	t	839	1	0.01	imei 350980291374576	39	359	-7.011125000000001
2311	2025-01-03	2025-01-03	t	839	1	0.01	imei 350980291374576	38	359	-15.717319999999999
2312	2025-01-04	2025-01-04	t	840	1	40		39	65	32.978875
2313	2025-01-04	2025-01-04	t	840	1	100		38	65	84.27268000000001
2314	2025-01-06	2025-01-06	t	841	1	2800	imei 356825822653250	27	65	722.1716142857144
2315	2025-01-06	2025-01-06	t	841	1	0.01	imei 356825822653250	39	65	-7.011125000000001
2316	2025-01-06	2025-01-06	t	841	1	0.01	imei 356825822653250	38	65	-15.71732
2318	2025-01-06	2025-01-06	t	842	1	0.01	imei 354066782209335	39	171	-7.011125
2319	2025-01-06	2025-01-06	t	842	1	0.01	imei 354066782209335	38	171	-15.71732
2321	2025-01-06	2025-01-06	f	843	1	0.01	imei 350183987802485	38	498	-15.717319999999997
2322	2025-01-06	2025-01-06	f	843	1	0.01	imei 350183987802485	39	498	-7.011125
2324	2025-01-07	2025-01-07	t	845	1	2850	imei 352180440769697	32	499	772.1716142857142
2325	2025-01-07	2025-01-07	t	845	1	0.01	imei 352180440769697	38	499	-15.717319999999997
2326	2025-01-07	2025-01-07	t	845	1	0.01	imei 352180440769697	39	499	-7.011125
2327	2025-01-08	2025-01-08	t	846	1	0.01		80	476	-29.299999999999997
2328	2025-01-09	2025-01-09	t	847	5	12		39	4	24.894374999999997
2329	2025-01-09	2025-01-09	t	848	1	2800	imei 354066784119417	27	195	722.1716142857142
2330	2025-01-09	2025-01-09	t	848	1	0.01	imei 354066784119417	39	195	-7.011125
2331	2025-01-09	2025-01-09	t	848	1	0.01	imei 354066784119417	38	195	-15.71732
2332	2025-01-09	2025-01-09	t	849	1	2850	imei 356122172085674	34	501	772.1716142857142
2333	2025-01-09	2025-01-09	t	850	1	8400		88	467	630
2335	2025-01-09	2025-01-09	t	852	1	2850	imei 354739183515266	34	502	772.1716142857142
2336	2025-01-09	2025-01-09	t	852	1	0.01	imei 354739183515266	39	502	-7.011125
2337	2025-01-09	2025-01-09	t	852	1	0.01	imei 354739183515266	38	502	-15.717319999999999
2338	2025-01-09	2025-01-09	t	853	1	8300		88	503	530
2339	2025-01-09	2025-01-09	t	853	1	0.01		38	503	-15.717319999999999
2340	2025-01-09	2025-01-09	t	854	1	2800	imei 358891501220529	27	465	722.1716142857142
2341	2025-01-09	2025-01-09	t	854	1	0.01	imei 358891501220529	39	465	-7.011125000000001
2342	2025-01-09	2025-01-09	t	854	1	0.01	imei 358891501220529	38	465	-15.71732
2347	2025-01-10	2025-01-10	t	859	1	1300	IMEI 353066102623398	16	449	550
2348	2025-01-10	2025-01-10	t	859	1	0.01	IMEI 353066102623398	39	449	-7.011125000000001
2349	2025-01-10	2025-01-10	t	859	1	0.01	IMEI 353066102623398	38	449	-15.717319999999999
2350	2025-01-14	2025-01-14	t	860	1	0.01		39	65	-7.011125000000001
2351	2025-01-14	2025-01-14	t	861	1	8300		88	467	530
2352	2025-01-14	2025-01-14	t	862	1	1300	imei 353062103539709	16	504	600
2353	2025-01-14	2025-01-14	t	862	1	0.01	imei 353062103539709	39	504	-7.011125000000001
2354	2025-01-14	2025-01-14	t	862	1	0.01	imei 353062103539709	38	504	-15.71732
2355	2025-01-14	2025-01-14	t	863	1	50		39	65	42.978875
2356	2025-01-14	2025-01-14	t	864	1	2400	IMEI 358469520824041\r\nFACEID com problema	34	505	322.17161428571444
2357	2025-01-14	2025-01-14	t	864	1	0.01	IMEI 358469520824041\r\nFACEID com problema	39	505	-7.011125
2358	2025-01-14	2025-01-14	t	864	1	0.01	IMEI 358469520824041\r\nFACEID com problema	38	505	-15.71732
2359	2025-01-15	2025-01-15	t	865	5	12		39	4	24.894375000000004
2360	2025-01-15	2025-01-15	t	866	1	1550	imei 353979108255322	22	506	450
2361	2025-01-15	2025-01-15	t	866	1	0.01	imei 353979108255322	39	506	-7.011125000000001
2362	2025-01-15	2025-01-15	t	866	1	0.01	imei 353979108255322	38	506	-15.717319999999999
2363	2025-01-17	2025-01-17	t	867	1	2500	IMEI 358824783591689	34	507	422.1716142857142
2364	2025-01-17	2025-01-17	t	867	1	0.01	IMEI 358824783591689	39	507	-7.011125
2365	2025-01-17	2025-01-17	t	867	1	0.01	IMEI 358824783591689	38	507	-15.717319999999999
2366	2025-01-17	2025-01-17	t	868	1	8300	IMEI 357003199409114	88	65	530
2370	2025-01-17	2025-01-17	t	870	1	1750	imei 352911116680358	23	292	850
2371	2025-01-17	2025-01-17	t	870	1	0.01	imei 352911116680358	39	292	-7.011125000000001
2372	2025-01-17	2025-01-17	t	870	1	0.01	imei 352911116680358	38	292	-15.71732
2367	2025-01-17	2025-01-17	f	869	1	2800	imei 357084344579472	27	65	722.1716142857142
2368	2025-01-17	2025-01-17	f	869	1	0.01	imei 357084344579472	39	65	-7.011125
2369	2025-01-17	2025-01-17	f	869	1	0.01	imei 357084344579472	38	65	-15.71732
2373	2025-01-20	2025-01-20	t	871	2	0.01		81	476	-58.98
2374	2025-01-20	2025-01-20	t	871	1	0.01		82	476	-61.91857142857143
2375	2025-01-20	2025-01-20	t	872	1	12		39	36	4.9788749999999995
2376	2025-01-20	2025-01-20	t	872	1	20		38	36	4.272679999999999
2377	2025-01-20	2025-01-20	t	873	1	2800	imei 352180444270601	32	65	400
2378	2025-01-20	2025-01-20	t	873	1	0.01	imei 352180444270601	39	65	-7.011125000000001
2379	2025-01-20	2025-01-20	t	873	1	0.01	imei 352180444270601	38	65	-15.717319999999999
2380	2025-01-20	2025-01-20	t	874	1	2850	imei 358469521047279	46	341	772.1716142857142
2381	2025-01-20	2025-01-20	t	874	1	0.01	imei 358469521047279	39	341	-7.011125000000001
2382	2025-01-20	2025-01-20	t	874	1	0.01	imei 358469521047279	38	341	-15.717319999999997
2383	2025-01-20	2025-01-20	t	875	1	8200		89	467	430
2384	2025-01-21	2025-01-21	t	876	1	0.01		81	476	-29.49
2385	2025-01-25	2025-01-25	t	877	2	0.01	Manuteno de Aparelhos	81	476	-58.98
2386	2025-01-25	2025-01-25	t	878	1	32		81	233	2.5
2387	2025-01-25	2025-01-25	t	879	1	2850	imei 352180443126374	27	95	772.1716142857142
2388	2025-01-25	2025-01-25	t	879	1	0.01	imei 352180443126374	39	95	-7.011125000000001
2389	2025-01-25	2025-01-25	t	879	1	0.01	imei 352180443126374	38	95	-15.71732
2390	2025-01-25	2025-01-25	t	880	1	2850	imei 351486315975751	27	340	772.1716142857144
2391	2025-01-25	2025-01-25	t	880	1	0.01	imei 351486315975751	39	340	-7.011125000000001
2392	2025-01-25	2025-01-25	t	880	1	0.01	imei 351486315975751	38	340	-15.717319999999999
2393	2025-01-27	2025-01-27	t	881	1	7900	357003199679716	88	4	130
2395	2025-01-28	2025-01-28	t	883	5	0.01	manutencao de aparelhos	81	476	-147.45
2396	2025-01-28	2025-01-28	t	883	2	0.01	manutencao de aparelhos	82	476	-123.92117647058824
2397	2025-01-28	2025-01-28	t	884	1	0.01		90	476	-64.99
2394	2025-01-27	2025-01-27	f	882	1	7900		88	467	130
2398	2025-01-29	2025-01-29	t	885	1	2850	IMEI 351486314100674	27	294	772.1716142857142
2399	2025-01-29	2025-01-29	t	885	1	0.01	IMEI 351486314100674	39	294	-7.011125
2400	2025-01-29	2025-01-29	t	885	1	0.01	IMEI 351486314100674	38	294	-15.717319999999999
2401	2025-01-29	2025-01-29	t	886	1	0.01		90	476	-64.99
2402	2025-01-31	2025-01-31	t	887	1	2750	Revenda\r\nVerde virou branco\r\nIMEIS 354739189692374 350183983092909 356122170436713	34	65	672.1716142857142
2403	2025-01-31	2025-01-31	t	887	1	2750	Revenda\r\nVerde virou branco\r\nIMEIS 354739189692374 350183983092909 356122170436713	46	65	672.1716142857142
2404	2025-01-31	2025-01-31	t	887	1	2700	Revenda\r\nVerde virou branco\r\nIMEIS 354739189692374 350183983092909 356122170436713	47	65	622.1716142857142
2406	2025-01-31	2025-01-31	t	888	1	0.01	imei 357332360219717	39	508	-7.011125
2407	2025-01-31	2025-01-31	t	888	1	0.01	imei 357332360219717	38	508	-15.71732
2408	2025-02-01	2025-02-01	t	889	1	2850	IMEI 357332360873331	46	509	772.1716142857144
2409	2025-02-01	2025-02-01	t	889	1	0.01	IMEI 357332360873331	39	509	-7.011125000000001
2410	2025-02-01	2025-02-01	t	889	1	0.01	IMEI 357332360873331	38	509	-15.717319999999999
2411	2025-02-01	2025-02-01	t	890	1	2850	imei 354551506803315	34	510	772.1716142857142
2412	2025-02-01	2025-02-01	t	890	1	0.01	imei 354551506803315	39	510	-7.011125000000001
2413	2025-02-01	2025-02-01	t	890	1	0.01	imei 354551506803315	38	510	-15.717319999999999
2414	2025-02-01	2025-02-01	t	891	20	12		39	4	99.57749999999999
2415	2025-02-05	2025-02-05	t	892	1	2700	IMEI 358110340509657	46	511	622.1716142857142
2416	2025-02-05	2025-02-05	t	893	1	0.01		82	476	-62.0525
2420	2025-02-05	2025-02-05	t	896	1	0.01	Aparelho	94	364	-344.99
2421	2025-02-06	2025-02-06	t	897	1	0.01	aparelho vindo de venda.	80	476	-29.299999999999997
2422	2025-02-06	2025-02-06	t	898	1	2850	imei 358691732123603	46	439	772.1716142857142
2423	2025-02-06	2025-02-06	t	898	1	0.01	imei 358691732123603	39	439	-7.011125000000001
2424	2025-02-06	2025-02-06	t	898	1	0.01	imei 358691732123603	38	439	-15.717319999999997
2425	2025-02-07	2025-02-07	t	899	1	0.01		81	476	-29.49
2426	2025-02-07	2025-02-07	t	900	1	1750	imei 353505454337016	22	512	500
2427	2025-02-07	2025-02-07	t	900	1	0.01	imei 353505454337016	39	512	-7.011125000000001
2428	2025-02-07	2025-02-07	t	900	1	0.01	imei 353505454337016	38	512	-15.717319999999999
2429	2025-02-07	2025-02-07	t	901	1	2850	imei 350980295656960	46	513	772.1716142857142
2430	2025-02-07	2025-02-07	t	901	1	0.01	imei 350980295656960	39	513	-7.011125000000001
2431	2025-02-07	2025-02-07	t	901	1	0.01	imei 350980295656960	38	513	-15.717319999999999
2432	2025-02-07	2025-02-07	t	902	1	0.01		82	476	-62.10290322580645
2433	2025-02-07	2025-02-07	t	903	1	7700		89	4	-70
2434	2025-02-08	2025-02-08	t	904	1	7700		89	4	-70
2435	2025-02-11	2025-02-11	t	905	1	2850	imei 351486316315395	34	314	772.1716142857142
2436	2025-02-11	2025-02-11	t	905	1	0.01	imei 351486316315395	39	314	-7.011125000000001
2437	2025-02-11	2025-02-11	t	905	1	0.01	imei 351486316315395	39	314	-7.011125000000001
2438	2025-02-11	2025-02-11	t	906	1	0.01		82	476	-62.156666666666666
2439	2025-02-11	2025-02-11	t	907	1	0.01		39	65	-7.011125000000001
2440	2025-02-11	2025-02-11	t	908	1	0.01	Bateria de garantia	80	476	-29.299999999999994
2441	2025-02-14	2025-02-14	t	909	1	2850	imei 357774336881312	27	514	772.1716142857142
2442	2025-02-14	2025-02-14	t	909	1	0.01	imei 357774336881312	39	514	-7.011125000000001
2443	2025-02-14	2025-02-14	t	909	1	0.01	imei 357774336881312	38	514	-15.71732
2444	2025-02-14	2025-02-14	t	910	1	4900	imei 358892508307343 354872887065492	98	440	1326
2445	2025-02-14	2025-02-14	t	910	1	4250	imei 358892508307343 354872887065492	96	440	676
2446	2025-02-14	2025-02-14	t	910	2	0.01	imei 358892508307343 354872887065492	39	440	-14.02225
2447	2025-02-14	2025-02-14	t	910	2	0.01	imei 358892508307343 354872887065492	38	440	-31.43464
2448	2025-02-15	2025-02-15	t	911	1	0.01		39	65	-7.011125000000001
2449	2025-02-15	2025-02-15	t	911	1	0.01		38	65	-15.71732
2450	2025-02-15	2025-02-15	t	912	1	4250	IMEI 3586682899188833	95	516	676
2451	2025-02-17	2025-02-17	t	913	3	30		80	233	2.0700000000000145
2452	2025-02-17	2025-02-17	t	914	1	0.01	manutencao de aparelho	80	476	-29.299999999999997
2453	2025-02-17	2025-02-17	t	915	1	0.01		82	476	-62.214137931034486
2454	2025-02-17	2025-02-17	t	915	1	0.01		81	476	-29.49
2455	2025-02-19	2025-02-19	t	916	1	4250	imei 350450246525607	96	517	675.9995652173913
2456	2025-02-19	2025-02-19	t	916	1	0.01	imei 350450246525607	39	517	-10.0656495398773
2457	2025-02-19	2025-02-19	t	916	1	0.01	imei 350450246525607	38	517	-17.35234158273381
2458	2025-02-19	2025-02-19	t	917	1	4250	imei 351048877209340	96	518	675.9995652173913
2459	2025-02-19	2025-02-19	t	917	1	0.01	imei 351048877209340	39	518	-10.08450462962963
2460	2025-02-19	2025-02-19	t	917	1	0.01	imei 351048877209340	38	518	-17.36418956521739
2461	2025-02-19	2025-02-19	f	918	1	12		100	76	2
2463	2025-02-21	2025-02-21	t	919	1	0.01	imei 354199613705211	39	65	-10.10359394409938
2464	2025-02-21	2025-02-21	t	919	1	0.01	imei 354199613705211	38	65	-17.376210510948905
2465	2025-02-22	2025-02-22	t	920	1	4250	imei 356562918280206	96	519	675.9995652173913
2466	2025-02-22	2025-02-22	t	921	1	0.01		39	476	-10.122921875
2467	2025-02-25	2025-02-25	t	922	1	0.01		38	476	-17.388408235294115
2468	2025-02-25	2025-02-25	t	922	1	0.01		39	476	-10.142492924528302
2469	2025-02-25	2025-02-25	t	923	1	0.01		38	520	-17.400786666666665
2470	2025-02-25	2025-02-25	t	923	1	7500		89	520	-270
2471	2025-02-25	2025-02-25	t	924	1	4150	imei 356321259220671	95	4	575.9995652173913
2472	2025-02-25	2025-02-25	t	925	1	1300	imei 352883111302264	16	521	500
2473	2025-02-26	2025-02-26	t	926	1	0.01	IMEI 351055803844744	39	522	-10.16231170886076
2474	2025-02-26	2025-02-26	t	926	1	0.01	IMEI 351055803844744	38	522	-17.41334985074627
2475	2025-02-26	2025-02-26	t	926	1	2750	IMEI 351055803844744	27	522	491.0096476190474
2476	2025-02-26	2025-02-26	t	927	1	2750	imei 357573495625035	102	36	614.3758333333333
2477	2025-02-26	2025-02-26	t	928	1	2500	imei 358469521553847 350294954766080 356825829967439 358110349519913 355701902861701	27	4	395.6285920634921
2478	2025-02-26	2025-02-26	t	928	1	2500	imei 358469521553847 350294954766080 356825829967439 358110349519913 355701902861701	32	4	364.37583333333333
2479	2025-02-26	2025-02-26	t	928	1	2750	imei 358469521553847 350294954766080 356825829967439 358110349519913 355701902861701	102	4	614.3758333333333
2480	2025-02-26	2025-02-26	t	928	1	2750	imei 358469521553847 350294954766080 356825829967439 358110349519913 355701902861701	103	4	614.3758333333333
2481	2025-02-26	2025-02-26	t	928	1	2750	imei 358469521553847 350294954766080 356825829967439 358110349519913 355701902861701	105	4	614.3758333333333
2482	2025-02-26	2025-02-26	t	929	1	3400	IMEI 354619641103576	79	523	300
2483	2025-02-26	2025-02-26	t	930	1	2800	IMEI 358691738351539	32	524	624.6485606060605
2484	2025-02-26	2025-02-26	t	930	1	0.01	IMEI 358691738351539	39	524	-10.18238296178344
2485	2025-02-26	2025-02-26	t	930	1	0.01	IMEI 358691738351539	38	524	-17.426101954887216
2486	2025-02-26	2025-02-26	t	931	1	2500	imei 13 353763860398003\r\nimei 15 358614726756121	32	4	320.6758333333333
2487	2025-02-26	2025-02-26	t	931	1	4050	imei 13 353763860398003\r\nimei 15 358614726756121	95	4	475.9995652173913
2699	2025-04-01	2025-04-01	t	1030	4	12		39	4	-26.371751412429376
2488	2025-02-26	2025-02-26	t	931	1	18	imei 13 353763860398003\r\nimei 15 358614726756121	39	4	7.787288461538461
2489	2025-02-26	2025-02-26	t	931	1	20	imei 13 353763860398003\r\nimei 15 358614726756121	38	4	2.5509527272727297
2490	2025-02-26	2025-02-26	t	932	1	1550	imei 351224676490916	32	72	-634.1797222222224
2491	2025-02-27	2025-02-27	t	933	10	0.01	Aparelhos da loja	81	476	-294.9
2493	2025-02-27	2025-02-27	t	934	1	4050	imei 358019948878614	95	4	475.9995652173913
2494	2025-02-27	2025-02-27	t	935	1	7400		88	467	-370
2495	2025-02-27	2025-02-27	t	936	1	7400		88	467	-370
2496	2025-03-01	2025-03-01	t	937	1	2750	imei 350980290320075	78	525	614.3758333333333
2497	2025-03-01	2025-03-01	t	937	1	0.01	imei 350980290320075	39	525	-10.22330241935484
2498	2025-03-01	2025-03-01	t	937	1	0.01	imei 350980290320075	38	525	-17.45219022900763
2499	2025-03-01	2025-03-01	t	938	1	4300	imei 354872889541870	96	526	725.9995652173913
2500	2025-03-01	2025-03-01	t	939	1	2750	imei 359888173150066	27	527	863.625
2501	2025-03-01	2025-03-01	t	939	1	0.01	imei 359888173150066	39	527	-10.244160714285714
2502	2025-03-01	2025-03-01	t	939	1	0.01	imei 359888173150066	38	527	-17.465535384615382
2503	2025-03-01	2025-03-01	t	940	1	3100	imei 351123622387178	105	528	964.3758333333333
2504	2025-03-01	2025-03-01	t	940	1	0.01	imei 351123622387178	39	528	-10.265291666666668
2505	2025-03-01	2025-03-01	t	940	1	0.01	imei 351123622387178	38	528	-17.47908744186046
2506	2025-03-01	2025-03-01	t	941	1	3100	imei 350108847496392	102	529	964.3758333333333
2507	2025-03-01	2025-03-01	t	941	1	0.01	imei 350108847496392	39	529	-10.286700657894738
2508	2025-03-01	2025-03-01	t	941	1	0.01	imei 350108847496392	38	529	-17.492851249999998
2512	2025-03-01	2025-03-01	f	943	1	2750	para apgar	78	76	614.3758333333333
2513	2025-03-05	2025-03-05	t	944	1	0.01	Manuteno	92	476	-12.49
2514	2025-03-05	2025-03-05	t	945	7	0.01		81	476	-206.42999999999998
2509	2025-03-01	2025-03-01	t	942	1	2500	imei 356825823203740	34	4	364.37583333333333
2510	2025-03-01	2025-03-01	t	942	1	18	imei 356825823203740	39	4	7.6816067880794705
2511	2025-03-01	2025-03-01	t	942	1	20	imei 356825823203740	38	4	2.4831681889763786
2515	2025-03-05	2025-03-05	t	946	1	30		80	233	0.6900000000000048
2516	2025-03-05	2025-03-05	t	947	1	2800	imei 358824780526720	34	530	664.3758333333333
2517	2025-03-05	2025-03-05	t	947	1	0.01	imei 358824780526720	39	530	-10.330375
2518	2025-03-05	2025-03-05	t	947	1	0.01	imei 358824780526720	38	530	-17.521034285714283
2522	2025-03-05	2025-03-05	t	949	1	2800	imei 358691736305511	34	532	664.3758333333333
2523	2025-03-05	2025-03-05	t	949	1	0.01	imei 358691736305511	39	532	-10.37522972972973
2524	2025-03-05	2025-03-05	t	949	1	0.01	imei 358691736305511	38	532	-17.5501264516129
2525	2025-03-05	2025-03-05	t	950	1	3100	imei 351138101345869	105	65	964.3758333333333
2526	2025-03-05	2025-03-05	t	950	1	0.01	imei 351138101345869	39	65	-10.398114795918367
2527	2025-03-05	2025-03-05	t	950	1	0.01	imei 351138101345869	38	65	-17.56502731707317
2519	2025-03-05	2025-03-05	f	948	1	3100	imei 3557701902861701	102	531	964.3758333333333
2520	2025-03-05	2025-03-05	f	948	1	0.01	imei 3557701902861701	39	531	-10.352651845637583
2521	2025-03-05	2025-03-05	f	948	1	0.01	imei 3557701902861701	38	531	-17.535463999999997
2528	2025-03-05	2025-03-05	t	951	1	3100	imei 355701902861701	102	531	964.3758333333333
2530	2025-03-06	2025-03-06	t	952	11	0.01	Correo de estoque	38	476	-193.21530048780488
2531	2025-03-06	2025-03-06	t	953	4	30		80	36	2.760000000000005
2532	2025-03-06	2025-03-06	t	954	2	0.01	Aparelhos	81	476	-58.98
2533	2025-03-06	2025-03-06	t	955	9	0.01	Para nossos aparelhos	92	476	-112.41
2537	2025-03-08	2025-03-08	t	957	1	0.01	Imei 358691739556995	39	255	-11.41720907079646
2538	2025-03-08	2025-03-08	t	957	1	0.01	Imei 358691739556995	38	255	-17.764779459459458
2539	2025-03-08	2025-03-08	t	957	1	2750	Imei 358691739556995	27	255	614.3758333333333
2540	2025-03-08	2025-03-08	t	958	1	0.01	IMEI 351486319336885	39	65	-11.456549107142857
2541	2025-03-08	2025-03-08	t	958	1	0.01	IMEI 351486319336885	38	65	-17.783392727272727
2542	2025-03-08	2025-03-08	t	958	1	2800	IMEI 351486319336885	32	65	517.2647222222222
2543	2025-03-08	2025-03-08	t	959	1	0.01	imei 350183986842813	39	65	-11.496597972972973
2544	2025-03-08	2025-03-08	t	959	1	0.01	imei 350183986842813	38	65	-17.80234752293578
2545	2025-03-08	2025-03-08	t	959	1	2750	imei 350183986842813	78	65	614.3758333333333
2546	2025-03-08	2025-03-08	t	960	1	0.01	imei 354739189692374	39	535	-11.537375
2547	2025-03-08	2025-03-08	t	960	1	0.01	imei 354739189692374	38	535	-17.82165333333333
2548	2025-03-08	2025-03-08	t	960	1	2800	imei 354739189692374	34	535	664.3758333333333
2549	2025-03-08	2025-03-08	t	961	1	0.01	imei 355939491155073	39	536	-11.5789002293578
2550	2025-03-08	2025-03-08	t	961	1	0.01	imei 355939491155073	38	536	-17.84132
2551	2025-03-08	2025-03-08	t	961	1	2800	imei 355939491155073	32	536	498.87583333333333
2552	2025-03-08	2025-03-08	t	962	1	0.01	imei 350450249556666	39	295	-11.621194444444445
2553	2025-03-08	2025-03-08	t	962	1	0.01	imei 350450249556666	38	295	-17.861357735849055
2554	2025-03-08	2025-03-08	t	962	1	4250	imei 350450249556666	95	295	675.9995652173913
2555	2025-03-08	2025-03-08	t	963	1	2800	imei 358824781162194	34	154	664.3758333333333
2556	2025-03-08	2025-03-08	t	963	1	0.01	imei 358824781162194	39	154	-11.664279205607478
2557	2025-03-08	2025-03-08	t	963	1	0.01	imei 358824781162194	38	154	-17.881777142857143
2558	2025-03-08	2025-03-08	t	964	1	0.01	imei 356825827786492	39	537	-11.708176886792453
2559	2025-03-08	2025-03-08	t	964	1	0.01	imei 356825827786492	38	537	-17.90258923076923
2560	2025-03-08	2025-03-08	t	964	1	2800	imei 356825827786492	34	537	664.3758333333333
2561	2025-03-08	2025-03-08	t	965	1	0.01	imei 355402932011769	39	538	-11.752910714285713
2562	2025-03-08	2025-03-08	t	965	1	0.01	imei 355402932011769	38	538	-17.9238054368932
2563	2025-03-08	2025-03-08	t	965	1	2800	imei 355402932011769	34	538	664.3758333333333
2534	2025-03-08	2025-03-08	f	956	1	0.01	imei 354551506740640	39	533	-11.378559210526316
2535	2025-03-08	2025-03-08	f	956	1	0.01	imei 354551506740640	38	533	-17.74649857142857
2536	2025-03-08	2025-03-08	f	956	1	0.01	imei 354551506740640	34	533	-2135.6141666666667
2564	2025-03-08	2025-03-08	t	956	1	0.01	imei 354551506740640	39	533	-11.752910714285713
2565	2025-03-08	2025-03-08	t	956	1	0.01	imei 354551506740640	38	533	-17.9238054368932
2566	2025-03-08	2025-03-08	t	956	1	2800	imei 354551506740640	34	533	664.3758333333333
2567	2025-03-08	2025-03-08	t	966	2	2500	imei 354066780371095 351224671986801	32	4	350.46595238095244
2568	2025-03-08	2025-03-08	f	967	1	10		100	476	0
2569	2025-03-08	2025-03-08	f	968	1	10		100	476	0
2570	2025-03-08	2025-03-08	t	969	1	30		39	65	18.19149519230769
2571	2025-03-08	2025-03-08	t	969	1	90		38	65	72.04456235294117
2572	2025-03-10	2025-03-10	t	970	1	0.01	Para aparelhos da loja	92	476	-12.49
2573	2025-03-10	2025-03-10	t	970	2	0.01	Para aparelhos da loja	94	476	-689.98
2574	2025-03-10	2025-03-10	t	971	1	0.01	Troca de cabo	39	476	-11.84498422330097
2575	2025-03-10	2025-03-10	t	972	1	12		39	226	0.09762500000000074
2576	2025-03-10	2025-03-10	t	973	1	2800	imei 357479182674981	32	68	399.57583333333315
2577	2025-03-10	2025-03-10	t	973	1	0.01	imei 357479182674981	39	68	-11.5789002293578
2578	2025-03-10	2025-03-10	t	973	1	0.01	imei 357479182674981	38	68	-17.94543764705882
2579	2025-03-10	2025-03-10	t	974	1	0.01	imei 351055802548163	39	286	-11.621194444444445
2580	2025-03-10	2025-03-10	t	974	1	0.01	imei 351055802548163	38	286	-17.96749821782178
2581	2025-03-10	2025-03-10	t	974	1	2800	imei 351055802548163	32	286	333.37583333333333
2582	2025-03-11	2025-03-11	t	975	1	2750	imei 350294954820481	27	431	614.3758333333333
2583	2025-03-11	2025-03-11	t	975	1	0.01	imei 350294954820481	39	431	-11.664279205607478
2584	2025-03-11	2025-03-11	t	975	1	0.01	imei 350294954820481	38	431	-23.339999999999996
2585	2025-03-11	2025-03-11	t	976	2	0.01	imei 357828283975939\r\nimei 356684161422879	39	539	-23.416353773584905
2586	2025-03-11	2025-03-11	t	976	2	0.01	imei 357828283975939\r\nimei 356684161422879	38	539	-46.67999999999999
2587	2025-03-11	2025-03-11	t	976	2	5150	imei 357828283975939\r\nimei 356684161422879	66	539	2531.8333333333335
2588	2025-03-12	2025-03-12	t	977	1	2750	imei 355939498717511 353083967533802	101	4	614.3758333333333
2589	2025-03-12	2025-03-12	t	977	1	4950	imei 355939498717511 353083967533802	60	4	1065.9166666666667
2590	2025-03-12	2025-03-12	t	978	1	4800	imei 350448887388731	98	282	1225.9995652173914
2591	2025-03-12	2025-03-12	t	978	1	0.01	imei 350448887388731	39	282	-11.798504807692307
2592	2025-03-12	2025-03-12	t	978	1	0.01	imei 350448887388731	38	282	-23.339999999999996
2593	2025-03-12	2025-03-12	t	979	1	0.01	imei 355939495984759	39	65	-11.84498422330097
2594	2025-03-12	2025-03-12	t	979	1	0.01	imei 355939495984759	38	65	-23.339999999999996
2595	2025-03-12	2025-03-12	t	979	1	2800	imei 355939495984759	34	65	664.3758333333333
2596	2025-03-13	2025-03-13	t	980	3	0.01	Para troca	81	476	-95.08764705882353
2597	2025-03-13	2025-03-13	t	981	1	0.01	imei 352991735185971	39	103	-11.892375
2598	2025-03-13	2025-03-13	t	981	1	0.01	imei 352991735185971	38	103	-23.339999999999996
2599	2025-03-13	2025-03-13	t	981	1	2800	imei 352991735185971	78	103	664.3758333333333
2600	2025-03-14	2025-03-14	t	982	1	5100	imei 358001683426601	66	402	1215.9166666666667
2601	2025-03-14	2025-03-14	t	983	1	2750	imei 352824484472409	32	541	173.04249999999985
2602	2025-03-14	2025-03-14	t	983	1	0.01	imei 352824484472409	39	541	-11.940704207920792
2603	2025-03-14	2025-03-14	t	983	1	0.01	imei 352824484472409	38	541	-23.339999999999996
2604	2025-03-14	2025-03-14	t	984	1	5100	imei 350121912662590	66	173	1215.9166666666667
2605	2025-03-14	2025-03-14	t	984	1	0.01	imei 350121912662590	39	173	-17.34
2606	2025-03-14	2025-03-14	t	984	1	0.01	imei 350121912662590	38	173	-23.339999999999996
2607	2025-03-15	2025-03-15	t	985	1	3900	imei 355980287756617	69	543	840.9166666666666
2608	2025-03-15	2025-03-15	t	986	1	2750	imei 358469521047279	32	544	275
2609	2025-03-15	2025-03-15	t	986	1	0.01	imei 358469521047279	39	544	-17.34
2610	2025-03-15	2025-03-15	t	986	1	0.01	imei 358469521047279	38	544	-23.339999999999996
2611	2025-03-15	2025-03-15	t	987	1	2750	imei 359888178176215	32	545	50
2612	2025-03-15	2025-03-15	t	987	1	0.01	imei 359888178176215	39	545	-17.34
2613	2025-03-15	2025-03-15	t	987	1	0.01	imei 359888178176215	38	545	-23.339999999999996
2614	2025-03-15	2025-03-15	t	988	1	13		39	4	-4.35
2615	2025-03-15	2025-03-15	t	988	1	30		38	4	6.65
2616	2025-03-17	2025-03-17	t	989	1	50		39	65	32.65
2617	2025-03-17	2025-03-17	t	990	3	0.01		81	476	-95.39307692307692
2618	2025-03-17	2025-03-17	t	991	1	3100	imei 350108842826650	104	68	964.3758333333333
2619	2025-03-18	2025-03-18	t	992	1	4050	imei 350390278988648	97	547	475.9995652173913
2620	2025-03-18	2025-03-18	t	992	1	0.01	imei 350390278988648	39	547	-17.34
2621	2025-03-18	2025-03-18	t	992	1	0.01	imei 350390278988648	38	547	-23.339999999999996
2622	2025-03-18	2025-03-18	t	993	1	0.01	imei 355701909504122	39	49	-17.34
2623	2025-03-18	2025-03-18	t	993	1	0.01	imei 355701909504122	38	49	-23.339999999999996
2624	2025-03-18	2025-03-18	t	993	1	2700	imei 355701909504122	78	49	564.3758333333333
2625	2025-03-18	2025-03-18	t	994	1	0.01	imei 356562915190101	39	549	-17.34
2626	2025-03-18	2025-03-18	t	994	1	0.01	imei 356562915190101	38	549	-23.339999999999996
2627	2025-03-18	2025-03-18	t	994	1	4050	imei 356562915190101	95	549	475.9995652173913
2628	2025-03-19	2025-03-19	t	995	1	2750	imei 358110344458216	78	27	614.3758333333333
2629	2025-03-20	2025-03-20	t	996	1	2500	imei 354066785296131 354029289009657	46	4	454.80718928571423
2630	2025-03-20	2025-03-20	t	996	1	4050	imei 354066785296131 354029289009657	95	4	475.9995652173913
2631	2025-03-20	2025-03-20	t	997	1	2000	imei 350342022612727	9	550	600
2632	2025-03-20	2025-03-20	t	997	1	0.01	imei 350342022612727	39	550	-17.34
2633	2025-03-20	2025-03-20	t	997	1	0.01	imei 350342022612727	38	550	-23.339999999999996
2634	2025-03-20	2025-03-20	t	998	1	2300	imei 	30	65	1300
2635	2025-03-20	2025-03-20	t	998	1	0.01	imei 	39	65	-17.34
2636	2025-03-20	2025-03-20	t	998	1	0.01	imei 	38	65	-23.339999999999996
2637	2025-03-20	2025-03-20	f	999	1	0.01	imei 358668287572541	39	551	-17.34
2638	2025-03-20	2025-03-20	f	999	1	0.01	imei 358668287572541	38	551	-23.339999999999996
2639	2025-03-20	2025-03-20	f	999	1	4700	imei 358668287572541	99	551	1125.9995652173914
2640	2025-03-21	2025-03-21	t	1000	1	4700	imei 358668287572541	98	551	1125.9995652173914
2641	2025-03-21	2025-03-21	t	1000	1	0.01	imei 358668287572541	39	551	-17.34
2642	2025-03-21	2025-03-21	t	1000	1	0.01	imei 358668287572541	38	551	-23.339999999999996
2643	2025-03-21	2025-03-21	t	1001	1	2500	imei 351486314179876	78	4	364.37583333333333
2644	2025-03-21	2025-03-21	t	1002	1	32		81	36	0.08064516129032384
2645	2025-03-21	2025-03-21	t	1003	1	0.01		81	36	-31.949016393442623
2647	2025-03-22	2025-03-22	t	1004	1	2750	imei 350118658017484	32	236	-50
2648	2025-03-22	2025-03-22	t	1004	1	0.01	imei 350118658017484	39	236	-17.34
2649	2025-03-22	2025-03-22	t	1004	1	0.01	imei 350118658017484	38	236	-23.339999999999996
2650	2025-03-22	2025-03-22	t	1005	1	3950	imei 356562914754659	95	4	375.9995652173913
2651	2025-03-23	2025-03-23	t	1006	1	0.01	imei 359577627930179	39	65	-17.34
2652	2025-03-23	2025-03-23	t	1006	1	0.01	imei 359577627930179	38	65	-23.339999999999996
2653	2025-03-23	2025-03-23	t	1006	1	3900	imei 359577627930179	20	65	706.3166666666667
2654	2025-03-24	2025-03-24	t	1007	1	3950	imei 354872888977893	95	4	375.9995652173913
2655	2025-03-24	2025-03-24	t	1008	1	2700		46	4	564.3758333333333
2656	2025-03-26	2025-03-26	t	1009	1	0.01	imei 352615452661779	39	431	-18.516470588235293
2657	2025-03-26	2025-03-26	t	1009	1	0.01	imei 352615452661779	38	431	-28.643867403314914
2658	2025-03-26	2025-03-26	t	1009	1	2700	imei 352615452661779	78	431	564.3758333333333
2659	2025-03-26	2025-03-26	t	1010	1	2750	imei 355402930103154	78	554	614.3758333333333
2660	2025-03-26	2025-03-26	t	1010	1	0.01	imei 355402930103154	39	554	-18.52279569892473
2661	2025-03-26	2025-03-26	t	1010	1	0.01	imei 355402930103154	38	554	-28.673333333333332
2662	2025-03-26	2025-03-26	t	1011	1	2750	imei 357084344579742	78	553	614.3758333333333
2663	2025-03-26	2025-03-26	t	1011	1	0.01	imei 357084344579742	39	553	-18.52918918918919
2664	2025-03-26	2025-03-26	t	1011	1	0.01	imei 357084344579742	38	553	-28.703128491620113
2665	2025-03-26	2025-03-26	t	1012	1	1900	imei 357084344579742	52	315	400
2666	2025-03-26	2025-03-26	t	1012	1	0.01	imei 357084344579742	39	315	-18.535652173913043
2667	2025-03-26	2025-03-26	t	1012	1	0.01	imei 357084344579742	38	315	-28.733258426966287
2668	2025-03-26	2025-03-26	t	1013	1	15		39	4	-3.552185792349727
2669	2025-03-26	2025-03-26	t	1013	1	28		38	4	-0.7737288135593214
2670	2025-03-27	2025-03-27	t	1014	15	0.01	para manuteno	82	476	-920.2810344827586
2671	2025-03-27	2025-03-27	t	1015	1	0.01	garantia	81	476	-31.99
2672	2025-03-27	2025-03-27	t	1016	2	3950	imei 358892508847702 357146829156066	95	4	751.9991304347826
2673	2025-03-27	2025-03-27	t	1017	1	3850	imei 353202532456063	69	79	790.9166666666666
2674	2025-03-28	2025-03-28	t	1018	1	3950	13 branco 352824480130258\r\n13 rosa 354933278430032\r\n15 rosa 351698479228799	95	4	375.9995652173913
2675	2025-03-28	2025-03-28	t	1018	1	2500	13 branco 352824480130258\r\n13 rosa 354933278430032\r\n15 rosa 351698479228799	34	4	647.8133333333333
2676	2025-03-28	2025-03-28	t	1018	1	2500	13 branco 352824480130258\r\n13 rosa 354933278430032\r\n15 rosa 351698479228799	32	4	647.8133333333333
2677	2025-03-28	2025-03-28	t	1019	1	0.01		81	476	-32.032372881355926
2678	2025-03-28	2025-03-28	t	1019	1	0.01		82	476	-61.65279069767442
2679	2025-03-28	2025-03-28	t	1020	1	0.01	Troca cliente.	39	65	-18.548791208791208
2680	2025-03-30	2025-03-30	t	1021	1	13		39	4	-5.565469613259667
2681	2025-03-30	2025-03-30	t	1021	1	30		38	4	1.195454545454547
2682	2025-03-31	2025-03-31	t	1022	1	2700	imei 358091657479918	27	557	698.8044047619046
2683	2025-03-31	2025-03-31	t	1022	1	0.01	imei 358091657479918	39	557	-18.56222222222222
2684	2025-03-31	2025-03-31	t	1022	1	0.01	imei 358091657479918	38	557	-28.825714285714284
2685	2025-03-31	2025-03-31	t	1023	1	2750	imei 353341830163417	32	558	897.8133333333333
2687	2025-03-31	2025-04-01	t	1024	1	2500	imei 350183989403050	32	4	647.8133333333333
2688	2025-04-01	2025-04-01	t	1025	1	2470	IMEIS 354455409018866 351224677026511 353257397877373	46	4	487.2329761904762
2689	2025-04-01	2025-04-01	t	1025	1	2470	IMEIS 354455409018866 351224677026511 353257397877373	34	4	617.8133333333333
2690	2025-04-01	2025-04-01	t	1025	1	2470	IMEIS 354455409018866 351224677026511 353257397877373	78	4	469.90916666666664
2691	2025-04-01	2025-04-01	t	1026	1	2700	imei 35148631184120	78	560	704.5827298850575
2692	2025-04-01	2025-04-01	t	1026	1	0.01	imei 35148631184120	39	560	-18.56905027932961
2693	2025-04-01	2025-04-01	t	1026	1	0.01	imei 35148631184120	38	560	-28.857241379310345
2694	2025-04-01	2025-04-01	t	1027	1	2700	imei 352941880552848	34	559	847.8133333333333
2695	2025-04-01	2025-04-01	t	1027	1	0.01	imei 352941880552848	39	559	-18.575955056179776
2696	2025-04-01	2025-04-01	t	1027	1	0.01	imei 352941880552848	38	559	-28.889132947976876
2697	2025-04-01	2025-04-01	t	1028	1	4950	imei 357917876621180	64	481	1065.9166666666667
2704	2025-04-01	2025-04-01	t	1034	1	2700	imei 356815600923073	34	561	847.8133333333333
2705	2025-04-01	2025-04-01	t	1034	1	0.01	imei 356815600923073	39	561	-18.611676300578033
2706	2025-04-01	2025-04-01	t	1034	1	0.01	imei 356815600923073	38	561	-28.92139534883721
2707	2025-04-02	2025-04-02	t	1035	1	4600	imei 351048877878201	99	563	1025.9995652173914
2708	2025-04-02	2025-04-02	t	1035	1	0.1	imei 351048877878201	39	563	-18.52906976744186
2709	2025-04-02	2025-04-02	t	1035	1	0.1	imei 351048877878201	38	563	-28.864035087719294
2710	2025-04-02	2025-04-02	t	1036	1	3750	imei 357624698357403	20	4	522.6666666666666
2711	2025-04-03	2025-04-03	f	1037	2	2750	358265587394278 356825822309431	103	4	940
2712	2025-04-03	2025-04-03	t	1038	2	2750	 358265587394278 356825822309431	103	4	938.4615384615385
2713	2025-04-03	2025-04-03	t	1039	1	2470	imei 353341839545804	32	4	370.81333333333333
2714	2025-04-03	2025-04-03	t	1040	1	2700	imei 353341831956769	47	564	523.887660576923
2715	2025-04-03	2025-04-03	t	1040	1	0.01	imei 353341831956769	39	564	-18.626549707602337
2716	2025-04-03	2025-04-03	t	1040	1	0.01	imei 353341831956769	38	564	-28.98705882352941
2717	2025-04-03	2025-04-03	t	1041	1	3900	imei 359577625544899	20	565	616.5833333333331
2718	2025-04-04	2025-04-04	t	1042	1	13		39	47	-5.644117647058824
2719	2025-04-04	2025-04-04	t	1042	1	30		38	47	0.9695266272189347
2720	2025-04-04	2025-04-04	t	1043	1	0.01	Caixa veio sem cabo	39	65	-18.641775147928996
2722	2025-04-04	2025-04-04	t	1044	1	0.01		81	65	-32.32018867924528
2726	2025-04-04	2025-04-04	t	1046	1	4150	imei 358107268891919	96	227	350
2723	2025-04-04	2025-04-04	f	1045	1	2700	imei 3581100349831433	47	81	565.527619047619
2724	2025-04-04	2025-04-04	f	1045	1	0.01	imei 3581100349831433	39	81	-18.64952380952381
2725	2025-04-04	2025-04-04	f	1045	1	0.01	imei 3581100349831433	38	81	-29.05428571428571
2727	2025-04-04	2025-04-04	t	1047	1	2700	imei 3581100349831433	47	81	565.527619047619
2728	2025-04-05	2025-04-05	t	1048	1	2700	imei 358743276823112	78	566	532.4175
2729	2025-04-05	2025-04-05	t	1048	1	0.01	imei 358743276823112	39	566	-18.64952380952381
2730	2025-04-05	2025-04-05	t	1048	1	0.01	imei 358743276823112	38	566	-29.05428571428571
2731	2025-04-06	2025-04-06	t	1049	1	2470	imei 358265588529849	32	4	348.35878787878784
2735	2025-04-07	2025-04-07	t	1051	1	2700	imei 353341831581609	34	567	709.4933333333333
2736	2025-04-07	2025-04-07	t	1051	1	0.01	imei 353341831581609	39	567	-18.657365269461078
2737	2025-04-07	2025-04-07	t	1051	1	0.01	imei 353341831581609	38	567	-29.088502994011975
2738	2025-04-07	2025-04-07	t	1052	1	2700	imei 357479182674981	32	568	551.4133333333332
2739	2025-04-07	2025-04-07	t	1052	1	0.01	imei 357479182674981	39	568	-18.66530120481928
2740	2025-04-07	2025-04-07	t	1052	1	0.01	imei 357479182674981	38	568	-29.12313253012048
2732	2025-04-07	2025-04-07	f	1050	1	2470	imei 351123626034941 358091650663427 357332362984839 356815601616742	78	217	301.7375354609929
2733	2025-04-07	2025-04-07	f	1050	2	2470	imei 351123626034941 358091650663427 357332362984839 356815601616742	34	217	979.4785185185184
2734	2025-04-07	2025-04-07	f	1050	1	2470	imei 351123626034941 358091650663427 357332362984839 356815601616742	103	217	189.23076923076923
2741	2025-04-07	2025-04-07	t	1053	1	2470	imei 351123626034941 358091650663427 357332362984839 356815601616742	32	217	288.4800000000001
2742	2025-04-07	2025-04-07	t	1053	1	2470	imei 351123626034941 358091650663427 357332362984839 356815601616742	78	217	301.7375354609929
2743	2025-04-07	2025-04-07	t	1053	2	2470	imei 351123626034941 358091650663427 357332362984839 356815601616742	34	217	969.6266666666667
2744	2025-04-08	2025-04-08	t	1054	1	2470	imei 352941884223867 356825829614361 352164231241116	34	340	473.7300000000001
2745	2025-04-08	2025-04-08	t	1054	1	2470	imei 352941884223867 356825829614361 352164231241116	47	340	288.4800000000001
2746	2025-04-08	2025-04-08	t	1054	1	2470	imei 352941884223867 356825829614361 352164231241116	32	340	247.31333333333333
2747	2025-04-08	2025-04-08	t	1055	1	3100	imei 356199673169991	47	569	852.6133333333332
2748	2025-04-08	2025-04-08	t	1055	1	0.01	imei 356199673169991	39	569	-18.673333333333332
2749	2025-04-08	2025-04-08	t	1055	1	0.01	imei 356199673169991	38	569	-29.158181818181816
2753	2025-04-08	2025-04-08	t	1057	1	2700	imei 350294954978958	34	571	697.4655072463768
2754	2025-04-08	2025-04-08	t	1057	1	0.01	imei 350294954978958	39	571	-18.68969325153374
2755	2025-04-08	2025-04-08	t	1057	1	0.01	imei 350294954978958	38	571	-29.229570552147237
2756	2025-04-08	2025-04-08	t	1058	1	3100	imei 358265583226433	103	287	819.2307692307693
2757	2025-04-08	2025-04-08	t	1059	1	3100	imei 358824785965923	103	573	819.2307692307693
2758	2025-04-08	2025-04-08	t	1059	1	0.01	imei 358824785965923	39	573	-18.698024691358025
2759	2025-04-08	2025-04-08	t	1059	1	0.01	imei 358824785965923	38	573	-29.265925925925927
2750	2025-04-08	2025-04-08	f	1056	1	3900	imei 357624696050554	20	570	504.41666666666663
2751	2025-04-08	2025-04-08	f	1056	1	0.01	imei 357624696050554	39	570	-18.681463414634145
2752	2025-04-08	2025-04-08	f	1056	1	0.01	imei 357624696050554	38	570	-29.193658536585367
2760	2025-04-08	2025-04-08	t	1060	1	3900	imei 357624696050554	20	570	504.41666666666663
2761	2025-04-08	2025-04-08	t	1061	1	2470	imei 356199672464773 358091656155725	32	4	109.68833333333333
2762	2025-04-08	2025-04-08	t	1061	1	2750	imei 356199672464773 358091656155725	102	4	469.2307692307692
2763	2025-04-09	2025-04-09	t	1062	1	1650	imei 353568259228376	22	574	300
2764	2025-04-11	2025-04-11	t	1063	1	1250	imei 352891110435308	16	576	450
2765	2025-04-11	2025-04-11	t	1063	1	0.01	imei 352891110435308	39	576	-18.698024691358025
2766	2025-04-11	2025-04-11	t	1063	1	0.01	imei 352891110435308	38	576	-29.265925925925927
2767	2025-04-11	2025-04-11	t	1064	1	3900	imei 350249440451267	69	575	840.9166666666666
2768	2025-04-11	2025-04-11	t	1065	1	2700	imei 357774336573281	46	575	677.2329761904762
2769	2025-04-11	2025-04-11	t	1065	1	0.01	imei 357774336573281	39	575	-18.706459627329192
2770	2025-04-11	2025-04-11	t	1065	1	0.01	imei 357774336573281	38	575	-29.30273291925466
2771	2025-04-11	2025-04-11	t	1066	1	4850	imei 353360940549448 355939499289296 356122171134259	65	4	965.9166666666666
2772	2025-04-11	2025-04-11	t	1066	1	2470	imei 353360940549448 355939499289296 356122171134259	34	4	460.6315151515151
2773	2025-04-11	2025-04-11	t	1066	1	2470	imei 353360940549448 355939499289296 356122171134259	78	4	301.02800724637683
2774	2025-04-11	2025-04-11	t	1067	1	2700	imei 358091651044056	34	455	683.1466666666665
2775	2025-04-11	2025-04-11	t	1067	1	0.01	imei 358091651044056	39	455	-18.715
2776	2025-04-11	2025-04-11	t	1067	1	0.01	imei 358091651044056	38	455	-29.339999999999996
2777	2025-04-11	2025-04-11	t	1068	1	2700	imei 352941880185656	34	580	674.9133333333332
2778	2025-04-11	2025-04-11	t	1068	1	0.01	imei 352941880185656	39	580	-18.72364779874214
2779	2025-04-11	2025-04-11	t	1068	1	0.01	imei 352941880185656	38	580	-29.3777358490566
2780	2025-04-11	2025-04-11	t	1069	1	2700	imei 356199676178080	46	579	765.48
2781	2025-04-11	2025-04-11	t	1069	1	0.01	imei 356199676178080	39	579	-18.73240506329114
2782	2025-04-11	2025-04-11	t	1069	1	0.01	imei 356199676178080	38	579	-29.415949367088608
2783	2025-04-12	2025-04-12	t	1070	1	2700	imei 350183986859858	46	341	749.0133333333333
2784	2025-04-12	2025-04-12	t	1070	1	0.01	imei 350183986859858	39	341	-18.741273885350317
2785	2025-04-12	2025-04-12	t	1070	1	0.01	imei 350183986859858	38	341	-29.454649681528657
2786	2025-04-12	2025-04-12	t	1071	1	0.01	imei 358091659357716	39	470	-18.750256410256412
2787	2025-04-12	2025-04-12	t	1071	1	0.01	imei 358091659357716	38	470	-29.49384615384615
2788	2025-04-12	2025-04-12	t	1071	1	2700	imei 358091659357716	27	470	547.5945833333333
2789	2025-04-12	2025-04-12	t	1072	1	0.01	imei 353282626493487	39	78	-18.759354838709676
2790	2025-04-12	2025-04-12	t	1072	1	0.01	imei 353282626493487	38	78	-29.533548387096772
2791	2025-04-12	2025-04-12	t	1072	1	3900	imei 353282626493487	20	78	400
2792	2025-04-14	2025-04-14	t	1073	1	0.01		94	476	-344.99
2793	2025-04-14	2025-04-14	t	1073	1	350		94	476	5
2794	2025-04-14	2025-04-14	t	1074	1	0.01	imei 351415634580257	39	581	-18.768571428571427
2795	2025-04-14	2025-04-14	t	1074	1	0.01	imei 351415634580257	38	581	-29.57376623376623
2796	2025-04-14	2025-04-14	t	1074	1	2700	imei 351415634580257	32	581	519.5164835164835
2797	2025-04-14	2025-04-14	t	1075	1	0.01	imei 356010307748516	39	582	-18.777908496732024
2798	2025-04-14	2025-04-14	t	1075	1	0.01	imei 356010307748516	38	582	-29.614509803921564
2799	2025-04-14	2025-04-14	t	1075	1	2700	imei 356010307748516	34	582	665.8133333333333
2800	2025-04-14	2025-04-14	t	1076	1	0.01	imei 359577622305278	39	583	-18.787368421052633
2801	2025-04-14	2025-04-14	t	1076	1	0.01	imei 359577622305278	38	583	-29.65578947368421
2802	2025-04-14	2025-04-14	t	1076	1	3900	imei 359577622305278	69	583	840.9166666666666
2803	2025-04-14	2025-04-14	t	1077	1	0.01	imei 355701906343987	39	584	-18.796953642384103
2804	2025-04-14	2025-04-14	t	1077	1	0.01	imei 355701906343987	38	584	-29.697615894039735
2805	2025-04-14	2025-04-14	t	1077	1	2700	imei 355701906343987	32	584	505.0641025641027
2806	2025-04-16	2025-04-16	t	1078	1	0.01	Imei 	39	585	-18.806666666666665
2807	2025-04-16	2025-04-16	t	1078	1	0.01	Imei 	38	585	-29.739999999999995
2808	2025-04-16	2025-04-16	t	1078	1	5100	Imei 	60	585	1215.9166666666667
2809	2025-04-16	2025-04-16	t	1079	1	0.01	imei 351415638098652	39	586	-18.816510067114095
2810	2025-04-16	2025-04-16	t	1079	1	0.01	imei 351415638098652	38	586	-29.78295302013423
2811	2025-04-16	2025-04-16	t	1079	1	2700	imei 351415638098652	27	586	547.053252688172
2812	2025-04-16	2025-04-16	t	1080	1	0.01	Troca	39	65	-18.826486486486488
2813	2025-04-16	2025-04-16	t	1081	1	30		39	4	11.153401360544217
2814	2025-04-16	2025-04-16	t	1081	1	60		38	4	30.163513513513514
2815	2025-04-17	2025-04-17	t	1082	1	2250	imei 353039119379817	108	452	300
2816	2025-04-17	2025-04-17	t	1083	1	2700	imei 352991732993534	32	588	484.83076923076914
2817	2025-04-17	2025-04-17	t	1083	1	0.01	imei 352991732993534	39	588	-18.846849315068493
2818	2025-04-17	2025-04-17	t	1083	1	0.01	imei 352991732993534	38	588	-29.870612244897956
2819	2025-04-17	2025-04-17	t	1084	1	3900	imei 358805900761396	69	587	840.9166666666666
2820	2025-04-17	2025-04-17	t	1084	1	0.01	imei 358805900761396	39	587	-18.857241379310345
2821	2025-04-17	2025-04-17	t	1084	1	0.01	imei 358805900761396	38	587	-29.915342465753426
2822	2025-04-21	2025-04-21	t	1085	1	4850		66	4	965.9166666666666
2823	2025-04-21	2025-04-21	t	1086	1	3900		21	65	840.9166666666666
2826	2025-04-22	2025-04-22	f	1087	1	10		100	76	0
2827	2025-04-22	2025-04-22	f	1088	1	10		100	605	0
2828	2025-04-22	2025-04-22	t	1089	1	2700	imei 3581103444458216	34	605	655.7022222222222
2829	2025-04-22	2025-04-22	t	1089	1	0.01	imei 3581103444458216	39	605	-18.86777777777778
2830	2025-04-22	2025-04-22	t	1089	1	0.01	imei 3581103444458216	38	605	-29.96068965517241
2831	2025-04-22	2025-04-22	t	1090	1	0.01	imei 354455403044272	39	604	-18.878461538461536
2832	2025-04-22	2025-04-22	t	1090	1	0.01	imei 354455403044272	38	604	-30.006666666666668
2833	2025-04-22	2025-04-22	t	1090	1	2700	imei 354455403044272	78	604	530.2869444444443
2834	2025-04-22	2025-04-22	t	1091	1	3100	imei 357332361782747	103	603	819.2307692307693
2835	2025-04-22	2025-04-22	t	1092	1	0.01	imei 3570084346067716	39	602	-18.889295774647888
2836	2025-04-22	2025-04-22	t	1092	1	0.01	imei 3570084346067716	38	602	-30.05328671328671
2837	2025-04-22	2025-04-22	t	1092	1	2700	imei 3570084346067716	34	602	644.4015686274508
2838	2025-04-22	2025-04-22	t	1093	1	2700	imei 354455406514123	34	601	631.6883333333333
2839	2025-04-22	2025-04-22	t	1093	1	0.01	imei 354455406514123	39	601	-18.90028368794326
2840	2025-04-22	2025-04-22	t	1093	1	0.01	imei 354455406514123	38	601	-30.10056338028169
2841	2025-04-23	2025-04-23	t	1094	2	0.01	Troca em aparelhos	82	476	-123.36095238095238
2842	2025-04-23	2025-04-23	t	1095	1	1800		109	4	100
2843	2025-04-23	2025-04-23	t	1096	1	5000	imei 3560414008155137	60	41	1115.9166666666667
2844	2025-04-23	2025-04-23	t	1096	1	0.01	imei 3560414008155137	39	41	-18.911428571428573
2845	2025-04-23	2025-04-23	t	1096	1	0.01	imei 3560414008155137	38	41	-30.14851063829787
2846	2025-04-23	2025-04-23	t	1097	2	0.01	Manuteno de peas	81	476	-65.36888888888889
2847	2025-04-23	2025-04-23	t	1097	1	0.01	Manuteno de peas	82	476	-61.24
2848	2025-04-24	2025-04-24	f	1098	1	2700	imei 358091654328977	34	606	617.28
2849	2025-04-24	2025-04-24	f	1098	1	0.01	imei 358091654328977	39	606	-18.92273381294964
2850	2025-04-24	2025-04-24	f	1098	1	0.01	imei 358091654328977	38	606	-30.197142857142858
2851	2025-04-24	2025-04-24	t	1099	1	2700	imei 358091654328977	34	606	617.28
2852	2025-04-24	2025-04-24	t	1100	1	2700	imei 354739186231242	32	368	454.4807692307692
2853	2025-04-24	2025-04-24	t	1100	1	0.01	imei 354739186231242	39	368	-18.92273381294964
2854	2025-04-24	2025-04-24	t	1100	1	0.01	imei 354739186231242	38	368	-30.197142857142858
2855	2025-04-24	2025-04-24	t	1101	1	2700	imei 357573495466752	32	608	403.89743589743574
2856	2025-04-24	2025-04-24	t	1101	1	0.01	imei 357573495466752	39	608	-18.934202898550723
2857	2025-04-24	2025-04-24	t	1101	1	0.01	imei 357573495466752	38	608	-30.24647482014388
2858	2025-04-25	2025-04-25	t	1102	1	350		94	36	5
2859	2025-04-25	2025-04-25	t	1103	1	4850	imei 356200544826825	60	4	965.9166666666666
2861	2025-04-26	2025-04-26	t	1104	1	0.01		80	476	-28.79
2862	2025-04-26	2025-04-26	t	1104	1	0.01		90	476	-60.444545454545455
2863	2025-04-26	2025-04-26	t	1105	1	0.01	imei 358091655011283	39	318	-18.945839416058394
2864	2025-04-26	2025-04-26	t	1105	1	0.01	imei 358091655011283	38	318	-30.296521739130434
2865	2025-04-26	2025-04-26	t	1105	1	2700	imei 358091655011283	78	318	529.512196969697
2866	2025-04-28	2025-04-28	t	1106	1	2600	imei 354066788385139	78	222	428.7014147286821
2867	2025-04-28	2025-04-28	t	1106	1	0.01	imei 354066788385139	39	222	-18.95764705882353
2868	2025-04-28	2025-04-28	t	1106	1	0.01	imei 354066788385139	38	222	-30.347299270072988
2869	2025-04-30	2025-04-30	t	1107	1	0.01	imei 351224670840025	39	609	-18.96962962962963
2870	2025-04-30	2025-04-30	t	1107	1	0.01	imei 351224670840025	38	609	-30.398823529411764
2871	2025-04-30	2025-04-30	t	1107	1	2600	imei 351224670840025	27	609	446.47583333333324
2872	2025-04-30	2025-04-30	t	1108	1	0.01	imei 352991738082340	39	610	-18.98179104477612
2873	2025-04-30	2025-04-30	t	1108	1	0.01	imei 352991738082340	38	610	-30.45111111111111
2874	2025-04-30	2025-04-30	t	1108	1	2600	imei 352991738082340	78	610	427.8520238095237
2876	2025-04-30	2025-04-30	t	1110	1	2600	imei 352991735738068	46	223	624.3133333333333
2877	2025-04-30	2025-04-30	t	1110	1	0.01	imei 352991735738068	39	223	-18.994135338345863
2878	2025-04-30	2025-04-30	t	1110	1	0.01	imei 352991735738068	38	223	-30.504179104477608
2879	2025-04-30	2025-04-30	t	1111	1	0.01	imei 354068583025001	39	83	-19.006666666666668
2880	2025-04-30	2025-04-30	t	1111	1	0.01	imei 354068583025001	38	83	-30.558045112781954
2881	2025-04-30	2025-04-30	t	1111	1	6000	imei 354068583025001	111	83	1074
2883	2025-04-30	2025-05-01	f	1112	1	30		100	65	30
2875	2025-04-30	2025-04-30	f	1109	1	5800	354058246360499	113	4	874
2884	2025-05-02	2025-05-02	t	1113	1	5900	imei 356371482176075	111	611	974
2885	2025-05-02	2025-05-02	t	1114	1	4850	imei 357397706966016	65	233	965.9166666666666
2886	2025-05-02	2025-05-02	t	1115	1	50		39	65	30.970610687022898
2887	2025-05-02	2025-05-02	t	1115	1	100		38	65	69.37727272727273
2888	2025-05-04	2025-05-04	t	1116	1	2500	imei 354066784099478	47	83	406.2307692307692
2889	2025-05-04	2025-05-04	t	1116	1	0.01	imei 354066784099478	39	83	-19.03230769230769
2890	2025-05-04	2025-05-04	t	1116	1	0.01	imei 354066784099478	38	83	-30.66824427480916
2891	2025-05-04	2025-05-04	t	1117	1	2500	imei 357068943605093	34	65	400.81333333333333
2892	2025-05-04	2025-05-04	t	1117	1	0.01	imei 357068943605093	39	65	-19.045426356589147
2893	2025-05-04	2025-05-04	t	1117	1	0.01	imei 357068943605093	38	65	-30.724615384615383
2894	2025-05-04	2025-05-04	t	1118	1	2350	358469525513144	46	4	333.1466666666666
2895	2025-05-05	2025-05-05	t	1119	2	0.01		82	476	-122.28769230769231
2896	2025-05-05	2025-05-05	t	1119	1	0.01		90	476	-59.99
2897	2025-05-05	2025-05-05	t	1120	1	0.01	imei 351475532045787	39	557	-19.05875
2898	2025-05-05	2025-05-05	t	1120	1	0.01	imei 351475532045787	38	557	-30.781860465116274
2899	2025-05-05	2025-05-05	t	1120	1	2500	imei 351475532045787	27	557	345.8585919540231
2900	2025-05-05	2025-05-05	t	1121	1	35		39	65	15.91771653543307
2901	2025-05-05	2025-05-05	t	1121	1	100		38	65	69.15
2902	2025-05-06	2025-05-06	t	1122	1	2350	IMEI 359346678415906 358469529832433	34	4	231.81333333333333
2903	2025-05-06	2025-05-06	t	1122	1	2350	IMEI 359346678415906 358469529832433	78	4	176.9611991869918
2904	2025-05-06	2025-05-06	t	1123	1	2500	imei 350980290628188	32	71	102.73076923076923
2905	2025-05-06	2025-05-06	t	1123	1	0.01	imei 350980290628188	39	71	-19.086031746031743
2906	2025-05-06	2025-05-06	t	1123	1	0.01	imei 350980290628188	38	71	-30.899055118110233
2907	2025-05-06	2025-05-06	t	1124	1	2500	imei 350980290628188	78	612	326.0258333333334
2908	2025-05-06	2025-05-06	t	1124	1	0.01	imei 350980290628188	39	612	-19.1
2909	2025-05-06	2025-05-06	t	1124	1	0.01	imei 350980290628188	38	612	-30.959047619047617
2910	2025-05-06	2025-05-06	t	1125	1	40		39	65	20.875806451612902
2911	2025-05-06	2025-05-06	t	1125	1	100		38	65	68.97
2912	2025-05-07	2025-05-07	t	1126	1	2500	imei 354551501473130	27	613	667.8214285714287
2913	2025-05-08	2025-05-08	t	1127	1	0.01		94	476	-344.99
2914	2025-05-09	2025-05-09	t	1128	1	2500	imei  35216423569769	78	614	394.4800000000001
2915	2025-05-09	2025-05-09	t	1128	1	0.01	imei  35216423569769	39	614	-19.128617886178862
2916	2025-05-09	2025-05-09	t	1128	1	0.01	imei  35216423569769	38	614	-31.081935483870964
3063	2025-05-31	2025-05-31	t	1190	1	0.01		82	476	-60.444545454545455
2917	2025-05-09	2025-05-09	t	1129	1	2500	imei 356122176056291	34	319	359.6466666666666
2918	2025-05-09	2025-05-09	t	1129	1	0.01	imei 356122176056291	39	319	-19.14327868852459
2919	2025-05-09	2025-05-09	t	1129	1	0.01	imei 356122176056291	38	319	-31.144878048780484
2920	2025-05-09	2025-05-09	t	1130	1	0.01	imei 3584696521047279	39	616	-19.158181818181816
2921	2025-05-09	2025-05-09	t	1130	1	0.01	imei 3584696521047279	38	616	-31.20885245901639
2922	2025-05-09	2025-05-09	t	1130	1	2500	imei 3584696521047279	32	616	-200
2923	2025-05-09	2025-05-09	t	1131	1	1	imei 350776593639124	39	617	-18.183333333333334
2924	2025-05-09	2025-05-09	t	1131	1	1	imei 350776593639124	38	617	-30.283884297520657
2925	2025-05-09	2025-05-09	t	1131	1	2450	imei 350776593639124	47	617	356.2307692307692
2926	2025-05-09	2025-05-09	t	1132	1	5850	imei 351359678390753	64	618	1965.9166666666667
2927	2025-05-09	2025-05-09	t	1133	1	2450	imei 353341833152953	78	619	337.81333333333333
2928	2025-05-09	2025-05-09	t	1133	1	0.01	imei 353341833152953	39	619	-19.18873949579832
2929	2025-05-09	2025-05-09	t	1133	1	0.01	imei 353341833152953	38	619	-31.339999999999996
2931	2025-05-09	2025-05-09	t	1134	1	0.01		82	476	-60.935945945945946
2932	2025-05-09	2025-05-09	t	1134	1	0.01		90	476	-59.99
2933	2025-05-10	2025-05-10	t	1135	1	0.01	imei 355701903129280	39	49	-19.204406779661017
2934	2025-05-10	2025-05-10	t	1135	1	0.01	imei 355701903129280	38	49	-31.4072268907563
2935	2025-05-10	2025-05-10	t	1135	1	2500	imei 355701903129280	27	49	428.2577777777777
2936	2025-05-10	2025-05-10	t	1136	1	2450	imei 3580916521187599	47	621	356.2307692307692
2937	2025-05-10	2025-05-10	t	1136	1	0.01	imei 3580916521187599	39	621	-19.22034188034188
2938	2025-05-10	2025-05-10	t	1136	1	0.01	imei 3580916521187599	38	621	-31.47559322033898
2940	2025-05-10	2025-05-10	t	1137	1	2450	imei 352180443437813	27	620	360.69333333333344
2941	2025-05-10	2025-05-10	t	1137	1	0.01	imei 352180443437813	39	620	-19.236551724137932
2942	2025-05-10	2025-05-10	t	1137	1	0.01	imei 352180443437813	38	620	-31.5451282051282
2944	2025-05-10	2025-05-10	f	1138	1	10		100	633	0
2945	2025-05-13	2025-05-13	t	1139	1	2450	imei 351415638098652	27	634	360.69333333333344
2946	2025-05-13	2025-05-13	t	1139	1	0.01	imei 351415638098652	39	634	-19.25304347826087
2947	2025-05-13	2025-05-13	t	1139	1	0.01	imei 351415638098652	38	634	-31.615862068965512
2948	2025-05-13	2025-05-13	t	1140	1	2450	imei 355701906117050	27	635	350.81333333333333
2949	2025-05-13	2025-05-13	t	1140	1	0.01	imei 355701906117050	39	635	-19.26982456140351
2950	2025-05-13	2025-05-13	t	1140	1	0.01	imei 355701906117050	38	635	-31.68782608695652
2951	2025-05-13	2025-05-13	t	1141	1	40		39	65	20.70309734513274
2952	2025-05-13	2025-05-13	t	1141	1	120		38	65	88.22894736842106
2953	2025-05-14	2025-05-14	t	1142	1	2600	imei 353763864681255	34	636	433.4496969696971
2954	2025-05-14	2025-05-14	t	1143	1	2550		27	187	440.0742028985508
2955	2025-05-14	2025-05-14	t	1144	1	2450	imei 358469520982526	34	637	252.01333333333338
2956	2025-05-14	2025-05-14	t	1145	1	2550	imei 359175928396750	78	638	430.78630630630624
2957	2025-05-14	2025-05-14	t	1145	1	0.01	imei 359175928396750	39	638	-19.30428571428571
2958	2025-05-14	2025-05-14	t	1145	1	0.01	imei 359175928396750	38	638	-31.835575221238933
2959	2025-05-14	2025-05-14	t	1146	1	2600	imei 355701906177096	34	330	363.59111111111116
2960	2025-05-14	2025-05-14	t	1147	1	2350	imei 354066789995076	34	4	65.56333333333333
2961	2025-05-15	2025-05-15	t	1148	16	0.01	Manutencao de aparelhos	81	476	-511.84
2962	2025-05-16	2025-05-16	t	1149	1	1700	imei 356577109162740	40	639	700
2963	2025-05-16	2025-05-16	t	1149	1	0.01	imei 356577109162740	39	639	-19.32198198198198
2964	2025-05-16	2025-05-16	t	1149	1	0.01	imei 356577109162740	38	639	-31.911428571428573
2965	2025-05-16	2025-05-16	t	1150	1	2550	imei 354455402115917	78	199	423.368888888889
2966	2025-05-16	2025-05-16	t	1150	1	0.01	imei 354455402115917	39	199	-19.34
2967	2025-05-16	2025-05-16	t	1150	1	0.01	imei 354455402115917	38	199	-31.98864864864865
2968	2025-05-16	2025-05-16	t	1151	1	2550	imei 358265585412312	27	295	428.35878787878784
2969	2025-05-16	2025-05-16	t	1151	1	0.01	imei 358265585412312	39	295	-19.35834862385321
2970	2025-05-16	2025-05-16	t	1151	1	0.01	imei 358265585412312	38	295	-32.06727272727272
2971	2025-05-16	2025-05-16	t	1152	1	0.01	imei 357183968982630	39	203	-19.377037037037034
2972	2025-05-16	2025-05-16	t	1152	1	0.01	imei 357183968982630	38	203	-32.147339449541285
2973	2025-05-16	2025-05-16	t	1152	1	4200	imei 357183968982630	86	203	300
2974	2025-05-19	2025-05-19	t	1153	3	0.01		81	476	-95.97
2975	2025-05-20	2025-05-20	t	1154	1	2700	imei 352824489575248 352824489575248	102	4	419.2307692307692
2976	2025-05-20	2025-05-20	t	1154	1	2700	imei 352824489575248 352824489575248	103	4	419.2307692307692
2977	2025-05-20	2025-05-20	t	1155	1	3350	imei 358750482808720	76	577	350
2978	2025-05-20	2025-05-20	t	1155	1	0.01	imei 358750482808720	39	577	-18.12740157480315
2979	2025-05-20	2025-05-20	t	1155	1	0.01	imei 358750482808720	38	577	-30.214999999999996
2980	2025-05-20	2025-05-20	t	1156	1	2600	imei 352408232577592	34	640	506.2307692307692
2981	2025-05-20	2025-05-20	t	1156	1	0.01	imei 352408232577592	39	640	-18.133650793650794
2982	2025-05-20	2025-05-20	t	1156	1	0.01	imei 352408232577592	38	640	-30.269133858267715
2983	2025-05-20	2025-05-20	t	1157	1	2600	imei 355402939769807	34	641	506.2307692307692
2984	2025-05-20	2025-05-20	t	1157	1	0.01	imei 355402939769807	39	641	-18.14
2985	2025-05-20	2025-05-20	t	1157	1	0.01	imei 355402939769807	38	641	-30.324126984126984
2986	2025-05-20	2025-05-20	t	1158	1	2600	imei 350555049020224	34	642	506.2307692307692
2987	2025-05-20	2025-05-20	t	1158	1	0.01	imei 350555049020224	39	642	-18.146451612903228
2988	2025-05-20	2025-05-20	t	1158	1	0.01	imei 350555049020224	38	642	-30.379999999999995
2989	2025-05-20	2025-05-20	t	1159	1	3000	imei 357500966379792	104	643	719.2307692307693
2990	2025-05-20	2025-05-20	t	1159	1	0.01	imei 357500966379792	39	643	-18.1530081300813
2991	2025-05-20	2025-05-20	t	1159	1	0.01	imei 357500966379792	38	643	-30.436774193548388
2993	2025-05-20	2025-05-20	t	1160	3	0.01		81	476	-95.97
2994	2025-05-21	2025-05-21	t	1161	1	2550	imei 353257394835671	27	286	415.5276190476191
2995	2025-05-21	2025-05-21	t	1161	1	0.01	imei 353257394835671	39	286	-18.15967213114754
2996	2025-05-21	2025-05-21	t	1161	1	0.01	imei 353257394835671	38	286	-30.494471544715445
2997	2025-05-21	2025-05-21	t	1162	1	0.01	imei 350294952944390	39	644	-18.166446280991735
2998	2025-05-21	2025-05-21	t	1162	1	0.01	imei 350294952944390	38	644	-30.55311475409836
2999	2025-05-21	2025-05-21	t	1162	1	3000	imei 350294952944390	102	644	719.2307692307693
3000	2025-05-21	2025-05-21	t	1163	1	2600	imei 353341831220703	78	645	465.5276190476191
3001	2025-05-21	2025-05-21	t	1163	1	0.01	imei 353341831220703	39	645	-12.823333333333334
3002	2025-05-21	2025-05-21	t	1163	1	0.01	imei 353341831220703	38	645	-30.61272727272727
3003	2025-05-21	2025-05-21	t	1164	1	5700	imei 356371489435151	111	4	774
3004	2025-05-23	2025-05-23	t	1165	1	2350	imei 356815603000077 vendido como branco	78	4	207.22509803921577
3005	2025-05-23	2025-05-23	t	1166	1	2600	imei 351486311021022	78	646	448.41939393939384
3006	2025-05-23	2025-05-23	t	1166	1	0.01	imei 351486311021022	39	646	-12.811848739495797
3007	2025-05-23	2025-05-23	t	1166	1	0.01	imei 351486311021022	38	646	-25.32333333333333
3008	2025-05-23	2025-05-23	t	1167	1	0.01		90	476	-59.99
3009	2025-05-23	2025-05-23	t	1167	2	0.01		82	476	-121.64666666666668
3010	2025-05-23	2025-05-23	t	1168	1	2350	imei 351486310303629 355701902375041 357479182674981 352408234195716	78	217	189.06333333333333
3011	2025-05-23	2025-05-23	t	1168	1	2350	imei 351486310303629 355701902375041 357479182674981 352408234195716	27	217	201.41333333333324
3012	2025-05-23	2025-05-23	t	1168	1	2350	imei 351486310303629 355701902375041 357479182674981 352408234195716	78	217	179.10365591397846
3013	2025-05-23	2025-05-23	t	1168	1	2350	imei 351486310303629 355701902375041 357479182674981 352408234195716	34	217	256.2307692307692
3014	2025-05-23	2025-05-23	t	1169	1	0.01	imei 355939499220143	39	449	-12.800169491525423
3015	2025-05-23	2025-05-23	t	1169	1	0.01	imei 355939499220143	38	449	-25.304285714285715
3016	2025-05-23	2025-05-23	t	1169	1	3000	imei 355939499220143	103	449	719.2307692307693
3017	2025-05-23	2025-05-23	t	1170	1	0.01	imei 351055806483573	39	647	-12.788290598290597
3018	2025-05-23	2025-05-23	t	1170	1	0.01	imei 351055806483573	38	647	-25.284915254237287
3019	2025-05-23	2025-05-23	t	1170	1	2550	imei 351055806483573	27	647	385.81333333333333
3020	2025-05-23	2025-05-23	t	1171	1	0.01	imei 357084341445651	39	473	-12.776206896551722
3021	2025-05-23	2025-05-23	t	1171	1	0.01	imei 357084341445651	38	473	-25.265213675213676
3022	2025-05-23	2025-05-23	t	1171	1	2350	imei 357084341445651	78	473	168.48000000000008
3023	2025-05-23	2025-05-23	t	1172	1	0.01	imei 352615451753841	39	648	-12.763913043478261
3024	2025-05-23	2025-05-23	t	1172	1	0.01	imei 352615451753841	38	648	-25.245172413793107
3025	2025-05-23	2025-05-23	t	1172	1	2550	imei 352615451753841	34	648	456.2307692307692
3026	2025-05-26	2025-05-26	t	1173	1	2550	imei 356815609008413	27	601	368.4800000000001
3027	2025-05-26	2025-05-26	t	1173	1	0.01	imei 356815609008413	39	601	-12.75140350877193
3028	2025-05-26	2025-05-26	t	1173	1	0.01	imei 356815609008413	38	601	-25.22478260869565
3029	2025-05-26	2025-05-26	t	1174	1	3000	imei 350108845661427	102	646	719.2307692307693
3030	2025-05-26	2025-05-26	t	1175	1	2600	imei 353763865689414	78	180	407.1236781609196
3031	2025-05-26	2025-05-26	t	1175	1	0.01	imei 353763865689414	39	180	-12.738672566371681
3032	2025-05-26	2025-05-26	t	1175	1	0.01	imei 353763865689414	38	180	-25.204035087719298
3033	2025-05-22	2025-05-27	t	1176	1	5750		114	4	824
3034	2025-05-28	2025-05-28	t	1177	1	0.01	imei 35351486310693144	39	649	-12.725714285714284
3035	2025-05-28	2025-05-28	t	1177	1	0.01	imei 35351486310693144	38	649	-25.1829203539823
3036	2025-05-28	2025-05-28	t	1177	1	2600	imei 35351486310693144	78	649	394.95619047619044
3037	2025-05-29	2025-05-29	t	1178	1	2600	imei 359888179956458	34	650	506.2307692307692
3038	2025-05-29	2025-05-29	t	1179	1	5850		111	199	924
3039	2025-05-29	2025-05-29	t	1180	1	4800	imei 358540302874204	60	4	915.9166666666666
3040	2025-05-31	2025-05-31	t	1181	1	2550	imei 356122170010872	47	651	456.2307692307692
3041	2025-05-31	2025-05-31	t	1182	1	2600	imei 35747918267498	78	652	381.88740740740747
3042	2025-05-31	2025-05-31	t	1182	1	0.01	imei 35747918267498	39	652	-12.712522522522523
3043	2025-05-31	2025-05-31	t	1182	1	0.01	imei 35747918267498	38	652	-25.161428571428573
3044	2025-05-31	2025-05-31	t	1183	1	2550	imei 356122178819530	27	295	349.1074509803921
3045	2025-05-31	2025-05-31	t	1183	1	0.01	imei 356122178819530	39	295	-12.69909090909091
3046	2025-05-31	2025-05-31	t	1183	1	0.01	imei 356122178819530	38	295	-25.139549549549546
3047	2025-05-31	2025-05-31	t	1184	1	1700	imei 354002100934346	29	653	600
3048	2025-05-31	2025-05-31	t	1184	1	0.01	imei 354002100934346	39	653	-12.685412844036698
3049	2025-05-31	2025-05-31	t	1184	1	0.01	imei 354002100934346	38	653	-25.117272727272727
3050	2025-05-31	2025-05-31	t	1185	1	3900	imei 359811266243911	21	65	1083
3051	2025-05-31	2025-05-31	t	1185	1	0.01	imei 359811266243911	39	65	-12.67148148148148
3052	2025-05-31	2025-05-31	t	1185	1	0.01	imei 359811266243911	38	65	-25.094587155963303
3053	2025-05-31	2025-05-31	t	1186	1	2550	imei 358265581422273	78	654	317.81333333333333
3054	2025-05-31	2025-05-31	t	1186	1	0.01	imei 358265581422273	39	654	-12.657289719626167
3055	2025-05-31	2025-05-31	t	1186	1	0.01	imei 358265581422273	38	654	-25.07148148148148
3056	2025-05-31	2025-05-31	t	1187	1	2600	imei 352164232271369	78	394	352.6133333333333
3057	2025-05-31	2025-05-31	t	1188	9	0.01		81	476	-287.90999999999997
3058	2025-05-31	2025-05-31	t	1189	94	12		39	476	-61.36603773584915
3059	2025-05-31	2025-05-31	t	1189	15	10		107	476	-79.50000000000001
3060	2025-05-31	2025-05-31	t	1189	95	20		38	476	-480.50467289719654
3066	2025-06-03	2025-06-03	t	1193	1	1550	imei 356800118780363	24	657	650
3067	2025-06-03	2025-06-03	t	1193	1	0.01	imei 356800118780363	39	657	-5.99
3068	2025-06-03	2025-06-03	t	1193	1	0.01	imei 356800118780363	38	657	-13.99
3069	2025-06-03	2025-06-03	t	1194	1	2450	imei 357084340166555	78	480	186.1466666666666
3070	2025-06-03	2025-06-03	t	1195	1	5000	imei 357773244072337	66	382	1115.9166666666667
3071	2025-06-03	2025-06-03	t	1195	1	0.01	imei 357773244072337	39	382	-5.99
3072	2025-06-03	2025-06-03	t	1195	1	0.01	imei 357773244072337	38	382	-13.99
3073	2025-06-03	2025-06-03	t	1196	1	50		39	255	44
3074	2025-06-03	2025-06-03	t	1196	1	100		38	255	86
3075	2025-06-03	2025-06-03	t	1197	5	0.01		81	476	-159.95
3076	2025-06-03	2025-06-03	t	1197	1	0.01		80	476	-29.9764406779661
3077	2025-06-03	2025-06-03	t	1198	3	0.01		80	476	-89.99068965517242
3078	2025-06-03	2025-06-03	t	1199	1	2300	351224674400370	27	4	77.31333333333333
3079	2025-06-03	2025-06-03	f	1200	1	2500		27	633	252.6133333333333
3080	2025-06-04	2025-06-04	t	1201	1	1850	imei 354022143192926	28	658	700
3081	2025-06-04	2025-06-04	t	1201	1	0.01	imei 354022143192926	39	658	-5.99
3082	2025-06-04	2025-06-04	t	1201	1	0.01	imei 354022143192926	38	658	-13.99
3083	2025-06-04	2025-06-04	t	1202	1	2300	imei 356199676303779	27	4	52.61333333333329
3084	2025-06-06	2025-06-06	t	1203	1	2450	imei 355701904449109	78	659	168.24811594202907
3085	2025-06-06	2025-06-06	t	1204	1	20	imei 357332362616332	39	287	14
3086	2025-06-06	2025-06-06	t	1204	1	80	imei 357332362616332	38	287	66
3087	2025-06-06	2025-06-06	t	1204	1	2550	imei 357332362616332	78	287	248.72242424242432
3088	2025-06-06	2025-06-06	t	1205	1	1250	imei 353073594103566	16	73	400
3089	2025-06-06	2025-06-06	t	1206	1	3400	imei 359349734292301	79	260	981
3090	2025-06-06	2025-06-06	t	1206	1	0.01	imei 359349734292301	39	260	-5.99
3091	2025-06-06	2025-06-06	t	1206	1	0.01	imei 359349734292301	38	260	-13.99
3092	2025-06-06	2025-06-06	t	1207	1	0.01		80	476	-30.062727272727273
3093	2025-06-06	2025-06-06	t	1207	1	0.01		81	476	-31.99
3094	2025-06-06	2025-06-06	t	1207	2	0.01		82	476	-120.88909090909091
3095	2025-06-06	2025-06-06	t	1208	1	2450	imei 358265580830575	27	660	174.384761904762
3096	2025-06-07	2025-06-07	t	1209	1	1550	imei 352896110397556	22	661	450
3098	2025-06-07	2025-06-07	t	1211	1	2450	imei 353341830516812	78	663	127.33714285714296
3099	2025-06-07	2025-06-07	t	1211	1	80	imei 353341830516812	39	663	74
3100	2025-06-07	2025-06-07	t	1211	1	20	imei 353341830516812	38	663	6
3101	2025-06-07	2025-06-07	t	1212	1	2450	imei 353341833763098	78	134	356.2307692307692
3102	2025-06-07	2025-06-07	t	1212	1	80	imei 353341833763098	39	134	74
3103	2025-06-07	2025-06-07	t	1212	1	20	imei 353341833763098	38	134	6
3104	2025-06-07	2025-06-07	t	1213	1	3900	imei 354106772809809	62	664	1083
3105	2025-06-07	2025-06-07	t	1213	1	0.01	imei 354106772809809	39	664	-5.99
3106	2025-06-07	2025-06-07	t	1213	1	0.01	imei 354106772809809	38	664	-13.99
3107	2025-06-07	2025-06-07	t	1214	1	3900	imei 350923383530887	119	555	838
3108	2025-06-07	2025-06-07	t	1215	1	0.01		82	476	-60.15129032258065
3097	2025-06-07	2025-06-07	f	1210	1	3900	imei 350419534018021	19	662	1083
3109	2025-06-07	2025-06-07	t	1216	1	3900	imei 350419534018021	19	662	1083
3110	2025-06-08	2025-06-08	t	1217	1	2450	imei 358891500748280	78	665	356.2307692307692
3111	2025-06-08	2025-06-08	t	1218	1	3000	imei 351224676186290	104	666	719.2307692307693
3112	2025-06-08	2025-06-08	t	1219	1	2450	imei 351486314741212	78	667	356.2307692307692
3113	2025-06-06	2025-06-08	f	1220	1	5000	imei 355241305228737	60	668	1115.9166666666667
3114	2025-06-08	2025-06-08	t	1221	1	5000	imei 355241305228737	60	668	1115.9166666666667
3115	2025-06-08	2025-06-08	t	1222	4	0.01		82	476	-239.96
3116	2025-06-08	2025-06-08	t	1222	1	0.01		81	476	-31.99
3117	2025-06-10	2025-06-10	t	1223	1	2450	imei 357774336883581	78	669	356.2307692307692
3118	2025-06-10	2025-06-10	t	1224	1	3900	imei 354627904027333	119	574	835.5
3119	2025-06-10	2025-06-10	t	1225	1	2450	imei 350980294695654	46	670	350.81333333333333
3120	2025-06-10	2025-06-10	t	1226	1	2450	imei 353341834953920	78	671	356.2307692307692
3121	2025-06-10	2025-06-10	t	1227	3	0.01		90	476	-179.97
3122	2025-06-10	2025-06-10	t	1227	5	0.01		81	476	-159.95
3123	2025-06-10	2025-06-10	t	1228	3	0.01		39	65	-17.97
3124	2025-06-10	2025-06-10	t	1228	1	0.01		38	65	-13.99
3125	2025-06-11	2025-06-11	t	1229	1	2350	imei 352991730134776 355822261862260	78	672	256.2307692307692
3126	2025-06-11	2025-06-11	t	1229	1	3500	imei 352991730134776 355822261862260	60	672	-384.08333333333337
3127	2025-06-11	2025-06-11	t	1230	1	3900	imei 356011263857929	119	673	835.5
3128	2025-06-11	2025-06-11	t	1231	1	1900	imei 356873110037199	118	674	400
3129	2025-06-11	2025-06-11	t	1231	1	0.01	imei 356873110037199	38	674	-13.99
3130	2025-06-11	2025-06-11	t	1232	1	2450	imei 356815609728143	27	675	127.88476190476177
3131	2025-06-11	2025-06-11	t	1233	1	2400	imei 350980294820807	78	676	306.2307692307692
3132	2025-06-11	2025-06-11	t	1234	1	2450	imei 354455406043115	78	677	356.2307692307692
3133	2025-06-11	2025-06-11	t	1235	1	4800	imei 357938436124937	60	477	915.9166666666666
3134	2025-06-11	2025-06-11	t	1236	1	5700	imei 	115	4	774
3135	2025-06-14	2025-06-14	t	1237	1	2500	imei 352824488225175	27	432	394.15384615384636
3136	2025-06-14	2025-06-14	t	1238	1	3400	imei 3522037772558015	76	678	978.5
3137	2025-06-16	2025-06-16	t	1239	1	2450	imei 356122177988336	78	215	356.2307692307692
3138	2025-06-16	2025-06-16	t	1240	1	3400	imei 351228766846630	76	679	978.5
3139	2025-06-17	2025-06-17	t	1241	1	1800	imei 351890927095595	29	66	557
3140	2025-06-17	2025-06-17	t	1242	1	2450	imei 350183981849474	78	601	356.2307692307692
3141	2025-06-17	2025-06-17	t	1243	1	2450	imei 358691736999768	27	680	343.14743589743574
3142	2025-06-17	2025-06-17	t	1244	1	2450	imei 355939498216134	78	681	356.2307692307692
3143	2025-06-19	2025-06-19	t	1245	1	1749	imei 356561100374256	29	645	506
3144	2025-06-19	2025-06-19	t	1246	1	1750	imei 356548106712852	28	682	499.1500000000001
3145	2025-06-19	2025-06-19	t	1247	1	3900	imei 356011269307861	119	616	835.5
3146	2025-06-19	2025-06-19	t	1248	1	2450	imei 358469524722753	78	683	356.2307692307692
3147	2025-06-19	2025-06-19	t	1249	1	2450	imei 353341837920561	27	684	341.95804195804175
3148	2025-06-19	2025-06-19	t	1250	4	0.01		81	476	-127.96
3149	2025-06-19	2025-06-19	t	1250	3	0.01		90	476	-179.97
3150	2025-06-19	2025-06-19	t	1250	3	0.01		82	476	-179.97
3151	2025-06-19	2025-06-19	t	1250	3	0.01		80	476	-84.99777777777777
3152	2025-06-21	2025-06-21	t	1251	1	1750	imei 352893116327802	53	545	507
3153	2025-06-21	2025-06-21	t	1252	1	1700	imei 356548106712852 3504019803304	28	685	457
3154	2025-06-21	2025-06-21	t	1252	1	1700	imei 356548106712852 3504019803304	29	685	457
3155	2025-06-21	2025-06-21	t	1253	1	3000	imei 352408237489520	104	686	719.2307692307693
3156	2025-06-21	2025-06-21	t	1254	1	4800	imei 357183961106641	60	560	915.9166666666666
3157	2025-06-21	2025-06-21	t	1255	1	2300	imei 353341831789681	78	4	206.23076923076923
3158	2025-06-23	2025-06-23	t	1256	1	1630	imei 356551100731043	28	4	387
3159	2025-06-23	2025-06-23	t	1257	2	0.01		82	476	-119.98
3160	2025-06-23	2025-06-23	t	1258	1	0.01	foi com o 15 pro do amrico	38	65	-17.79952380952381
3161	2025-06-23	2025-06-23	t	1259	1	2450	imei 352164232636819 13 128Gb rosa	104	687	169.23076923076923
3162	2025-06-23	2025-06-23	t	1260	1	2450	imei 358265589258562	27	106	340.5307692307694
3163	2025-06-23	2025-06-23	t	1261	1	2450	imei 351264788259072	78	688	356.2307692307692
3164	2025-06-23	2025-06-23	t	1262	2	0.01		80	476	-56.35254901960784
3165	2025-06-23	2025-06-23	t	1262	1	0.01		81	476	-31.99
3166	2025-06-23	2025-06-23	t	1263	1	1630	imei 353974108657890	28	4	387
3167	2025-06-24	2025-06-24	t	1264	1	0.01		82	476	-59.99
3168	2025-06-24	2025-06-24	t	1264	1	0.01		90	476	-59.99
3169	2025-06-24	2025-06-24	t	1264	3	0.01		81	476	-95.97
3170	2025-06-24	2025-06-24	t	1264	2	0.01		80	476	-56.20448979591836
3171	2025-06-24	2025-06-24	t	1265	1	2450	imei 352991736415864	27	351	338.7863247863249
3172	2025-06-24	2025-06-24	t	1265	1	80	imei 352991736415864	38	351	62
3173	2025-06-26	2025-06-26	f	1266	1	5800	imei 354058246360499	113	689	874
3176	2025-06-26	2025-06-26	t	1268	1	2450	imei 351055801598623	27	690	336.6057692307692
3177	2025-06-26	2025-06-26	t	1269	1	1630	imei 353975100976873	28	4	387
3178	2025-06-26	2025-06-26	t	1270	1	0.01		81	476	-31.964358974358973
3179	2025-06-26	2025-06-26	t	1270	3	0.01		80	476	-84.19340425531914
3174	2025-06-26	2025-06-26	f	1267	1	5800	imei 354058246360499	113	689	874
3175	2025-06-26	2025-06-26	f	1267	1	0.01	imei 354058246360499	38	689	-17.99
3180	2025-06-26	2025-06-26	t	1271	3	35		80	36	20.96590909090909
3181	2025-06-26	2025-06-26	t	1272	13	0.01		80	476	-363.0773170731707
3182	2025-06-27	2025-06-27	t	1273	1	2450	imei 351486312137868	78	691	356.2307692307692
3183	2025-06-27	2025-06-27	t	1274	1	2450	imei 353341838425453	78	83	356.2307692307692
3184	2025-06-28	2025-06-28	t	1275	1	1700	imei 356554108605102	28	692	457
3185	2025-06-28	2025-06-28	t	1276	1	1630	imei 352911112599792	52	4	387
3186	2025-06-28	2025-06-28	t	1277	3	0.01		82	476	-179.97
3187	2025-06-28	2025-06-28	t	1277	2	0.01		81	476	-63.87473684210526
3188	2025-06-30	2025-06-30	t	1278	1	1700	imei 353986107700935	29	693	457
3189	2025-06-30	2025-06-30	t	1279	1	2450	imei 351224670491647	78	694	356.2307692307692
3190	2025-06-30	2025-06-30	t	1280	1	1700	imei 3524846823570117	29	695	457
3191	2025-06-30	2025-06-30	t	1281	1	2450	imei 351138104709202	27	246	333.80219780219767
3192	2025-06-30	2025-06-30	t	1282	1	1550	imei 353978109403287	40	696	425
3193	2025-07-01	2025-07-01	t	1283	1	32		80	47	1
3194	2025-07-01	2025-07-01	t	1284	2	0.01		81	476	-63.757777777777775
3195	2025-07-01	2025-07-01	t	1284	1	0.01		82	476	-59.99
3196	2025-07-01	2025-07-01	t	1285	1	1700	imei 356551103065001	29	697	457
3197	2025-07-02	2025-07-02	t	1286	1	2450	imei 355701905312728	78	698	356.2307692307692
3198	2025-07-02	2025-07-02	t	1287	1	1000	imei 353974105950314	29	699	-243
3199	2025-07-02	2025-07-02	t	1288	1	5700	imei 354570353533965	113	58	774
3200	2025-07-03	2025-07-03	t	1289	1	1300	mensagem de bateria e de tela\r\nimei 353977103667830	53	700	57
3201	2025-07-03	2025-07-03	t	1290	1	3700	imei 356321254647464	95	701	768.608
3202	2025-07-03	2025-07-03	t	1291	1	2000	imei 352824489222254	27	702	-119.93589743589729
3203	2025-07-05	2025-07-05	t	1292	1	2450	imei 354739181284469	27	477	324.83076923076914
3204	2025-07-05	2025-07-05	t	1293	1	1700	imei 353973104731006	53	298	457
3205	2025-07-05	2025-07-05	t	1294	1	4800	imei 353360945908714	60	350	915.9166666666666
3206	2025-07-05	2025-07-05	t	1295	1	3700	imei 3538871932633119	96	703	768.608
3207	2025-07-05	2025-07-05	t	1296	1	2450	imei 357332368702458	78	704	356.2307692307692
3208	2025-07-05	2025-07-05	t	1297	1	1700	imei 352906114043674	52	552	457
3209	2025-07-05	2025-07-05	t	1298	1	1250	imei 357330090640186	16	705	475
3210	2025-07-07	2025-07-07	t	1299	1	2450	imei 357332368702458	27	706	316.9807692307692
3211	2025-07-07	2025-07-07	t	1300	1	2450	imei 355075992350929	78	707	356.2307692307692
3212	2025-07-07	2025-07-07	t	1301	1	1700	imei 352912112503669	29	96	457
3213	2025-07-07	2025-07-07	t	1302	1	5700	imei 351016863058112	111	260	774
3214	2025-07-07	2025-07-07	t	1302	1	0.01	imei 351016863058112	38	260	-19.99
3215	2025-07-07	2025-07-07	t	1303	4	0.01		107	476	-61.160000000000004
3216	2025-07-07	2025-07-07	t	1304	3	0.01		81	476	-95.44058823529411
3217	2025-07-07	2025-07-07	t	1304	12	0.01		80	476	-371.88
3218	2025-07-07	2025-07-07	t	1304	3	0.01		82	476	-179.97
3219	2025-07-08	2025-07-08	t	1305	3	32		80	36	3
3220	2025-07-08	2025-07-08	t	1306	1	0		80	476	-31
3221	2025-07-08	2025-07-08	t	1306	1	0		123	476	-213
3222	2025-07-08	2025-07-08	t	1306	1	0		130	476	-30.8
3223	2025-07-08	2025-07-08	t	1306	1	0		124	476	-38
3224	2025-07-08	2025-07-08	t	1306	2	0		94	476	-690
3225	2025-07-08	2025-07-08	t	1307	1	0	venda de iphone 15 pro max	38	65	-20
3226	2025-07-08	2025-07-08	t	1308	1	3550	353887193175117	96	4	618.608
3227	2025-07-08	2025-07-08	t	1309	1	2450	imei 356825826009904	27	694	303.89743589743574
3228	2025-07-09	2025-07-09	t	1310	1	1500	imei 353986109810302 356551106116777 352894114759004 356557106567372 350401983445681	28	4	257
3229	2025-07-09	2025-07-09	t	1310	1	1500	imei 353986109810302 356551106116777 352894114759004 356557106567372 350401983445681	53	4	257
3230	2025-07-09	2025-07-09	t	1310	1	1500	imei 353986109810302 356551106116777 352894114759004 356557106567372 350401983445681	29	4	257
3231	2025-07-09	2025-07-09	t	1310	1	1500	imei 353986109810302 356551106116777 352894114759004 356557106567372 350401983445681	52	4	257
3232	2025-07-09	2025-07-09	t	1310	1	1500	imei 353986109810302 356551106116777 352894114759004 356557106567372 350401983445681	28	4	257
3233	2025-07-09	2025-07-09	t	1311	5	0		80	476	-155
3234	2025-07-09	2025-07-09	t	1312	1	0	imei 352905110850108	39	685	-9.5
3235	2025-07-09	2025-07-09	t	1312	1	0	imei 352905110850108	38	685	-20
3236	2025-07-09	2025-07-09	t	1312	1	1700	imei 352905110850108	29	685	457
3237	2025-07-09	2025-07-09	t	1313	1	0	imei 358710337485462	39	708	-9.5
3238	2025-07-09	2025-07-09	t	1313	1	0	imei 358710337485462	38	708	-20
3239	2025-07-09	2025-07-09	t	1313	1	1580	imei 358710337485462	40	708	430
3240	2025-07-09	2025-07-09	t	1314	1	0	imei 352912118617323	39	709	-9.5
3241	2025-07-09	2025-07-09	t	1314	1	0	imei 352912118617323	38	709	-20
3242	2025-07-09	2025-07-09	t	1314	1	1700	imei 352912118617323	28	709	457
3243	2025-07-09	2025-07-09	t	1315	1	0	imei 356799116174159	39	710	-9.5
3244	2025-07-09	2025-07-09	t	1315	1	0	imei 356799116174159	38	710	-20
3245	2025-07-09	2025-07-09	t	1315	1	1700	imei 356799116174159	28	710	457
3246	2025-07-09	2025-07-09	t	1316	1	1700	imei 356558104425134	28	694	457
3247	2025-07-09	2025-07-09	t	1317	1	1500	imei 355608705218254	23	711	800
3248	2025-07-10	2025-07-10	t	1318	1	3900	imei 353817906473665	97	712	968.608
3249	2025-07-10	2025-07-10	t	1318	1	70	imei 353817906473665	38	712	50
3250	2025-07-10	2025-07-10	t	1318	1	0	imei 353817906473665	39	712	-9.5
3251	2025-07-10	2025-07-10	t	1319	1	1700	imei 356865118732862	52	713	457
3252	2025-07-10	2025-07-10	t	1319	1	0	imei 356865118732862	39	713	-9.5
3253	2025-07-10	2025-07-10	t	1319	1	0	imei 356865118732862	38	713	-20
3255	2025-07-10	2025-07-10	t	1321	1	1700	imei 352906112639861	29	159	457
3256	2025-07-10	2025-07-10	t	1321	1	0	imei 352906112639861	39	159	-9.5
3257	2025-07-10	2025-07-10	t	1321	1	0	imei 352906112639861	38	159	-20
3258	2025-07-10	2025-07-10	t	1322	1	1700	imei 356546107680268	29	715	457
3259	2025-07-10	2025-07-10	t	1322	1	0	imei 356546107680268	39	715	-9.5
3260	2025-07-10	2025-07-10	t	1322	1	0	imei 356546107680268	38	715	-20
3254	2025-07-10	2025-07-10	f	1320	1	1650	imei 356557101985678	52	714	407
3261	2025-07-10	2025-07-10	t	1323	1	1650	imei 356557101985678	29	714	407
3262	2025-07-10	2025-07-10	t	1323	1	0	imei 356557101985678	39	714	-9.5
3263	2025-07-10	2025-07-10	t	1323	1	0	imei 356557101985678	38	714	-20
3264	2025-07-10	2025-07-10	t	1324	3	0		80	476	-93
3265	2025-07-10	2025-07-10	t	1324	1	0		94	476	-345
3266	2025-07-14	2025-07-14	t	1325	1	2450	imei 357332363240090	27	244	277.7307692307692
3267	2025-07-14	2025-07-14	t	1326	1	1650	imei 353979106262841	52	716	407
3268	2025-07-14	2025-07-14	t	1327	1	1700	imei 356545102250291	52	81	457
3269	2025-07-14	2025-07-14	t	1327	1	0	imei 356545102250291	107	81	-15.3
3270	2025-07-14	2025-07-14	t	1327	1	0	imei 356545102250291	38	81	-20
3271	2025-07-15	2025-07-15	t	1328	1	1700	imei 352903110569406	54	717	457
3272	2025-07-15	2025-07-15	t	1328	1	0	imei 352903110569406	39	717	-10.482142857142858
3273	2025-07-15	2025-07-15	t	1328	1	0	imei 352903110569406	38	717	-19.48148148148148
3274	2025-07-15	2025-07-15	t	1329	1	1700	imei 356560109026008	52	718	457
3275	2025-07-15	2025-07-15	t	1329	1	0	imei 356560109026008	39	718	-10.425925925925926
3276	2025-07-15	2025-07-15	t	1329	1	0	imei 356560109026008	38	718	-19.53846153846154
3277	2025-07-15	2025-07-15	t	1330	1	1700	imei 353985109910062	52	719	457
3278	2025-07-15	2025-07-15	t	1330	1	0	imei 353985109910062	39	719	-10.365384615384615
3279	2025-07-15	2025-07-15	t	1330	1	0	imei 353985109910062	38	719	-19.6
3280	2025-07-15	2025-07-15	t	1331	1	0	imei 352896111083577	39	720	-10.3
3281	2025-07-15	2025-07-15	t	1331	1	0	imei 352896111083577	38	720	-19.666666666666668
3282	2025-07-15	2025-07-15	t	1331	1	1700	imei 352896111083577	29	720	457
3283	2025-07-15	2025-07-15	t	1332	1	2200	imei 355237860952588	46	721	106.23076923076923
3284	2025-07-15	2025-07-15	t	1333	1	0	imei 356802118574895	39	722	-10.229166666666666
3285	2025-07-15	2025-07-15	t	1333	1	0	imei 356802118574895	38	722	-19.73913043478261
3286	2025-07-15	2025-07-15	t	1333	1	1700	imei 356802118574895	29	722	457
3287	2025-07-15	2025-07-15	t	1334	5	0		80	476	-155
3288	2025-07-15	2025-07-15	t	1335	1	1700	imei 356805114146881	29	723	457
3289	2025-07-15	2025-07-15	t	1335	1	0	imei 356805114146881	39	723	-10.152173913043478
3290	2025-07-15	2025-07-15	t	1335	1	0	imei 356805114146881	38	723	-19.818181818181817
3291	2025-07-15	2025-07-15	t	1336	1	1650	imei 356551105238010	52	724	407
3292	2025-07-15	2025-07-15	f	1337	1	12500	imei 353060109284262	16	368	11750
3293	2025-07-15	2025-07-15	f	1337	1	0	imei 353060109284262	39	368	-10.068181818181818
3294	2025-07-15	2025-07-15	f	1337	1	0	imei 353060109284262	38	368	-19.904761904761905
3295	2025-07-15	2025-07-15	t	1337	1	1250	imei 353060109284262	16	368	500
3296	2025-07-15	2025-07-15	t	1337	1	0	imei 353060109284262	39	368	-10.068181818181818
3297	2025-07-15	2025-07-15	t	1337	1	0	imei 353060109284262	38	368	-19.904761904761905
3298	2025-07-15	2025-07-15	t	1338	3	0		80	476	-93
3299	2025-07-16	2025-07-16	t	1339	1	1700	imei 356543101078367	54	725	457
3300	2025-07-16	2025-07-16	t	1339	1	0	imei 356543101078367	39	725	-8
3301	2025-07-16	2025-07-16	t	1339	1	0	imei 356543101078367	38	725	-21
3302	2025-07-16	2025-07-16	t	1340	1	1650	imei 352901111789981	29	646	407
3303	2025-07-20	2025-07-20	t	1341	1	1700	imei 35687411609454	53	726	457
3304	2025-07-20	2025-07-20	t	1341	1	0	imei 35687411609454	39	726	-8
3305	2025-07-20	2025-07-20	t	1341	1	0	imei 35687411609454	38	726	-21
3306	2025-07-20	2025-07-20	t	1342	1	1700	imei 353984107583211	52	727	457
3307	2025-07-20	2025-07-20	t	1342	1	0	imei 353984107583211	39	727	-8
3308	2025-07-20	2025-07-20	t	1342	1	0	imei 353984107583211	38	727	-21
3309	2025-07-20	2025-07-20	t	1343	1	3900	imei 353559560293720	119	728	835.5
3310	2025-07-20	2025-07-20	t	1343	1	0	imei 353559560293720	39	728	-8
3311	2025-07-20	2025-07-20	t	1343	1	0	imei 353559560293720	38	728	-21
3312	2025-07-21	2025-07-21	t	1344	1	3700	imei 3597122843317077	121	729	666
3313	2025-07-21	2025-07-21	t	1345	1	1700	imei 353985108652715	54	354	457
3314	2025-07-21	2025-07-21	t	1345	1	0	imei 353985108652715	39	354	-6
3315	2025-07-21	2025-07-21	t	1345	1	0	imei 353985108652715	38	354	-24
3316	2025-07-21	2025-07-21	t	1346	1	1650	imei 352895114898601	51	730	407
3317	2025-07-21	2025-07-21	t	1347	1	0	imei 3565581-2663843	39	387	-6
3318	2025-07-21	2025-07-21	t	1347	1	0	imei 3565581-2663843	38	387	-24
3319	2025-07-21	2025-07-21	t	1347	1	1700	imei 3565581-2663843	29	387	457
3320	2025-07-22	2025-07-22	t	1348	1	0	imei 353982108050495	39	607	-6
3321	2025-07-22	2025-07-22	t	1348	1	0	imei 353982108050495	38	607	-24
3322	2025-07-22	2025-07-22	t	1348	1	1700	imei 353982108050495	53	607	457
3323	2025-07-22	2025-07-22	t	1349	1	10		39	47	4
3324	2025-07-22	2025-07-22	t	1349	1	20		38	47	-4
3325	2025-07-22	2025-07-22	t	1350	1	0		38	65	-24
3326	2025-07-22	2025-07-22	t	1350	1	0		39	65	-6
3327	2025-07-23	2025-07-23	t	1351	1	1700	imei 352907116355496	54	180	457
3328	2025-07-23	2025-07-23	t	1351	1	0	imei 352907116355496	39	180	-6
3329	2025-07-23	2025-07-23	t	1351	1	0	imei 352907116355496	38	180	-24
3330	2025-07-23	2025-07-23	t	1352	1	0		116	476	-66
3331	2025-07-23	2025-07-23	t	1352	4	0		80	476	-124
3332	2025-07-23	2025-07-23	t	1352	2	0		124	476	-76
3333	2025-07-23	2025-07-23	t	1352	1	0		125	476	-40
3334	2025-07-23	2025-07-23	t	1353	2	0		116	476	-132
3335	2025-07-23	2025-07-23	t	1354	1	2500	imei 356690114631953	12	731	500
3336	2025-07-23	2025-07-23	t	1355	1	1700	imei 353984103078398	52	732	457
3337	2025-07-23	2025-07-23	t	1355	1	0	imei 353984103078398	39	732	-6
3338	2025-07-23	2025-07-23	t	1355	1	0	imei 353984103078398	38	732	-24
3339	2025-07-23	2025-07-23	t	1356	1	5600	imei 359897650660760	113	733	674
3340	2025-07-23	2025-07-23	t	1356	1	0	imei 359897650660760	107	733	-9.5
3341	2025-07-24	2025-07-24	t	1357	1	1500	imei 356552108346180 356550102086760 357434240051953	28	322	257
3342	2025-07-24	2025-07-24	t	1357	1	1500	imei 356552108346180 356550102086760 357434240051953	52	322	257
3343	2025-07-24	2025-07-24	t	1357	1	1500	imei 356552108346180 356550102086760 357434240051953	29	322	257
3344	2025-07-25	2025-08-02	t	1358	1	3900	imei 354615751098911	121	734	866
3345	2025-07-25	2025-08-02	t	1359	1	1700	imei 356573106789197	52	488	457
3346	2025-07-25	2025-08-02	t	1359	1	0	imei 356573106789197	39	488	-6
3347	2025-07-25	2025-08-02	t	1359	1	0	imei 356573106789197	38	488	-24
3348	2025-07-25	2025-08-02	t	1360	1	3700	imei 356942216074750	19	304	887.2142857142858
3349	2025-07-25	2025-08-02	t	1360	1	30	imei 356942216074750	39	304	24
3350	2025-07-25	2025-08-02	t	1360	1	50	imei 356942216074750	38	304	26
3351	2025-07-25	2025-08-02	t	1361	1	3650	imei 353501801626565	121	481	616
3352	2025-07-25	2025-08-02	t	1362	1	3900	imei 354183132054152	121	66	866
3353	2025-07-25	2025-08-02	t	1363	1	1500	imei 353967105289261 356549104026113	28	322	257
3354	2025-07-25	2025-08-02	t	1363	1	1500	imei 353967105289261 356549104026113	29	322	257
3355	2025-07-25	2025-08-02	t	1364	1	1250	imei 353073594146094	16	282	450
3356	2025-07-25	2025-08-02	t	1365	1	1700	imei 356551103638450	54	736	457
3357	2025-07-25	2025-08-02	t	1365	1	0	imei 356551103638450	39	736	-6
3358	2025-07-25	2025-08-02	t	1365	1	0	imei 356551103638450	38	736	-24
3359	2025-07-25	2025-08-02	t	1366	1	1700	imei 351890929642998	29	737	457
3360	2025-07-25	2025-08-02	t	1366	1	0	imei 351890929642998	39	737	-6
3361	2025-07-25	2025-08-02	t	1366	1	0	imei 351890929642998	38	737	-24
3362	2025-07-25	2025-08-02	t	1367	1	1500	imei 353975106833268	29	226	257
3363	2025-07-25	2025-08-02	t	1368	1	1250	imei 356557102187712	28	72	7
3364	2025-07-25	2025-08-02	t	1368	1	0	imei 356557102187712	39	72	-6
3365	2025-07-25	2025-08-02	t	1368	1	0	imei 356557102187712	38	72	-24
3366	2025-07-25	2025-08-02	t	1369	1	3650	imei 35 971228 6054066	133	4	616
3367	2025-07-25	2025-08-02	t	1370	1	1700	imei 356552103187902	52	738	457
3368	2025-07-25	2025-08-02	t	1371	1	1700	imei 356551103638450	54	739	457
3369	2025-07-25	2025-08-02	t	1372	1	0		38	65	-24
3370	2025-07-25	2025-08-02	t	1372	2	0		39	65	-12
3371	2025-07-25	2025-08-02	t	1373	1	10		39	47	4
3372	2025-07-25	2025-08-02	t	1374	1	0		107	65	-9.5
3373	2025-07-25	2025-08-02	t	1375	6	0		116	476	-396
3374	2025-07-25	2025-08-02	t	1375	17	0		80	476	-511.7944444444445
3375	2025-07-25	2025-08-02	t	1375	1	0		124	476	-38
3376	2025-07-25	2025-08-02	t	1375	2	0		126	476	-90
3377	2025-07-25	2025-08-02	t	1375	2	0		125	476	-80
3379	2025-08-04	2025-08-04	t	1377	2	32		80	233	2.222580645161294
3380	2025-08-04	2025-08-04	t	1378	1	32		80	233	1
3381	2025-08-04	2025-08-04	t	1379	2	0		116	476	-132
3378	2025-08-02	2025-08-02	f	1376	2	32		80	233	2.4312499999999986
3382	2025-08-04	2025-08-04	t	1380	4	0		81	476	-129.9016393442623
3383	2025-08-05	2025-08-05	t	1381	1	1650	imei 352896118328686	52	740	407
3384	2025-08-05	2025-08-05	t	1381	1	40	imei 352896118328686	38	740	19.09090909090909
3385	2025-08-05	2025-08-05	t	1381	1	10	imei 352896118328686	39	740	1.90625
3386	2025-08-05	2025-08-05	t	1382	1	1650	imei 356807111529135	54	738	407
3387	2025-08-05	2025-08-05	t	1382	1	40	imei 356807111529135	39	738	31.951612903225808
3388	2025-08-05	2025-08-05	t	1382	1	10	imei 356807111529135	38	738	-10.9375
3389	2025-08-05	2025-08-05	t	1383	1	3650	imei 354001278800677	133	322	616
3390	2025-08-05	2025-08-05	t	1384	1	3900	imei 353864575737586	121	741	866
3391	2025-08-05	2025-08-05	t	1385	1	1650	imei 352893110982552	52	742	407
3392	2025-08-05	2025-08-05	t	1386	1	3700	imei 350566105991901	21	635	930
3393	2025-08-05	2025-08-05	t	1386	1	0	imei 350566105991901	39	635	-8
3394	2025-08-05	2025-08-05	t	1386	1	0	imei 350566105991901	38	635	-20.967741935483872
3395	2025-08-05	2025-08-05	t	1387	1	1500	imei 356801118647867	52	4	257
3396	2025-08-05	2025-08-05	t	1388	1	1650	imei 350320527260645	52	236	407
3397	2025-08-05	2025-08-05	t	1389	1	1700	imei 356546101528083	52	743	457
3398	2025-08-06	2025-08-06	t	1390	1	0		116	476	-66
3399	2025-08-06	2025-08-06	t	1391	1	1650	imei 351890929819547	52	744	407
3400	2025-08-06	2025-08-06	t	1391	1	10	imei 351890929819547	39	744	2
3401	2025-08-06	2025-08-06	t	1391	1	40	imei 351890929819547	38	744	19
3402	2025-08-06	2025-08-06	t	1392	1	3700	imei 353210481236451	62	745	880.5
3403	2025-08-06	2025-08-06	t	1393	1	1400	imei 356857111916840	52	746	157
3404	2025-08-06	2025-08-06	t	1393	1	10	imei 356857111916840	39	746	2
3405	2025-08-06	2025-08-06	t	1393	1	40	imei 356857111916840	38	746	19
3406	2025-08-06	2025-08-06	t	1394	1	1650	imei 356865118961214	52	587	407
3407	2025-08-06	2025-08-06	t	1394	1	10	imei 356865118961214	39	587	2
3408	2025-08-06	2025-08-06	t	1394	1	40	imei 356865118961214	38	587	19
3409	2025-08-06	2025-08-06	t	1395	1	1650	imei 356560103281229	29	747	407
3410	2025-08-06	2025-08-06	t	1395	1	10	imei 356560103281229	39	747	2
3411	2025-08-06	2025-08-06	t	1395	1	40	imei 356560103281229	38	747	19
3412	2025-08-06	2025-08-06	t	1396	1	1650	imei 356802110679627	52	369	407
3413	2025-08-06	2025-08-06	t	1396	1	10	imei 356802110679627	39	369	2
3414	2025-08-06	2025-08-06	t	1396	1	40	imei 356802110679627	38	369	19
3415	2025-08-06	2025-08-06	t	1397	2	32		80	36	2.113114754098362
3418	2025-08-07	2025-08-07	t	1399	1	1650	imei 356545105298016	29	748	407
3419	2025-08-07	2025-08-07	t	1399	1	10	imei 356545105298016	39	748	2
3420	2025-08-07	2025-08-07	t	1399	1	40	imei 356545105298016	38	748	19
3421	2025-08-07	2025-08-07	t	1400	1	10	imei 356551104624319	39	749	2
3422	2025-08-07	2025-08-07	t	1400	1	40	imei 356551104624319	38	749	19
3423	2025-08-07	2025-08-07	t	1400	1	1650	imei 356551104624319	29	749	407
3424	2025-08-07	2025-08-07	t	1401	1	1650	imei 356560103591668	29	750	407
3425	2025-08-07	2025-08-07	t	1401	1	10	imei 356560103591668	39	750	2
3426	2025-08-07	2025-08-07	t	1401	1	40	imei 356560103591668	38	750	19
3427	2025-08-10	2025-08-10	t	1402	1	3700	imei 358800351608956	21	751	930
3428	2025-08-10	2025-08-10	t	1403	1	3700	imei 350019048910158	19	752	888.3333333333335
3429	2025-08-10	2025-08-10	t	1404	1	1650	imei 356558102336242	28	587	407
3430	2025-08-10	2025-08-10	t	1404	1	10	imei 356558102336242	39	587	2
3431	2025-08-10	2025-08-10	t	1404	1	40	imei 356558102336242	38	587	19
3432	2025-08-10	2025-08-10	t	1405	1	3700	imei 355380252747222	76	753	1279.4
3433	2025-08-10	2025-08-10	t	1405	1	10	imei 355380252747222	39	753	2
3434	2025-08-10	2025-08-10	t	1405	1	40	imei 355380252747222	38	753	19
3435	2025-08-10	2025-08-10	t	1406	1	10	imei 353977104095510	39	403	2
3436	2025-08-10	2025-08-10	t	1406	1	40	imei 353977104095510	38	403	19
3437	2025-08-10	2025-08-10	t	1406	1	1650	imei 353977104095510	52	403	407
3438	2025-08-10	2025-08-10	t	1407	1	3700	imei 350168506639260	97	754	768.608
3439	2025-08-10	2025-08-10	t	1407	1	3700	imei 350168506639260	95	754	768.608
3440	2025-08-10	2025-08-10	t	1408	1	1500	imei 353967100981585	52	305	257
3441	2025-08-10	2025-08-10	t	1408	1	10	imei 353967100981585	39	305	2
3442	2025-08-10	2025-08-10	t	1408	1	25	imei 353967100981585	38	305	4
3443	2025-08-10	2025-08-10	t	1409	1	0		126	476	-45
3444	2025-08-10	2025-08-10	t	1409	1	0		124	476	-38
3445	2025-08-10	2025-08-10	t	1409	2	0		125	476	-76
3446	2025-08-10	2025-08-10	t	1409	3	0		116	476	-198
3447	2025-08-10	2025-08-10	t	1410	3	0		107	476	-28.5
3448	2025-08-11	2025-08-11	t	1411	1	1650	imei 353968104562747	52	225	407
3449	2025-08-11	2025-08-11	t	1411	1	10	imei 353968104562747	39	225	2
3450	2025-08-11	2025-08-11	t	1411	1	40	imei 353968104562747	38	225	19
3451	2025-08-11	2025-08-11	t	1412	1	3550		96	4	618.608
3452	2025-08-12	2025-08-12	t	1413	1	1650	imei 353975100967765	52	755	407
3453	2025-08-12	2025-08-12	t	1413	1	10	imei 353975100967765	39	755	2
3454	2025-08-12	2025-08-12	t	1413	1	40	imei 353975100967765	38	755	19
3455	2025-08-12	2025-08-12	t	1414	1	10	imei 3565591054955712	39	756	2
3456	2025-08-12	2025-08-12	t	1414	1	40	imei 3565591054955712	38	756	19
3457	2025-08-12	2025-08-12	t	1414	1	1650	imei 3565591054955712	52	756	407
3458	2025-08-12	2025-08-12	t	1415	1	2500	imei 353874230516198	27	757	250
3459	2025-08-12	2025-08-12	t	1415	1	10	imei 353874230516198	39	757	2
3460	2025-08-12	2025-08-12	t	1415	1	40	imei 353874230516198	38	757	19
3461	2025-08-12	2025-08-12	t	1416	1	3550	imei 352966744207156	76	758	1132
3462	2025-08-12	2025-08-12	t	1417	1	2500	imei 358091654248076	34	759	300
3463	2025-08-12	2025-08-12	t	1417	1	10	imei 358091654248076	39	759	2
3464	2025-08-12	2025-08-12	t	1417	1	40	imei 358091654248076	38	759	19
3465	2025-08-12	2025-08-12	t	1418	1	2500	imei 350196699248425	32	340	350
3466	2025-08-12	2025-08-12	t	1418	1	10	imei 350196699248425	39	340	2
3467	2025-08-12	2025-08-12	t	1418	1	40	imei 350196699248425	38	340	19
3468	2025-08-12	2025-08-12	t	1419	1	3700	imei 356514414968149	19	3	889.9000000000001
3469	2025-08-12	2025-08-12	t	1419	1	10	imei 356514414968149	39	3	2
3470	2025-08-12	2025-08-12	t	1419	1	40	imei 356514414968149	38	3	19
3471	2025-08-12	2025-08-12	t	1420	1	1650	imei 356559104622894	29	760	407
3472	2025-08-12	2025-08-12	t	1420	1	10	imei 356559104622894	39	760	2
3473	2025-08-12	2025-08-12	t	1420	1	40	imei 356559104622894	38	760	19
3474	2025-08-12	2025-08-12	t	1421	1	1650	imei 353980100891270	28	654	407
3475	2025-08-12	2025-08-12	t	1421	1	10	imei 353980100891270	39	654	2
3476	2025-08-12	2025-08-12	t	1421	1	40	imei 353980100891270	38	654	19
3477	2025-08-12	2025-08-12	t	1422	1	1650	imei 356862117191661	28	761	407
3478	2025-08-12	2025-08-12	t	1422	1	10	imei 356862117191661	39	761	2
3479	2025-08-12	2025-08-12	t	1422	1	40	imei 356862117191661	38	761	19
3480	2025-08-13	2025-08-13	t	1423	1	1500	imei 35 655110 022611 9	28	47	257
3481	2025-08-13	2025-08-13	t	1424	13	0		80	476	-403
3482	2025-08-13	2025-08-13	t	1425	5	0		127	476	-158.57142857142858
3483	2025-08-13	2025-08-13	t	1426	1	0		122	476	-20
\.


--
-- Data for Name: auth_group; Type: TABLE DATA; Schema: public; Owner: unicatech
--

COPY public.auth_group (id, name) FROM stdin;
1	Vendas
\.


--
-- Data for Name: auth_group_permissions; Type: TABLE DATA; Schema: public; Owner: unicatech
--

COPY public.auth_group_permissions (id, group_id, permission_id) FROM stdin;
1	1	133
2	1	134
3	1	135
4	1	136
5	1	137
6	1	138
7	1	139
8	1	140
9	1	25
10	1	26
11	1	27
12	1	28
13	1	29
14	1	30
15	1	31
16	1	32
17	1	48
18	1	52
19	1	117
20	1	118
21	1	119
22	1	120
\.


--
-- Data for Name: auth_permission; Type: TABLE DATA; Schema: public; Owner: unicatech
--

COPY public.auth_permission (id, name, content_type_id, codename) FROM stdin;
1	Can add log entry	1	add_logentry
2	Can change log entry	1	change_logentry
3	Can delete log entry	1	delete_logentry
4	Can view log entry	1	view_logentry
5	Can add permission	2	add_permission
6	Can change permission	2	change_permission
7	Can delete permission	2	delete_permission
8	Can view permission	2	view_permission
9	Can add group	3	add_group
10	Can change group	3	change_group
11	Can delete group	3	delete_group
12	Can view group	3	view_group
13	Can add user	4	add_user
14	Can change user	4	change_user
15	Can delete user	4	delete_user
16	Can view user	4	view_user
17	Can add content type	5	add_contenttype
18	Can change content type	5	change_contenttype
19	Can delete content type	5	delete_contenttype
20	Can view content type	5	view_contenttype
21	Can add session	6	add_session
22	Can change session	6	change_session
23	Can delete session	6	delete_session
24	Can view session	6	view_session
25	Can add venda	7	add_venda
26	Can change venda	7	change_venda
27	Can delete venda	7	delete_venda
28	Can view venda	7	view_venda
29	Can add cliente	8	add_cliente
30	Can change cliente	8	change_cliente
31	Can delete cliente	8	delete_cliente
32	Can view cliente	8	view_cliente
33	Can add localizacao compra	9	add_localizacaocompra
34	Can change localizacao compra	9	change_localizacaocompra
35	Can delete localizacao compra	9	delete_localizacaocompra
36	Can view localizacao compra	9	view_localizacaocompra
37	Can add compra	10	add_compra
38	Can change compra	10	change_compra
39	Can delete compra	10	delete_compra
40	Can view compra	10	view_compra
41	Can add fornecedor	11	add_fornecedor
42	Can change fornecedor	11	change_fornecedor
43	Can delete fornecedor	11	delete_fornecedor
44	Can view fornecedor	11	view_fornecedor
45	Can add Categoria	12	add_categoriaproduto
46	Can change Categoria	12	change_categoriaproduto
47	Can delete Categoria	12	delete_categoriaproduto
48	Can view Categoria	12	view_categoriaproduto
49	Can add Produto	13	add_produto
50	Can change Produto	13	change_produto
51	Can delete Produto	13	delete_produto
52	Can view Produto	13	view_produto
53	Can add Conta	14	add_cartao
54	Can change Conta	14	change_cartao
55	Can delete Conta	14	delete_cartao
56	Can view Conta	14	view_cartao
57	Can add Categoria	15	add_categoriaconta
58	Can change Categoria	15	change_categoriaconta
59	Can delete Categoria	15	delete_categoriaconta
60	Can view Categoria	15	view_categoriaconta
61	Can add Conta	16	add_conta
62	Can change Conta	16	change_conta
63	Can delete Conta	16	delete_conta
64	Can view Conta	16	view_conta
65	Can add movimentacao conta	17	add_movimentacaoconta
66	Can change movimentacao conta	17	change_movimentacaoconta
67	Can delete movimentacao conta	17	delete_movimentacaoconta
68	Can view movimentacao conta	17	view_movimentacaoconta
113	Can add Conta	29	add_recebimentocartao
114	Can change Conta	29	change_recebimentocartao
115	Can delete Conta	29	delete_recebimentocartao
116	Can view Conta	29	view_recebimentocartao
117	Can add cadastro despesa	30	add_cadastrodespesa
118	Can change cadastro despesa	30	change_cadastrodespesa
119	Can delete cadastro despesa	30	delete_cadastrodespesa
120	Can view cadastro despesa	30	view_cadastrodespesa
129	Can add deslocamento	32	add_deslocamento
130	Can change deslocamento	32	change_deslocamento
131	Can delete deslocamento	32	delete_deslocamento
132	Can view deslocamento	32	view_deslocamento
133	Can add despesas	33	add_despesas
134	Can change despesas	33	change_despesas
135	Can delete despesas	33	delete_despesas
136	Can view despesas	33	view_despesas
137	Can add despesa	33	add_despesa
138	Can change despesa	33	change_despesa
139	Can delete despesa	33	delete_despesa
140	Can view despesa	33	view_despesa
\.


--
-- Data for Name: auth_user; Type: TABLE DATA; Schema: public; Owner: unicatech
--

COPY public.auth_user (id, password, last_login, is_superuser, username, first_name, last_name, email, is_staff, is_active, date_joined) FROM stdin;
1	pbkdf2_sha256$390000$K2UiqTaMXgEJEVPqpNGx6o$WZk0riTKGug9OOUe0gT4NdkTuICk+HHmceTqyw49uqo=	\N	t	eber			nome@gmail.com	t	t	2023-05-03 10:06:35.948413-03
2	pbkdf2_sha256$390000$Y9bojIj3IY21RwftUkzsic$8EkeB1dbbJj6sh/UMxLnRtXORjJVK5+OD0le8njzL+E=	2025-08-13 21:50:59.246626-03	t	administrator			unicatechelectronics@gmail.com	t	t	2025-08-13 21:49:20.008439-03
3	pbkdf2_sha256$390000$D8JusYBhKqTYZIHQRjWUui$wte0WujdJhIgeps3/6lIilrZaJMVMazniw+E0YFk3RE=	\N	f	narasamia				f	t	2025-08-13 21:53:51-03
4	pbkdf2_sha256$390000$lnXfFOww1O7JHV6oFf6ict$RC+pfg4EzbTXN2OUSkDBEy7Qfg4Z+lt4lXq9SSvE3z8=	\N	f	italo				f	t	2025-08-13 21:54:52-03
\.


--
-- Data for Name: auth_user_groups; Type: TABLE DATA; Schema: public; Owner: unicatech
--

COPY public.auth_user_groups (id, user_id, group_id) FROM stdin;
1	3	1
2	4	1
\.


--
-- Data for Name: auth_user_user_permissions; Type: TABLE DATA; Schema: public; Owner: unicatech
--

COPY public.auth_user_user_permissions (id, user_id, permission_id) FROM stdin;
\.


--
-- Data for Name: django_admin_log; Type: TABLE DATA; Schema: public; Owner: unicatech
--

COPY public.django_admin_log (id, action_time, object_id, object_repr, action_flag, change_message, content_type_id, user_id) FROM stdin;
1	2025-08-13 21:53:10.636176-03	1	Vendas	1	[{"added": {}}]	3	2
2	2025-08-13 21:53:52.148917-03	3	narasamia	1	[{"added": {}}]	4	2
3	2025-08-13 21:54:08.58934-03	3	narasamia	2	[{"changed": {"fields": ["Groups"]}}]	4	2
4	2025-08-13 21:54:52.312846-03	4	italo	1	[{"added": {}}]	4	2
5	2025-08-13 21:55:07.045309-03	4	italo	2	[{"changed": {"fields": ["Groups"]}}]	4	2
\.


--
-- Data for Name: django_content_type; Type: TABLE DATA; Schema: public; Owner: unicatech
--

COPY public.django_content_type (id, app_label, model) FROM stdin;
1	admin	logentry
2	auth	permission
3	auth	group
4	auth	user
5	contenttypes	contenttype
6	sessions	session
7	Vendas	venda
8	Vendas	cliente
9	Compras	localizacaocompra
10	Compras	compra
11	Compras	fornecedor
12	Produtos	categoriaproduto
13	Produtos	produto
14	Contas	cartao
15	Contas	categoriaconta
16	Contas	conta
17	Contas	movimentacaoconta
29	Contas	recebimentocartao
30	Despesas	cadastrodespesa
32	Compras	deslocamento
33	Despesas	despesa
\.


--
-- Data for Name: django_migrations; Type: TABLE DATA; Schema: public; Owner: unicatech
--

COPY public.django_migrations (id, app, name, applied) FROM stdin;
1	Contas	0001_initial	2023-05-30 09:34:28.214685-03
2	Contas	0002_alter_conta_categoria	2023-05-30 09:34:28.242602-03
3	Contas	0003_alter_conta_cartao	2023-05-30 09:34:28.260682-03
4	Contas	0004_alter_movimentacaoconta_contacredito	2023-05-30 09:34:28.277792-03
5	Produtos	0001_initial	2023-05-30 09:34:28.299124-03
6	core	0001_initial	2023-05-30 09:34:28.368929-03
7	core	0002_remove_compra_datacompra	2023-05-30 09:34:28.377268-03
8	core	0003_alter_movimentacaoconta_identificadorcompra_and_more	2023-05-30 09:34:28.383689-03
9	core	0004_rename_identificadorvenda_movimentacaoconta_identificadorvenda_and_more	2023-05-30 09:34:28.392501-03
10	core	0005_localizacaocompra	2023-05-30 09:34:28.401229-03
11	core	0006_compra_idlocalizacao	2023-05-30 09:34:28.415901-03
12	core	0007_compra_conta	2023-05-30 09:34:28.43248-03
13	core	0008_remove_compra_conta	2023-05-30 09:34:28.459716-03
14	core	0009_compra_conta	2023-05-30 09:34:28.475467-03
15	core	0010_alter_categoriaconta_criados_and_more	2023-05-30 09:34:28.53284-03
16	core	0011_venda	2023-05-30 09:34:28.5561-03
17	core	0012_cliente	2023-05-30 09:34:28.564874-03
18	core	0013_venda_cliente	2023-05-30 09:34:28.582445-03
19	core	0014_remove_venda_conta	2023-05-30 09:34:28.601132-03
20	core	0015_remove_venda_cliente_venda_conta_delete_cliente	2023-05-30 09:34:28.643184-03
21	core	0016_cliente	2023-05-30 09:34:28.651271-03
22	core	0017_venda_cliente	2023-05-30 09:34:28.671285-03
23	core	0018_remove_venda_conta	2023-05-30 09:34:28.690014-03
24	core	0019_alter_venda_cliente	2023-05-30 09:34:28.711136-03
25	core	0020_alter_movimentacaoconta_contacredito	2023-05-30 09:34:28.732694-03
26	core	0021_cartao	2023-05-30 09:34:28.74391-03
27	core	0022_remove_conta_taxacartao1_remove_conta_taxacartao10_and_more	2023-05-30 09:34:28.84852-03
28	core	0023_conta_taxacartao1_conta_taxacartao10_and_more	2023-05-30 09:34:28.967907-03
29	core	0024_delete_cartao	2023-05-30 09:34:28.97307-03
30	core	0025_cartao	2023-05-30 09:34:28.985384-03
31	core	0026_rename_taxacartao1_cartao_taxa_cartao1_and_more	2023-05-30 09:34:29.048927-03
32	core	0027_remove_conta_taxacartao1_remove_conta_taxacartao10_and_more	2023-05-30 09:34:29.163151-03
33	core	0028_cartao_bandeira_cartao_cartao_cartao	2023-05-30 09:34:29.175125-03
34	core	0029_remove_cartao_cartao	2023-05-30 09:34:29.181494-03
35	core	0030_conta_cartao	2023-05-30 09:34:29.20129-03
36	core	0031_cartao_cartao	2023-05-30 09:34:29.209416-03
37	core	0032_delete_venda	2023-05-30 09:34:29.215758-03
38	core	0033_delete_compra_delete_localizacaocompra	2023-05-30 09:34:29.226111-03
39	Compras	0001_initial	2023-05-30 09:34:29.268365-03
40	Compras	0002_alter_compra_produto	2023-05-30 09:34:29.289383-03
41	Compras	0003_fornecedor_alter_compra_fornecedor	2023-05-30 09:34:29.318649-03
42	Compras	0004_compra_remover	2023-05-30 09:34:29.33332-03
43	Compras	0005_remove_compra_remover	2023-05-30 09:34:29.346583-03
44	Compras	0006_alter_compra_conta	2023-05-30 09:34:29.376218-03
45	Compras	0007_alter_compra_conta	2023-05-30 09:34:29.405252-03
46	Compras	0008_compra_valordolarmedio	2023-05-30 09:34:29.420217-03
47	Contas	0005_movimentacaoconta_cotacaodolar	2023-05-30 09:34:29.433334-03
48	Contas	0006_movimentacaoconta_identificadordolar	2023-05-30 09:34:29.444489-03
49	Vendas	0001_initial	2023-05-30 09:34:29.466945-03
50	Vendas	0002_alter_venda_produto	2023-05-30 09:34:29.519342-03
51	Vendas	0003_cliente_remove_venda_cliente	2023-05-30 09:34:29.54668-03
52	Vendas	0004_venda_cliente	2023-05-30 09:34:29.567767-03
53	contenttypes	0001_initial	2023-05-30 09:34:29.582758-03
54	auth	0001_initial	2023-05-30 09:34:29.671514-03
55	admin	0001_initial	2023-05-30 09:34:29.698416-03
56	admin	0002_logentry_remove_auto_add	2023-05-30 09:34:29.71118-03
57	admin	0003_logentry_add_action_flag_choices	2023-05-30 09:34:29.721783-03
58	contenttypes	0002_remove_content_type_name	2023-05-30 09:34:29.756738-03
59	auth	0002_alter_permission_name_max_length	2023-05-30 09:34:29.767892-03
60	auth	0003_alter_user_email_max_length	2023-05-30 09:34:29.780259-03
61	auth	0004_alter_user_username_opts	2023-05-30 09:34:29.792555-03
62	auth	0005_alter_user_last_login_null	2023-05-30 09:34:29.803262-03
63	auth	0006_require_contenttypes_0002	2023-05-30 09:34:29.805473-03
64	auth	0007_alter_validators_add_error_messages	2023-05-30 09:34:29.818608-03
65	auth	0008_alter_user_username_max_length	2023-05-30 09:34:29.834438-03
66	auth	0009_alter_user_last_name_max_length	2023-05-30 09:34:29.84666-03
67	auth	0010_alter_group_name_max_length	2023-05-30 09:34:29.860803-03
68	auth	0011_update_proxy_permissions	2023-05-30 09:34:29.88796-03
69	auth	0012_alter_user_first_name_max_length	2023-05-30 09:34:29.899173-03
70	core	0034_alter_movimentacaoconta_contacredito	2023-05-30 09:34:29.922394-03
71	core	0035_remove_produto_categoria_delete_categoriaproduto_and_more	2023-05-30 09:34:29.939769-03
72	core	0036_delete_fornecedor	2023-05-30 09:34:29.946579-03
73	core	0037_remove_conta_cartao_remove_conta_categoria_and_more	2023-05-30 09:34:29.988386-03
74	core	0038_delete_cliente	2023-05-30 09:34:29.993772-03
75	sessions	0001_initial	2023-05-30 09:34:30.008464-03
80	Compras	0009_alter_compra_quantidadeproduto	2023-11-11 14:55:54.263656-03
81	Compras	0010_fornecedor_localizacaocompra	2023-11-11 14:55:54.300792-03
82	Contas	0007_alter_conta_cartao	2023-11-11 14:55:54.338142-03
83	Contas	0008_conta_valordolarmedio	2023-11-11 14:55:54.349361-03
84	Contas	0009_alter_conta_valordolarmedio	2023-11-11 14:55:54.357912-03
85	Contas	0010_rename_valordolarmedio_conta_valor_dolar_medio	2023-11-11 14:55:54.366311-03
86	Contas	0011_remove_conta_saldoinicial	2023-11-11 14:55:54.375487-03
87	Contas	0012_remove_cartao_bandeira_cartao_cartao_taxa_debito	2023-11-11 14:55:54.385177-03
88	Contas	0013_recebimentocartao	2023-11-11 14:55:54.401791-03
89	Contas	0014_recebimentocartao_identificador_venda	2023-11-11 14:55:54.409609-03
90	Contas	0015_remove_recebimentocartao_cartao_and_more	2023-11-11 14:55:54.43621-03
91	Despesas	0001_initial	2023-11-11 14:55:54.450119-03
92	Despesas	0002_despesa_categoria	2023-11-11 14:55:54.463219-03
93	Despesas	0003_remove_despesa_identificador_despesa	2023-11-11 14:55:54.468706-03
94	Despesas	0004_despesa_valor	2023-11-11 14:55:54.476272-03
95	Despesas	0005_remove_despesa_categoria	2023-11-11 14:55:54.486592-03
96	Despesas	0006_delete_categoriadespesa	2023-11-11 14:55:54.491422-03
97	Despesas	0007_rename_despesa_cadastrodespesa	2023-11-11 14:55:54.519193-03
98	Despesas	0008_cadastrodespesa_conta_debito	2023-11-11 14:55:54.540511-03
99	Vendas	0005_venda_lucro	2023-11-11 14:55:54.549065-03
100	Compras	0011_deslocamento	2023-12-24 14:10:39.735508-03
101	Compras	0012_alter_deslocamento_identificadorcompra	2023-12-24 17:22:39.710846-03
102	Compras	0013_deslocamento_idmovimentacaoconta	2024-01-01 11:51:38.479949-03
103	Compras	0014_alter_localizacaocompra_id	2024-01-01 13:03:27.50963-03
104	Contas	0016_conta_taxa_wire	2024-01-07 15:25:31.290909-03
105	Compras	0015_alter_deslocamento_destino_alter_deslocamento_origem	2024-01-14 17:20:12.927758-03
106	Compras	0016_alter_deslocamento_idmovimentacaoconta	2024-01-14 17:21:19.046453-03
107	Despesas	0009_despesas	2024-01-21 15:27:53.426532-03
108	Despesas	0010_rename_despesas_despesa	2024-01-21 15:41:33.509361-03
109	Contas	0017_recebimentocartao_valor_liquido	2024-05-05 11:56:52.290139-03
\.


--
-- Data for Name: django_session; Type: TABLE DATA; Schema: public; Owner: unicatech
--

COPY public.django_session (session_key, session_data, expire_date) FROM stdin;
2r57t98ghc1vxo1af9mhjkxut525rr7j	.eJxVjEsOwjAMBe-SNYpaJ24Tluw5Q2Q3NimgVOpnhbg7VOoCtm9m3ssk2taStkXmNGZzNmBOvxvT8JC6g3ynepvsMNV1Htnuij3oYq9TluflcP8OCi3lW5OXBigQOIw9UhREp6wcNTptgUNoOHZNJ1k1s0CfvQYE9NgOjlsw7w_tYTgM:1umMBH:C2jRiGz-LNg5nPvcPmA2dv6YcEh34JdlDKHtTcEfx_o	2025-08-27 21:50:59.249085-03
\.


--
-- Name: Compras_compra_id_seq; Type: SEQUENCE SET; Schema: public; Owner: unicatech
--

SELECT pg_catalog.setval('public."Compras_compra_id_seq"', 672, true);


--
-- Name: Compras_deslocamento_id_seq; Type: SEQUENCE SET; Schema: public; Owner: unicatech
--

SELECT pg_catalog.setval('public."Compras_deslocamento_id_seq"', 276, true);


--
-- Name: Compras_fornecedor_id_seq; Type: SEQUENCE SET; Schema: public; Owner: unicatech
--

SELECT pg_catalog.setval('public."Compras_fornecedor_id_seq"', 17, true);


--
-- Name: Compras_localizacaocompra_id_seq; Type: SEQUENCE SET; Schema: public; Owner: unicatech
--

SELECT pg_catalog.setval('public."Compras_localizacaocompra_id_seq"', 10, true);


--
-- Name: Contas_cartao_id_seq; Type: SEQUENCE SET; Schema: public; Owner: unicatech
--

SELECT pg_catalog.setval('public."Contas_cartao_id_seq"', 10, true);


--
-- Name: Contas_categoriaconta_id_seq; Type: SEQUENCE SET; Schema: public; Owner: unicatech
--

SELECT pg_catalog.setval('public."Contas_categoriaconta_id_seq"', 1, false);


--
-- Name: Contas_conta_id_seq; Type: SEQUENCE SET; Schema: public; Owner: unicatech
--

SELECT pg_catalog.setval('public."Contas_conta_id_seq"', 27, true);


--
-- Name: Contas_movimentacaoconta_id_seq; Type: SEQUENCE SET; Schema: public; Owner: unicatech
--

SELECT pg_catalog.setval('public."Contas_movimentacaoconta_id_seq"', 3075, true);


--
-- Name: Contas_recebimentocartao_id_seq; Type: SEQUENCE SET; Schema: public; Owner: unicatech
--

SELECT pg_catalog.setval('public."Contas_recebimentocartao_id_seq"', 1092, true);


--
-- Name: Despesas_despesa_id_seq; Type: SEQUENCE SET; Schema: public; Owner: unicatech
--

SELECT pg_catalog.setval('public."Despesas_despesa_id_seq"', 288, true);


--
-- Name: Despesas_despesas_id_seq; Type: SEQUENCE SET; Schema: public; Owner: unicatech
--

SELECT pg_catalog.setval('public."Despesas_despesas_id_seq"', 396, true);


--
-- Name: Produtos_categoriaproduto_id_seq; Type: SEQUENCE SET; Schema: public; Owner: unicatech
--

SELECT pg_catalog.setval('public."Produtos_categoriaproduto_id_seq"', 1, false);


--
-- Name: Produtos_produto_id_seq; Type: SEQUENCE SET; Schema: public; Owner: unicatech
--

SELECT pg_catalog.setval('public."Produtos_produto_id_seq"', 133, true);


--
-- Name: Vendas_cliente_id_seq; Type: SEQUENCE SET; Schema: public; Owner: unicatech
--

SELECT pg_catalog.setval('public."Vendas_cliente_id_seq"', 761, true);


--
-- Name: Vendas_venda_id_seq; Type: SEQUENCE SET; Schema: public; Owner: unicatech
--

SELECT pg_catalog.setval('public."Vendas_venda_id_seq"', 3483, true);


--
-- Name: auth_group_id_seq; Type: SEQUENCE SET; Schema: public; Owner: unicatech
--

SELECT pg_catalog.setval('public.auth_group_id_seq', 1, true);


--
-- Name: auth_group_permissions_id_seq; Type: SEQUENCE SET; Schema: public; Owner: unicatech
--

SELECT pg_catalog.setval('public.auth_group_permissions_id_seq', 22, true);


--
-- Name: auth_permission_id_seq; Type: SEQUENCE SET; Schema: public; Owner: unicatech
--

SELECT pg_catalog.setval('public.auth_permission_id_seq', 140, true);


--
-- Name: auth_user_groups_id_seq; Type: SEQUENCE SET; Schema: public; Owner: unicatech
--

SELECT pg_catalog.setval('public.auth_user_groups_id_seq', 2, true);


--
-- Name: auth_user_id_seq; Type: SEQUENCE SET; Schema: public; Owner: unicatech
--

SELECT pg_catalog.setval('public.auth_user_id_seq', 4, true);


--
-- Name: auth_user_user_permissions_id_seq; Type: SEQUENCE SET; Schema: public; Owner: unicatech
--

SELECT pg_catalog.setval('public.auth_user_user_permissions_id_seq', 1, false);


--
-- Name: django_admin_log_id_seq; Type: SEQUENCE SET; Schema: public; Owner: unicatech
--

SELECT pg_catalog.setval('public.django_admin_log_id_seq', 5, true);


--
-- Name: django_content_type_id_seq; Type: SEQUENCE SET; Schema: public; Owner: unicatech
--

SELECT pg_catalog.setval('public.django_content_type_id_seq', 33, true);


--
-- Name: django_migrations_id_seq; Type: SEQUENCE SET; Schema: public; Owner: unicatech
--

SELECT pg_catalog.setval('public.django_migrations_id_seq', 109, true);


--
-- Name: Compras_compra Compras_compra_pkey; Type: CONSTRAINT; Schema: public; Owner: unicatech
--

ALTER TABLE ONLY public."Compras_compra"
    ADD CONSTRAINT "Compras_compra_pkey" PRIMARY KEY (id);


--
-- Name: Compras_deslocamento Compras_deslocamento_pkey; Type: CONSTRAINT; Schema: public; Owner: unicatech
--

ALTER TABLE ONLY public."Compras_deslocamento"
    ADD CONSTRAINT "Compras_deslocamento_pkey" PRIMARY KEY (id);


--
-- Name: Compras_fornecedor Compras_fornecedor_pkey; Type: CONSTRAINT; Schema: public; Owner: unicatech
--

ALTER TABLE ONLY public."Compras_fornecedor"
    ADD CONSTRAINT "Compras_fornecedor_pkey" PRIMARY KEY (id);


--
-- Name: Compras_localizacaocompra Compras_localizacaocompra_pkey; Type: CONSTRAINT; Schema: public; Owner: unicatech
--

ALTER TABLE ONLY public."Compras_localizacaocompra"
    ADD CONSTRAINT "Compras_localizacaocompra_pkey" PRIMARY KEY (id);


--
-- Name: Contas_cartao Contas_cartao_pkey; Type: CONSTRAINT; Schema: public; Owner: unicatech
--

ALTER TABLE ONLY public."Contas_cartao"
    ADD CONSTRAINT "Contas_cartao_pkey" PRIMARY KEY (id);


--
-- Name: Contas_categoriaconta Contas_categoriaconta_pkey; Type: CONSTRAINT; Schema: public; Owner: unicatech
--

ALTER TABLE ONLY public."Contas_categoriaconta"
    ADD CONSTRAINT "Contas_categoriaconta_pkey" PRIMARY KEY (id);


--
-- Name: Contas_conta Contas_conta_pkey; Type: CONSTRAINT; Schema: public; Owner: unicatech
--

ALTER TABLE ONLY public."Contas_conta"
    ADD CONSTRAINT "Contas_conta_pkey" PRIMARY KEY (id);


--
-- Name: Contas_movimentacaoconta Contas_movimentacaoconta_pkey; Type: CONSTRAINT; Schema: public; Owner: unicatech
--

ALTER TABLE ONLY public."Contas_movimentacaoconta"
    ADD CONSTRAINT "Contas_movimentacaoconta_pkey" PRIMARY KEY (id);


--
-- Name: Contas_recebimentocartao Contas_recebimentocartao_pkey; Type: CONSTRAINT; Schema: public; Owner: unicatech
--

ALTER TABLE ONLY public."Contas_recebimentocartao"
    ADD CONSTRAINT "Contas_recebimentocartao_pkey" PRIMARY KEY (id);


--
-- Name: Despesas_cadastrodespesa Despesas_despesa_pkey; Type: CONSTRAINT; Schema: public; Owner: unicatech
--

ALTER TABLE ONLY public."Despesas_cadastrodespesa"
    ADD CONSTRAINT "Despesas_despesa_pkey" PRIMARY KEY (id);


--
-- Name: Despesas_despesa Despesas_despesas_pkey; Type: CONSTRAINT; Schema: public; Owner: unicatech
--

ALTER TABLE ONLY public."Despesas_despesa"
    ADD CONSTRAINT "Despesas_despesas_pkey" PRIMARY KEY (id);


--
-- Name: Produtos_categoriaproduto Produtos_categoriaproduto_pkey; Type: CONSTRAINT; Schema: public; Owner: unicatech
--

ALTER TABLE ONLY public."Produtos_categoriaproduto"
    ADD CONSTRAINT "Produtos_categoriaproduto_pkey" PRIMARY KEY (id);


--
-- Name: Produtos_produto Produtos_produto_pkey; Type: CONSTRAINT; Schema: public; Owner: unicatech
--

ALTER TABLE ONLY public."Produtos_produto"
    ADD CONSTRAINT "Produtos_produto_pkey" PRIMARY KEY (id);


--
-- Name: Vendas_cliente Vendas_cliente_pkey; Type: CONSTRAINT; Schema: public; Owner: unicatech
--

ALTER TABLE ONLY public."Vendas_cliente"
    ADD CONSTRAINT "Vendas_cliente_pkey" PRIMARY KEY (id);


--
-- Name: Vendas_venda Vendas_venda_pkey; Type: CONSTRAINT; Schema: public; Owner: unicatech
--

ALTER TABLE ONLY public."Vendas_venda"
    ADD CONSTRAINT "Vendas_venda_pkey" PRIMARY KEY (id);


--
-- Name: auth_group auth_group_name_key; Type: CONSTRAINT; Schema: public; Owner: unicatech
--

ALTER TABLE ONLY public.auth_group
    ADD CONSTRAINT auth_group_name_key UNIQUE (name);


--
-- Name: auth_group_permissions auth_group_permissions_group_id_permission_id_0cd325b0_uniq; Type: CONSTRAINT; Schema: public; Owner: unicatech
--

ALTER TABLE ONLY public.auth_group_permissions
    ADD CONSTRAINT auth_group_permissions_group_id_permission_id_0cd325b0_uniq UNIQUE (group_id, permission_id);


--
-- Name: auth_group_permissions auth_group_permissions_pkey; Type: CONSTRAINT; Schema: public; Owner: unicatech
--

ALTER TABLE ONLY public.auth_group_permissions
    ADD CONSTRAINT auth_group_permissions_pkey PRIMARY KEY (id);


--
-- Name: auth_group auth_group_pkey; Type: CONSTRAINT; Schema: public; Owner: unicatech
--

ALTER TABLE ONLY public.auth_group
    ADD CONSTRAINT auth_group_pkey PRIMARY KEY (id);


--
-- Name: auth_permission auth_permission_content_type_id_codename_01ab375a_uniq; Type: CONSTRAINT; Schema: public; Owner: unicatech
--

ALTER TABLE ONLY public.auth_permission
    ADD CONSTRAINT auth_permission_content_type_id_codename_01ab375a_uniq UNIQUE (content_type_id, codename);


--
-- Name: auth_permission auth_permission_pkey; Type: CONSTRAINT; Schema: public; Owner: unicatech
--

ALTER TABLE ONLY public.auth_permission
    ADD CONSTRAINT auth_permission_pkey PRIMARY KEY (id);


--
-- Name: auth_user_groups auth_user_groups_pkey; Type: CONSTRAINT; Schema: public; Owner: unicatech
--

ALTER TABLE ONLY public.auth_user_groups
    ADD CONSTRAINT auth_user_groups_pkey PRIMARY KEY (id);


--
-- Name: auth_user_groups auth_user_groups_user_id_group_id_94350c0c_uniq; Type: CONSTRAINT; Schema: public; Owner: unicatech
--

ALTER TABLE ONLY public.auth_user_groups
    ADD CONSTRAINT auth_user_groups_user_id_group_id_94350c0c_uniq UNIQUE (user_id, group_id);


--
-- Name: auth_user auth_user_pkey; Type: CONSTRAINT; Schema: public; Owner: unicatech
--

ALTER TABLE ONLY public.auth_user
    ADD CONSTRAINT auth_user_pkey PRIMARY KEY (id);


--
-- Name: auth_user_user_permissions auth_user_user_permissions_pkey; Type: CONSTRAINT; Schema: public; Owner: unicatech
--

ALTER TABLE ONLY public.auth_user_user_permissions
    ADD CONSTRAINT auth_user_user_permissions_pkey PRIMARY KEY (id);


--
-- Name: auth_user_user_permissions auth_user_user_permissions_user_id_permission_id_14a6b632_uniq; Type: CONSTRAINT; Schema: public; Owner: unicatech
--

ALTER TABLE ONLY public.auth_user_user_permissions
    ADD CONSTRAINT auth_user_user_permissions_user_id_permission_id_14a6b632_uniq UNIQUE (user_id, permission_id);


--
-- Name: auth_user auth_user_username_key; Type: CONSTRAINT; Schema: public; Owner: unicatech
--

ALTER TABLE ONLY public.auth_user
    ADD CONSTRAINT auth_user_username_key UNIQUE (username);


--
-- Name: django_admin_log django_admin_log_pkey; Type: CONSTRAINT; Schema: public; Owner: unicatech
--

ALTER TABLE ONLY public.django_admin_log
    ADD CONSTRAINT django_admin_log_pkey PRIMARY KEY (id);


--
-- Name: django_content_type django_content_type_app_label_model_76bd3d3b_uniq; Type: CONSTRAINT; Schema: public; Owner: unicatech
--

ALTER TABLE ONLY public.django_content_type
    ADD CONSTRAINT django_content_type_app_label_model_76bd3d3b_uniq UNIQUE (app_label, model);


--
-- Name: django_content_type django_content_type_pkey; Type: CONSTRAINT; Schema: public; Owner: unicatech
--

ALTER TABLE ONLY public.django_content_type
    ADD CONSTRAINT django_content_type_pkey PRIMARY KEY (id);


--
-- Name: django_migrations django_migrations_pkey; Type: CONSTRAINT; Schema: public; Owner: unicatech
--

ALTER TABLE ONLY public.django_migrations
    ADD CONSTRAINT django_migrations_pkey PRIMARY KEY (id);


--
-- Name: django_session django_session_pkey; Type: CONSTRAINT; Schema: public; Owner: unicatech
--

ALTER TABLE ONLY public.django_session
    ADD CONSTRAINT django_session_pkey PRIMARY KEY (session_key);


--
-- Name: Compras_compra_conta_id_94fdb6c6; Type: INDEX; Schema: public; Owner: unicatech
--

CREATE INDEX "Compras_compra_conta_id_94fdb6c6" ON public."Compras_compra" USING btree (conta_id);


--
-- Name: Compras_compra_fornecedor_id_e6f5f3a9; Type: INDEX; Schema: public; Owner: unicatech
--

CREATE INDEX "Compras_compra_fornecedor_id_e6f5f3a9" ON public."Compras_compra" USING btree (fornecedor_id);


--
-- Name: Compras_compra_idLocalizacao_id_4f303239; Type: INDEX; Schema: public; Owner: unicatech
--

CREATE INDEX "Compras_compra_idLocalizacao_id_4f303239" ON public."Compras_compra" USING btree ("idLocalizacao_id");


--
-- Name: Compras_compra_produto_id_bf520d8c; Type: INDEX; Schema: public; Owner: unicatech
--

CREATE INDEX "Compras_compra_produto_id_bf520d8c" ON public."Compras_compra" USING btree (produto_id);


--
-- Name: Compras_fornecedor_localizacaoCompra_id_bed95cbc; Type: INDEX; Schema: public; Owner: unicatech
--

CREATE INDEX "Compras_fornecedor_localizacaoCompra_id_bed95cbc" ON public."Compras_fornecedor" USING btree ("localizacaoCompra_id");


--
-- Name: Contas_conta_categoria_id_a9363112; Type: INDEX; Schema: public; Owner: unicatech
--

CREATE INDEX "Contas_conta_categoria_id_a9363112" ON public."Contas_conta" USING btree (categoria_id);


--
-- Name: Contas_movimentacaoconta_contaCredito_id_30a2f6ad; Type: INDEX; Schema: public; Owner: unicatech
--

CREATE INDEX "Contas_movimentacaoconta_contaCredito_id_30a2f6ad" ON public."Contas_movimentacaoconta" USING btree ("contaCredito_id");


--
-- Name: Contas_recebimentocartao_conta_cartao_id_81665651; Type: INDEX; Schema: public; Owner: unicatech
--

CREATE INDEX "Contas_recebimentocartao_conta_cartao_id_81665651" ON public."Contas_recebimentocartao" USING btree (conta_cartao_id);


--
-- Name: Despesas_cadastrodespesa_conta_debito_id_82041d29; Type: INDEX; Schema: public; Owner: unicatech
--

CREATE INDEX "Despesas_cadastrodespesa_conta_debito_id_82041d29" ON public."Despesas_cadastrodespesa" USING btree (conta_debito_id);


--
-- Name: Despesas_despesas_despesa_id_4fa6bd3f; Type: INDEX; Schema: public; Owner: unicatech
--

CREATE INDEX "Despesas_despesas_despesa_id_4fa6bd3f" ON public."Despesas_despesa" USING btree (despesa_id);


--
-- Name: Despesas_despesas_movimentacao_id_b66e6b2c; Type: INDEX; Schema: public; Owner: unicatech
--

CREATE INDEX "Despesas_despesas_movimentacao_id_b66e6b2c" ON public."Despesas_despesa" USING btree (movimentacao_id);


--
-- Name: Produtos_produto_categoria_id_3e08c4e8; Type: INDEX; Schema: public; Owner: unicatech
--

CREATE INDEX "Produtos_produto_categoria_id_3e08c4e8" ON public."Produtos_produto" USING btree (categoria_id);


--
-- Name: Vendas_venda_cliente_id_6d5152c0; Type: INDEX; Schema: public; Owner: unicatech
--

CREATE INDEX "Vendas_venda_cliente_id_6d5152c0" ON public."Vendas_venda" USING btree (cliente_id);


--
-- Name: Vendas_venda_produto_id_f6e1a6cb; Type: INDEX; Schema: public; Owner: unicatech
--

CREATE INDEX "Vendas_venda_produto_id_f6e1a6cb" ON public."Vendas_venda" USING btree (produto_id);


--
-- Name: auth_group_name_a6ea08ec_like; Type: INDEX; Schema: public; Owner: unicatech
--

CREATE INDEX auth_group_name_a6ea08ec_like ON public.auth_group USING btree (name varchar_pattern_ops);


--
-- Name: auth_group_permissions_group_id_b120cbf9; Type: INDEX; Schema: public; Owner: unicatech
--

CREATE INDEX auth_group_permissions_group_id_b120cbf9 ON public.auth_group_permissions USING btree (group_id);


--
-- Name: auth_group_permissions_permission_id_84c5c92e; Type: INDEX; Schema: public; Owner: unicatech
--

CREATE INDEX auth_group_permissions_permission_id_84c5c92e ON public.auth_group_permissions USING btree (permission_id);


--
-- Name: auth_permission_content_type_id_2f476e4b; Type: INDEX; Schema: public; Owner: unicatech
--

CREATE INDEX auth_permission_content_type_id_2f476e4b ON public.auth_permission USING btree (content_type_id);


--
-- Name: auth_user_groups_group_id_97559544; Type: INDEX; Schema: public; Owner: unicatech
--

CREATE INDEX auth_user_groups_group_id_97559544 ON public.auth_user_groups USING btree (group_id);


--
-- Name: auth_user_groups_user_id_6a12ed8b; Type: INDEX; Schema: public; Owner: unicatech
--

CREATE INDEX auth_user_groups_user_id_6a12ed8b ON public.auth_user_groups USING btree (user_id);


--
-- Name: auth_user_user_permissions_permission_id_1fbb5f2c; Type: INDEX; Schema: public; Owner: unicatech
--

CREATE INDEX auth_user_user_permissions_permission_id_1fbb5f2c ON public.auth_user_user_permissions USING btree (permission_id);


--
-- Name: auth_user_user_permissions_user_id_a95ead1b; Type: INDEX; Schema: public; Owner: unicatech
--

CREATE INDEX auth_user_user_permissions_user_id_a95ead1b ON public.auth_user_user_permissions USING btree (user_id);


--
-- Name: auth_user_username_6821ab7c_like; Type: INDEX; Schema: public; Owner: unicatech
--

CREATE INDEX auth_user_username_6821ab7c_like ON public.auth_user USING btree (username varchar_pattern_ops);


--
-- Name: django_admin_log_content_type_id_c4bce8eb; Type: INDEX; Schema: public; Owner: unicatech
--

CREATE INDEX django_admin_log_content_type_id_c4bce8eb ON public.django_admin_log USING btree (content_type_id);


--
-- Name: django_admin_log_user_id_c564eba6; Type: INDEX; Schema: public; Owner: unicatech
--

CREATE INDEX django_admin_log_user_id_c564eba6 ON public.django_admin_log USING btree (user_id);


--
-- Name: django_session_expire_date_a5c62663; Type: INDEX; Schema: public; Owner: unicatech
--

CREATE INDEX django_session_expire_date_a5c62663 ON public.django_session USING btree (expire_date);


--
-- Name: django_session_session_key_c0390e0f_like; Type: INDEX; Schema: public; Owner: unicatech
--

CREATE INDEX django_session_session_key_c0390e0f_like ON public.django_session USING btree (session_key varchar_pattern_ops);


--
-- Name: Compras_compra Compras_compra_conta_id_94fdb6c6_fk_Contas_conta_id; Type: FK CONSTRAINT; Schema: public; Owner: unicatech
--

ALTER TABLE ONLY public."Compras_compra"
    ADD CONSTRAINT "Compras_compra_conta_id_94fdb6c6_fk_Contas_conta_id" FOREIGN KEY (conta_id) REFERENCES public."Contas_conta"(id) DEFERRABLE INITIALLY DEFERRED;


--
-- Name: Compras_compra Compras_compra_fornecedor_id_e6f5f3a9_fk_Compras_fornecedor_id; Type: FK CONSTRAINT; Schema: public; Owner: unicatech
--

ALTER TABLE ONLY public."Compras_compra"
    ADD CONSTRAINT "Compras_compra_fornecedor_id_e6f5f3a9_fk_Compras_fornecedor_id" FOREIGN KEY (fornecedor_id) REFERENCES public."Compras_fornecedor"(id) DEFERRABLE INITIALLY DEFERRED;


--
-- Name: Compras_compra Compras_compra_fornecedor_id_e6f5f3a9_fk_core_fornecedor_id; Type: FK CONSTRAINT; Schema: public; Owner: unicatech
--

ALTER TABLE ONLY public."Compras_compra"
    ADD CONSTRAINT "Compras_compra_fornecedor_id_e6f5f3a9_fk_core_fornecedor_id" FOREIGN KEY (fornecedor_id) REFERENCES public."Compras_fornecedor"(id) DEFERRABLE INITIALLY DEFERRED;


--
-- Name: Compras_compra Compras_compra_idLocalizacao_id_4f303239_fk; Type: FK CONSTRAINT; Schema: public; Owner: unicatech
--

ALTER TABLE ONLY public."Compras_compra"
    ADD CONSTRAINT "Compras_compra_idLocalizacao_id_4f303239_fk" FOREIGN KEY ("idLocalizacao_id") REFERENCES public."Compras_localizacaocompra"(id) DEFERRABLE INITIALLY DEFERRED;


--
-- Name: Compras_compra Compras_compra_produto_id_bf520d8c_fk_Produtos_produto_id; Type: FK CONSTRAINT; Schema: public; Owner: unicatech
--

ALTER TABLE ONLY public."Compras_compra"
    ADD CONSTRAINT "Compras_compra_produto_id_bf520d8c_fk_Produtos_produto_id" FOREIGN KEY (produto_id) REFERENCES public."Produtos_produto"(id) DEFERRABLE INITIALLY DEFERRED;


--
-- Name: Compras_fornecedor Compras_fornecedor_localizacaoCompra_id_bed95cbc_fk; Type: FK CONSTRAINT; Schema: public; Owner: unicatech
--

ALTER TABLE ONLY public."Compras_fornecedor"
    ADD CONSTRAINT "Compras_fornecedor_localizacaoCompra_id_bed95cbc_fk" FOREIGN KEY ("localizacaoCompra_id") REFERENCES public."Compras_localizacaocompra"(id) DEFERRABLE INITIALLY DEFERRED;


--
-- Name: Contas_conta Contas_conta_categoria_id_a9363112_fk_Contas_categoriaconta_id; Type: FK CONSTRAINT; Schema: public; Owner: unicatech
--

ALTER TABLE ONLY public."Contas_conta"
    ADD CONSTRAINT "Contas_conta_categoria_id_a9363112_fk_Contas_categoriaconta_id" FOREIGN KEY (categoria_id) REFERENCES public."Contas_categoriaconta"(id) DEFERRABLE INITIALLY DEFERRED;


--
-- Name: Contas_movimentacaoconta Contas_movimentacaoc_contaCredito_id_30a2f6ad_fk_Contas_co; Type: FK CONSTRAINT; Schema: public; Owner: unicatech
--

ALTER TABLE ONLY public."Contas_movimentacaoconta"
    ADD CONSTRAINT "Contas_movimentacaoc_contaCredito_id_30a2f6ad_fk_Contas_co" FOREIGN KEY ("contaCredito_id") REFERENCES public."Contas_conta"(id) DEFERRABLE INITIALLY DEFERRED;


--
-- Name: Contas_recebimentocartao Contas_recebimentoca_conta_cartao_id_81665651_fk_Contas_co; Type: FK CONSTRAINT; Schema: public; Owner: unicatech
--

ALTER TABLE ONLY public."Contas_recebimentocartao"
    ADD CONSTRAINT "Contas_recebimentoca_conta_cartao_id_81665651_fk_Contas_co" FOREIGN KEY (conta_cartao_id) REFERENCES public."Contas_conta"(id) DEFERRABLE INITIALLY DEFERRED;


--
-- Name: Despesas_cadastrodespesa Despesas_cadastrodes_conta_debito_id_82041d29_fk_Contas_co; Type: FK CONSTRAINT; Schema: public; Owner: unicatech
--

ALTER TABLE ONLY public."Despesas_cadastrodespesa"
    ADD CONSTRAINT "Despesas_cadastrodes_conta_debito_id_82041d29_fk_Contas_co" FOREIGN KEY (conta_debito_id) REFERENCES public."Contas_conta"(id) DEFERRABLE INITIALLY DEFERRED;


--
-- Name: Despesas_despesa Despesas_despesas_despesa_id_4fa6bd3f_fk_Despesas_; Type: FK CONSTRAINT; Schema: public; Owner: unicatech
--

ALTER TABLE ONLY public."Despesas_despesa"
    ADD CONSTRAINT "Despesas_despesas_despesa_id_4fa6bd3f_fk_Despesas_" FOREIGN KEY (despesa_id) REFERENCES public."Despesas_cadastrodespesa"(id) DEFERRABLE INITIALLY DEFERRED;


--
-- Name: Despesas_despesa Despesas_despesas_movimentacao_id_b66e6b2c_fk_Contas_mo; Type: FK CONSTRAINT; Schema: public; Owner: unicatech
--

ALTER TABLE ONLY public."Despesas_despesa"
    ADD CONSTRAINT "Despesas_despesas_movimentacao_id_b66e6b2c_fk_Contas_mo" FOREIGN KEY (movimentacao_id) REFERENCES public."Contas_movimentacaoconta"(id) DEFERRABLE INITIALLY DEFERRED;


--
-- Name: Produtos_produto Produtos_produto_categoria_id_3e08c4e8_fk_Produtos_; Type: FK CONSTRAINT; Schema: public; Owner: unicatech
--

ALTER TABLE ONLY public."Produtos_produto"
    ADD CONSTRAINT "Produtos_produto_categoria_id_3e08c4e8_fk_Produtos_" FOREIGN KEY (categoria_id) REFERENCES public."Produtos_categoriaproduto"(id) DEFERRABLE INITIALLY DEFERRED;


--
-- Name: Vendas_venda Vendas_venda_cliente_id_6d5152c0_fk_Vendas_cliente_id; Type: FK CONSTRAINT; Schema: public; Owner: unicatech
--

ALTER TABLE ONLY public."Vendas_venda"
    ADD CONSTRAINT "Vendas_venda_cliente_id_6d5152c0_fk_Vendas_cliente_id" FOREIGN KEY (cliente_id) REFERENCES public."Vendas_cliente"(id) DEFERRABLE INITIALLY DEFERRED;


--
-- Name: Vendas_venda Vendas_venda_produto_id_f6e1a6cb_fk_Produtos_produto_id; Type: FK CONSTRAINT; Schema: public; Owner: unicatech
--

ALTER TABLE ONLY public."Vendas_venda"
    ADD CONSTRAINT "Vendas_venda_produto_id_f6e1a6cb_fk_Produtos_produto_id" FOREIGN KEY (produto_id) REFERENCES public."Produtos_produto"(id) DEFERRABLE INITIALLY DEFERRED;


--
-- Name: auth_group_permissions auth_group_permissio_permission_id_84c5c92e_fk_auth_perm; Type: FK CONSTRAINT; Schema: public; Owner: unicatech
--

ALTER TABLE ONLY public.auth_group_permissions
    ADD CONSTRAINT auth_group_permissio_permission_id_84c5c92e_fk_auth_perm FOREIGN KEY (permission_id) REFERENCES public.auth_permission(id) DEFERRABLE INITIALLY DEFERRED;


--
-- Name: auth_group_permissions auth_group_permissions_group_id_b120cbf9_fk_auth_group_id; Type: FK CONSTRAINT; Schema: public; Owner: unicatech
--

ALTER TABLE ONLY public.auth_group_permissions
    ADD CONSTRAINT auth_group_permissions_group_id_b120cbf9_fk_auth_group_id FOREIGN KEY (group_id) REFERENCES public.auth_group(id) DEFERRABLE INITIALLY DEFERRED;


--
-- Name: auth_permission auth_permission_content_type_id_2f476e4b_fk_django_co; Type: FK CONSTRAINT; Schema: public; Owner: unicatech
--

ALTER TABLE ONLY public.auth_permission
    ADD CONSTRAINT auth_permission_content_type_id_2f476e4b_fk_django_co FOREIGN KEY (content_type_id) REFERENCES public.django_content_type(id) DEFERRABLE INITIALLY DEFERRED;


--
-- Name: auth_user_groups auth_user_groups_group_id_97559544_fk_auth_group_id; Type: FK CONSTRAINT; Schema: public; Owner: unicatech
--

ALTER TABLE ONLY public.auth_user_groups
    ADD CONSTRAINT auth_user_groups_group_id_97559544_fk_auth_group_id FOREIGN KEY (group_id) REFERENCES public.auth_group(id) DEFERRABLE INITIALLY DEFERRED;


--
-- Name: auth_user_groups auth_user_groups_user_id_6a12ed8b_fk_auth_user_id; Type: FK CONSTRAINT; Schema: public; Owner: unicatech
--

ALTER TABLE ONLY public.auth_user_groups
    ADD CONSTRAINT auth_user_groups_user_id_6a12ed8b_fk_auth_user_id FOREIGN KEY (user_id) REFERENCES public.auth_user(id) DEFERRABLE INITIALLY DEFERRED;


--
-- Name: auth_user_user_permissions auth_user_user_permi_permission_id_1fbb5f2c_fk_auth_perm; Type: FK CONSTRAINT; Schema: public; Owner: unicatech
--

ALTER TABLE ONLY public.auth_user_user_permissions
    ADD CONSTRAINT auth_user_user_permi_permission_id_1fbb5f2c_fk_auth_perm FOREIGN KEY (permission_id) REFERENCES public.auth_permission(id) DEFERRABLE INITIALLY DEFERRED;


--
-- Name: auth_user_user_permissions auth_user_user_permissions_user_id_a95ead1b_fk_auth_user_id; Type: FK CONSTRAINT; Schema: public; Owner: unicatech
--

ALTER TABLE ONLY public.auth_user_user_permissions
    ADD CONSTRAINT auth_user_user_permissions_user_id_a95ead1b_fk_auth_user_id FOREIGN KEY (user_id) REFERENCES public.auth_user(id) DEFERRABLE INITIALLY DEFERRED;


--
-- Name: django_admin_log django_admin_log_content_type_id_c4bce8eb_fk_django_co; Type: FK CONSTRAINT; Schema: public; Owner: unicatech
--

ALTER TABLE ONLY public.django_admin_log
    ADD CONSTRAINT django_admin_log_content_type_id_c4bce8eb_fk_django_co FOREIGN KEY (content_type_id) REFERENCES public.django_content_type(id) DEFERRABLE INITIALLY DEFERRED;


--
-- Name: django_admin_log django_admin_log_user_id_c564eba6_fk_auth_user_id; Type: FK CONSTRAINT; Schema: public; Owner: unicatech
--

ALTER TABLE ONLY public.django_admin_log
    ADD CONSTRAINT django_admin_log_user_id_c564eba6_fk_auth_user_id FOREIGN KEY (user_id) REFERENCES public.auth_user(id) DEFERRABLE INITIALLY DEFERRED;


--
-- PostgreSQL database dump complete
--

